Date,RIC,fields_requested,High,Low,Bid,Ask,Mid
2020-01-02,XAU=,"OPEN_PRC,HIGH_1,LOW_1,BID,ASK,TRDPRC_1,TRDVOL_1",1531.2,1516.995,1528.85,1529.04,1528.945
2020-01-03,XAU=,"OPEN_PRC,HIGH_1,LOW_1,BID,ASK,TRDPRC_1,TRDVOL_1",1553.2,1527.7,1551.4027,1551.9027,1551.6527
2020-01-06,XAU=,"OPEN_PRC,HIGH_1,LOW_1,BID,ASK,TRDPRC_1,TRDVOL_1",1582.59,1560.49,1565.8586,1566.0586,1565.9586
2020-01-07,XAU=,"OPEN_PRC,HIGH_1,LOW_1,BID,ASK,TRDPRC_1,TRDVOL_1",1577.2849,1555.0,1573.8876,1574.0876,1573.9876
2020-01-08,XAU=,"OPEN_PRC,HIGH_1,LOW_1,BID,ASK,TRDPRC_1,TRDVOL_1",1610.9,1551.87,1555.71,1555.91,1555.81
2020-01-09,XAU=,"OPEN_PRC,HIGH_1,LOW_1,BID,ASK,TRDPRC_1,TRDVOL_1",1561.23,1539.78,1552.2688,1552.4688,1552.3688000000002
2020-01-10,XAU=,"OPEN_PRC,HIGH_1,LOW_1,BID,ASK,TRDPRC_1,TRDVOL_1",1562.9351,1545.07,1562.033,1562.533,1562.283
2020-01-13,XAU=,"OPEN_PRC,HIGH_1,LOW_1,BID,ASK,TRDPRC_1,TRDVOL_1",1562.05,1546.27,1548.0518,1548.5518,1548.3018
2020-01-14,XAU=,"OPEN_PRC,HIGH_1,LOW_1,BID,ASK,TRDPRC_1,TRDVOL_1",1548.55,1535.63,1546.1237,1546.6237,1546.3737
2020-01-15,XAU=,"OPEN_PRC,HIGH_1,LOW_1,BID,ASK,TRDPRC_1,TRDVOL_1",1557.985,1545.76,1555.9351,1556.4351,1556.1851
2020-01-16,XAU=,"OPEN_PRC,HIGH_1,LOW_1,BID,ASK,TRDPRC_1,TRDVOL_1",1557.89,1547.6,1552.54,1553.04,1552.79
2020-01-17,XAU=,"OPEN_PRC,HIGH_1,LOW_1,BID,ASK,TRDPRC_1,TRDVOL_1",1560.9133,1548.87,1556.2247,1556.9948,1556.60975
2020-01-20,XAU=,"OPEN_PRC,HIGH_1,LOW_1,BID,ASK,TRDPRC_1,TRDVOL_1",1562.51,1556.05,1561.28,1561.88,1561.58
2020-01-21,XAU=,"OPEN_PRC,HIGH_1,LOW_1,BID,ASK,TRDPRC_1,TRDVOL_1",1568.351,1545.96,1557.73,1558.3199,1558.02495
2020-01-22,XAU=,"OPEN_PRC,HIGH_1,LOW_1,BID,ASK,TRDPRC_1,TRDVOL_1",1559.05,1549.51,1558.62,1559.21,1558.915
2020-01-23,XAU=,"OPEN_PRC,HIGH_1,LOW_1,BID,ASK,TRDPRC_1,TRDVOL_1",1567.6357,1550.99,1563.025,1563.625,1563.325
2020-01-24,XAU=,"OPEN_PRC,HIGH_1,LOW_1,BID,ASK,TRDPRC_1,TRDVOL_1",1575.47,1555.87,1570.365,1570.9449,1570.65495
2020-01-27,XAU=,"OPEN_PRC,HIGH_1,LOW_1,BID,ASK,TRDPRC_1,TRDVOL_1",1586.425,1575.3,1581.65,1582.24,1581.9450000000002
2020-01-28,XAU=,"OPEN_PRC,HIGH_1,LOW_1,BID,ASK,TRDPRC_1,TRDVOL_1",1582.7828,1565.26,1565.86,1566.63,1566.245
2020-01-29,XAU=,"OPEN_PRC,HIGH_1,LOW_1,BID,ASK,TRDPRC_1,TRDVOL_1",1577.5552,1562.7,1576.7175,1577.5175,1577.1174999999998
2020-01-30,XAU=,"OPEN_PRC,HIGH_1,LOW_1,BID,ASK,TRDPRC_1,TRDVOL_1",1585.67,1572.2,1573.92,1574.51,1574.2150000000001
2020-01-31,XAU=,"OPEN_PRC,HIGH_1,LOW_1,BID,ASK,TRDPRC_1,TRDVOL_1",1589.8149,1570.45,1589.8149,1590.585,1590.1999500000002
2020-02-03,XAU=,"OPEN_PRC,HIGH_1,LOW_1,BID,ASK,TRDPRC_1,TRDVOL_1",1591.46,1570.86,1576.05,1576.85,1576.4499999999998
2020-02-04,XAU=,"OPEN_PRC,HIGH_1,LOW_1,BID,ASK,TRDPRC_1,TRDVOL_1",1579.2449,1548.7,1552.26,1552.85,1552.5549999999998
2020-02-05,XAU=,"OPEN_PRC,HIGH_1,LOW_1,BID,ASK,TRDPRC_1,TRDVOL_1",1562.005,1546.9,1556.405,1557.005,1556.705
2020-02-06,XAU=,"OPEN_PRC,HIGH_1,LOW_1,BID,ASK,TRDPRC_1,TRDVOL_1",1568.01,1551.96,1566.5601,1567.13,1566.84505
2020-02-07,XAU=,"OPEN_PRC,HIGH_1,LOW_1,BID,ASK,TRDPRC_1,TRDVOL_1",1573.665,1562.0,1569.9058,1570.6658,1570.2858
2020-02-10,XAU=,"OPEN_PRC,HIGH_1,LOW_1,BID,ASK,TRDPRC_1,TRDVOL_1",1576.76,1567.61,1571.9,1572.7,1572.3000000000002
2020-02-11,XAU=,"OPEN_PRC,HIGH_1,LOW_1,BID,ASK,TRDPRC_1,TRDVOL_1",1573.665,1561.89,1567.42,1568.01,1567.7150000000001
2020-02-12,XAU=,"OPEN_PRC,HIGH_1,LOW_1,BID,ASK,TRDPRC_1,TRDVOL_1",1570.1783,1561.16,1565.3267,1565.9268,1565.62675
2020-02-13,XAU=,"OPEN_PRC,HIGH_1,LOW_1,BID,ASK,TRDPRC_1,TRDVOL_1",1577.8066,1565.135,1576.095,1576.6949,1576.3949499999999
2020-02-14,XAU=,"OPEN_PRC,HIGH_1,LOW_1,BID,ASK,TRDPRC_1,TRDVOL_1",1584.65,1572.76,1584.3199,1585.09,1584.7049499999998
2020-02-17,XAU=,"OPEN_PRC,HIGH_1,LOW_1,BID,ASK,TRDPRC_1,TRDVOL_1",1584.5601,1578.1,1580.8,1581.4,1581.1
2020-02-18,XAU=,"OPEN_PRC,HIGH_1,LOW_1,BID,ASK,TRDPRC_1,TRDVOL_1",1605.1,1582.71,1601.665,1602.165,1601.915
2020-02-19,XAU=,"OPEN_PRC,HIGH_1,LOW_1,BID,ASK,TRDPRC_1,TRDVOL_1",1612.62,1599.2,1611.3447,1611.9347,1611.6397000000002
2020-02-20,XAU=,"OPEN_PRC,HIGH_1,LOW_1,BID,ASK,TRDPRC_1,TRDVOL_1",1623.451,1603.6,1619.4056,1619.9856,1619.6956
2020-02-21,XAU=,"OPEN_PRC,HIGH_1,LOW_1,BID,ASK,TRDPRC_1,TRDVOL_1",1648.7545,1618.6,1643.316,1644.0861,1643.7010500000001
2020-02-24,XAU=,"OPEN_PRC,HIGH_1,LOW_1,BID,ASK,TRDPRC_1,TRDVOL_1",1688.662,1652.0,1660.4226,1661.0226,1660.7226
2020-02-25,XAU=,"OPEN_PRC,HIGH_1,LOW_1,BID,ASK,TRDPRC_1,TRDVOL_1",1660.5551,1628.715,1635.08,1635.67,1635.375
2020-02-26,XAU=,"OPEN_PRC,HIGH_1,LOW_1,BID,ASK,TRDPRC_1,TRDVOL_1",1654.68,1625.34,1639.5757,1640.3457,1639.9607
2020-02-27,XAU=,"OPEN_PRC,HIGH_1,LOW_1,BID,ASK,TRDPRC_1,TRDVOL_1",1660.041,1635.26,1641.95,1642.75,1642.35
2020-02-28,XAU=,"OPEN_PRC,HIGH_1,LOW_1,BID,ASK,TRDPRC_1,TRDVOL_1",1649.105,1565.475,1584.74,1585.51,1585.125
2020-03-02,XAU=,"OPEN_PRC,HIGH_1,LOW_1,BID,ASK,TRDPRC_1,TRDVOL_1",1610.49,1579.25,1590.4301,1591.02,1590.72505
2020-03-03,XAU=,"OPEN_PRC,HIGH_1,LOW_1,BID,ASK,TRDPRC_1,TRDVOL_1",1649.2,1587.49,1639.4686,1640.0686,1639.7685999999999
2020-03-04,XAU=,"OPEN_PRC,HIGH_1,LOW_1,BID,ASK,TRDPRC_1,TRDVOL_1",1651.3,1631.6,1635.4479,1636.2179,1635.8328999999999
2020-03-05,XAU=,"OPEN_PRC,HIGH_1,LOW_1,BID,ASK,TRDPRC_1,TRDVOL_1",1674.355,1634.6155,1670.3092,1670.9092,1670.6091999999999
2020-03-06,XAU=,"OPEN_PRC,HIGH_1,LOW_1,BID,ASK,TRDPRC_1,TRDVOL_1",1691.72,1647.6,1673.85,1674.62,1674.235
2020-03-09,XAU=,"OPEN_PRC,HIGH_1,LOW_1,BID,ASK,TRDPRC_1,TRDVOL_1",1702.5649,1657.36,1679.6,1680.8,1680.1999999999998
2020-03-10,XAU=,"OPEN_PRC,HIGH_1,LOW_1,BID,ASK,TRDPRC_1,TRDVOL_1",1680.06,1641.81,1649.0699,1649.66,1649.3649500000001
2020-03-11,XAU=,"OPEN_PRC,HIGH_1,LOW_1,BID,ASK,TRDPRC_1,TRDVOL_1",1670.4695,1632.4,1634.525,1635.525,1635.025
2020-03-12,XAU=,"OPEN_PRC,HIGH_1,LOW_1,BID,ASK,TRDPRC_1,TRDVOL_1",1649.8325,1560.66,1576.785,1577.385,1577.085
2020-03-13,XAU=,"OPEN_PRC,HIGH_1,LOW_1,BID,ASK,TRDPRC_1,TRDVOL_1",1597.335,1506.35,1529.3101,1530.08,1529.6950499999998
2020-03-16,XAU=,"OPEN_PRC,HIGH_1,LOW_1,BID,ASK,TRDPRC_1,TRDVOL_1",1572.79,1450.98,1513.91,1515.31,1514.6100000000001
2020-03-17,XAU=,"OPEN_PRC,HIGH_1,LOW_1,BID,ASK,TRDPRC_1,TRDVOL_1",1552.81,1465.3,1528.275,1528.875,1528.575
2020-03-18,XAU=,"OPEN_PRC,HIGH_1,LOW_1,BID,ASK,TRDPRC_1,TRDVOL_1",1545.7476,1472.3,1486.0,1486.6,1486.3
2020-03-19,XAU=,"OPEN_PRC,HIGH_1,LOW_1,BID,ASK,TRDPRC_1,TRDVOL_1",1500.4066,1463.55,1469.8,1472.2,1471.0
2020-03-20,XAU=,"OPEN_PRC,HIGH_1,LOW_1,BID,ASK,TRDPRC_1,TRDVOL_1",1515.8247,1459.89,1497.64,1498.85,1498.245
2020-03-23,XAU=,"OPEN_PRC,HIGH_1,LOW_1,BID,ASK,TRDPRC_1,TRDVOL_1",1561.01,1484.65,1553.0649,1554.5649,1553.8149
2020-03-24,XAU=,"OPEN_PRC,HIGH_1,LOW_1,BID,ASK,TRDPRC_1,TRDVOL_1",1632.35,1552.77,1610.025,1634.025,1622.025
2020-03-25,XAU=,"OPEN_PRC,HIGH_1,LOW_1,BID,ASK,TRDPRC_1,TRDVOL_1",1635.79,1583.6801,1613.2939,1614.296,1613.79495
2020-03-26,XAU=,"OPEN_PRC,HIGH_1,LOW_1,BID,ASK,TRDPRC_1,TRDVOL_1",1642.39,1592.4019,1628.974,1635.7959,1632.3849500000001
2020-03-27,XAU=,"OPEN_PRC,HIGH_1,LOW_1,BID,ASK,TRDPRC_1,TRDVOL_1",1634.7635,1608.75,1617.5,1629.5,1623.5
2020-03-30,XAU=,"OPEN_PRC,HIGH_1,LOW_1,BID,ASK,TRDPRC_1,TRDVOL_1",1634.2144,1606.2574,1621.9293,1624.6805,1623.3049
2020-03-31,XAU=,"OPEN_PRC,HIGH_1,LOW_1,BID,ASK,TRDPRC_1,TRDVOL_1",1623.2668,1561.99,1571.05,1571.5601,1571.30505
2020-04-01,XAU=,"OPEN_PRC,HIGH_1,LOW_1,BID,ASK,TRDPRC_1,TRDVOL_1",1599.66,1564.45,1590.59,1599.5,1595.045
2020-04-02,XAU=,"OPEN_PRC,HIGH_1,LOW_1,BID,ASK,TRDPRC_1,TRDVOL_1",1619.89,1575.05,1612.4102,1615.1797,1613.79495
2020-04-03,XAU=,"OPEN_PRC,HIGH_1,LOW_1,BID,ASK,TRDPRC_1,TRDVOL_1",1625.04,1605.0,1616.45,1620.45,1618.45
2020-04-06,XAU=,"OPEN_PRC,HIGH_1,LOW_1,BID,ASK,TRDPRC_1,TRDVOL_1",1668.46,1595.5,1661.7017,1664.3033,1663.0025
2020-04-07,XAU=,"OPEN_PRC,HIGH_1,LOW_1,BID,ASK,TRDPRC_1,TRDVOL_1",1671.4,1640.58,1648.4656,1649.4344,1648.95
2020-04-08,XAU=,"OPEN_PRC,HIGH_1,LOW_1,BID,ASK,TRDPRC_1,TRDVOL_1",1656.31,1640.4,1645.77,1647.27,1646.52
2020-04-09,XAU=,"OPEN_PRC,HIGH_1,LOW_1,BID,ASK,TRDPRC_1,TRDVOL_1",1690.0302,1642.0876,1683.8199,1684.33,1684.07495
2020-04-10,XAU=,"OPEN_PRC,HIGH_1,LOW_1,BID,ASK,TRDPRC_1,TRDVOL_1",1695.5,1674.0,1688.9,1690.9,1689.9
2020-04-13,XAU=,"OPEN_PRC,HIGH_1,LOW_1,BID,ASK,TRDPRC_1,TRDVOL_1",1722.1077,1672.69,1714.0699,1714.58,1714.32495
2020-04-14,XAU=,"OPEN_PRC,HIGH_1,LOW_1,BID,ASK,TRDPRC_1,TRDVOL_1",1746.5,1707.1,1727.7,1731.7,1729.7
2020-04-15,XAU=,"OPEN_PRC,HIGH_1,LOW_1,BID,ASK,TRDPRC_1,TRDVOL_1",1730.5363,1706.1,1715.7102,1717.4897,1716.59995
2020-04-16,XAU=,"OPEN_PRC,HIGH_1,LOW_1,BID,ASK,TRDPRC_1,TRDVOL_1",1738.0146,1706.2,1717.6824,1719.1274,1718.4049
2020-04-17,XAU=,"OPEN_PRC,HIGH_1,LOW_1,BID,ASK,TRDPRC_1,TRDVOL_1",1718.1924,1678.02,1684.1899,1685.1899,1684.6899
2020-04-20,XAU=,"OPEN_PRC,HIGH_1,LOW_1,BID,ASK,TRDPRC_1,TRDVOL_1",1701.825,1670.55,1692.9242,1695.3058,1694.115
2020-04-21,XAU=,"OPEN_PRC,HIGH_1,LOW_1,BID,ASK,TRDPRC_1,TRDVOL_1",1697.18,1659.6833,1685.7231,1688.3268,1687.02495
2020-04-22,XAU=,"OPEN_PRC,HIGH_1,LOW_1,BID,ASK,TRDPRC_1,TRDVOL_1",1718.29,1678.68,1713.451,1716.1989,1714.8249500000002
2020-04-23,XAU=,"OPEN_PRC,HIGH_1,LOW_1,BID,ASK,TRDPRC_1,TRDVOL_1",1738.58,1703.8,1731.33,1731.84,1731.585
2020-04-24,XAU=,"OPEN_PRC,HIGH_1,LOW_1,BID,ASK,TRDPRC_1,TRDVOL_1",1735.89,1708.63,1727.43,1731.43,1729.43
2020-04-27,XAU=,"OPEN_PRC,HIGH_1,LOW_1,BID,ASK,TRDPRC_1,TRDVOL_1",1726.4485,1704.45,1714.2019,1716.948,1715.5749500000002
2020-04-28,XAU=,"OPEN_PRC,HIGH_1,LOW_1,BID,ASK,TRDPRC_1,TRDVOL_1",1715.0601,1690.67,1707.5066,1709.7633,1708.6349500000001
2020-04-29,XAU=,"OPEN_PRC,HIGH_1,LOW_1,BID,ASK,TRDPRC_1,TRDVOL_1",1716.39,1696.59,1711.2502,1713.5197,1712.3849500000001
2020-04-30,XAU=,"OPEN_PRC,HIGH_1,LOW_1,BID,ASK,TRDPRC_1,TRDVOL_1",1721.1832,1679.2,1680.09,1690.0,1685.045
2020-05-01,XAU=,"OPEN_PRC,HIGH_1,LOW_1,BID,ASK,TRDPRC_1,TRDVOL_1",1704.9115,1668.53,1699.1212,1701.7087,1700.4149499999999
2020-05-04,XAU=,"OPEN_PRC,HIGH_1,LOW_1,BID,ASK,TRDPRC_1,TRDVOL_1",1711.74,1690.7,1701.4399,1701.95,1701.69495
2020-05-05,XAU=,"OPEN_PRC,HIGH_1,LOW_1,BID,ASK,TRDPRC_1,TRDVOL_1",1711.39,1689.92,1705.9637,1708.3862,1707.17495
2020-05-06,XAU=,"OPEN_PRC,HIGH_1,LOW_1,BID,ASK,TRDPRC_1,TRDVOL_1",1707.59,1681.08,1685.6268,1686.1431,1685.8849500000001
2020-05-07,XAU=,"OPEN_PRC,HIGH_1,LOW_1,BID,ASK,TRDPRC_1,TRDVOL_1",1721.76,1681.7,1717.6899,1718.2,1717.94495
2020-05-08,XAU=,"OPEN_PRC,HIGH_1,LOW_1,BID,ASK,TRDPRC_1,TRDVOL_1",1722.56,1699.61,1700.65,1704.65,1702.65
2020-05-11,XAU=,"OPEN_PRC,HIGH_1,LOW_1,BID,ASK,TRDPRC_1,TRDVOL_1",1712.3007,1690.19,1695.9811,1698.7288,1697.35495
2020-05-12,XAU=,"OPEN_PRC,HIGH_1,LOW_1,BID,ASK,TRDPRC_1,TRDVOL_1",1710.46,1691.7,1702.1411,1703.3088,1702.72495
2020-05-13,XAU=,"OPEN_PRC,HIGH_1,LOW_1,BID,ASK,TRDPRC_1,TRDVOL_1",1717.6215,1697.21,1715.2899,1716.7,1715.99495
2020-05-14,XAU=,"OPEN_PRC,HIGH_1,LOW_1,BID,ASK,TRDPRC_1,TRDVOL_1",1735.9554,1709.01,1729.2729,1732.037,1730.65495
2020-05-15,XAU=,"OPEN_PRC,HIGH_1,LOW_1,BID,ASK,TRDPRC_1,TRDVOL_1",1751.2509,1726.52,1741.0,1745.0,1743.0
2020-05-18,XAU=,"OPEN_PRC,HIGH_1,LOW_1,BID,ASK,TRDPRC_1,TRDVOL_1",1764.55,1726.0,1732.0699,1732.58,1732.32495
2020-05-19,XAU=,"OPEN_PRC,HIGH_1,LOW_1,BID,ASK,TRDPRC_1,TRDVOL_1",1747.46,1724.52,1743.8083,1746.4216,1745.11495
2020-05-20,XAU=,"OPEN_PRC,HIGH_1,LOW_1,BID,ASK,TRDPRC_1,TRDVOL_1",1753.5564,1740.39,1748.9836,1750.0262,1749.5049
2020-05-21,XAU=,"OPEN_PRC,HIGH_1,LOW_1,BID,ASK,TRDPRC_1,TRDVOL_1",1749.5114,1716.4374,1725.2075,1727.4625,1726.335
2020-05-22,XAU=,"OPEN_PRC,HIGH_1,LOW_1,BID,ASK,TRDPRC_1,TRDVOL_1",1739.51,1722.29,1734.07,1738.07,1736.07
2020-05-25,XAU=,"OPEN_PRC,HIGH_1,LOW_1,BID,ASK,TRDPRC_1,TRDVOL_1",1735.1949,1720.09,1729.1925,1729.9475,1729.5700000000002
2020-05-26,XAU=,"OPEN_PRC,HIGH_1,LOW_1,BID,ASK,TRDPRC_1,TRDVOL_1",1735.0864,1707.1,1711.2485,1713.6615,1712.455
2020-05-27,XAU=,"OPEN_PRC,HIGH_1,LOW_1,BID,ASK,TRDPRC_1,TRDVOL_1",1715.3907,1693.2231,1708.8744,1709.6355,1709.25495
2020-05-28,XAU=,"OPEN_PRC,HIGH_1,LOW_1,BID,ASK,TRDPRC_1,TRDVOL_1",1726.79,1706.29,1718.504,1720.3059,1719.40495
2020-05-29,XAU=,"OPEN_PRC,HIGH_1,LOW_1,BID,ASK,TRDPRC_1,TRDVOL_1",1736.9893,1711.788,1726.3,1730.3,1728.3
2020-06-01,XAU=,"OPEN_PRC,HIGH_1,LOW_1,BID,ASK,TRDPRC_1,TRDVOL_1",1744.19,1726.7,1740.0031,1740.6669,1740.335
2020-06-02,XAU=,"OPEN_PRC,HIGH_1,LOW_1,BID,ASK,TRDPRC_1,TRDVOL_1",1744.621,1720.6072,1727.0498,1728.8802,1727.9650000000001
2020-06-03,XAU=,"OPEN_PRC,HIGH_1,LOW_1,BID,ASK,TRDPRC_1,TRDVOL_1",1731.8,1688.89,1697.51,1699.7599,1698.6349500000001
2020-06-04,XAU=,"OPEN_PRC,HIGH_1,LOW_1,BID,ASK,TRDPRC_1,TRDVOL_1",1721.0028,1696.18,1710.6176,1713.0524,1711.835
2020-06-05,XAU=,"OPEN_PRC,HIGH_1,LOW_1,BID,ASK,TRDPRC_1,TRDVOL_1",1715.79,1670.1447,1685.23,1686.4399,1685.83495
2020-06-08,XAU=,"OPEN_PRC,HIGH_1,LOW_1,BID,ASK,TRDPRC_1,TRDVOL_1",1700.3958,1676.74,1694.6018,1696.3481,1695.4749499999998
2020-06-09,XAU=,"OPEN_PRC,HIGH_1,LOW_1,BID,ASK,TRDPRC_1,TRDVOL_1",1720.4993,1691.6664,1714.3199,1714.83,1714.57495
2020-06-10,XAU=,"OPEN_PRC,HIGH_1,LOW_1,BID,ASK,TRDPRC_1,TRDVOL_1",1739.4207,1707.9585,1736.2377,1737.9722,1737.10495
2020-06-11,XAU=,"OPEN_PRC,HIGH_1,LOW_1,BID,ASK,TRDPRC_1,TRDVOL_1",1744.36,1720.9771,1727.1537,1727.8762,1727.51495
2020-06-12,XAU=,"OPEN_PRC,HIGH_1,LOW_1,BID,ASK,TRDPRC_1,TRDVOL_1",1742.56,1722.0944,1729.7666,1731.8234,1730.795
2020-06-15,XAU=,"OPEN_PRC,HIGH_1,LOW_1,BID,ASK,TRDPRC_1,TRDVOL_1",1733.8508,1703.8295,1724.6075,1726.4624,1725.53495
2020-06-16,XAU=,"OPEN_PRC,HIGH_1,LOW_1,BID,ASK,TRDPRC_1,TRDVOL_1",1732.56,1715.43,1726.9637,1727.9662,1727.46495
2020-06-17,XAU=,"OPEN_PRC,HIGH_1,LOW_1,BID,ASK,TRDPRC_1,TRDVOL_1",1729.8732,1712.62,1726.29,1727.79,1727.04
2020-06-18,XAU=,"OPEN_PRC,HIGH_1,LOW_1,BID,ASK,TRDPRC_1,TRDVOL_1",1736.49,1716.9008,1722.618,1723.3719,1722.99495
2020-06-19,XAU=,"OPEN_PRC,HIGH_1,LOW_1,BID,ASK,TRDPRC_1,TRDVOL_1",1744.9141,1720.5861,1742.8442,1744.3859,1743.6150499999999
2020-06-22,XAU=,"OPEN_PRC,HIGH_1,LOW_1,BID,ASK,TRDPRC_1,TRDVOL_1",1762.8431,1742.8,1754.4644,1756.4255,1755.44495
2020-06-23,XAU=,"OPEN_PRC,HIGH_1,LOW_1,BID,ASK,TRDPRC_1,TRDVOL_1",1770.66,1746.8668,1766.5139,1768.576,1767.54495
2020-06-24,XAU=,"OPEN_PRC,HIGH_1,LOW_1,BID,ASK,TRDPRC_1,TRDVOL_1",1779.06,1760.09,1761.4308,1763.4391,1762.43495
2020-06-25,XAU=,"OPEN_PRC,HIGH_1,LOW_1,BID,ASK,TRDPRC_1,TRDVOL_1",1768.5129,1754.9028,1761.4869,1762.1431,1761.815
2020-06-26,XAU=,"OPEN_PRC,HIGH_1,LOW_1,BID,ASK,TRDPRC_1,TRDVOL_1",1771.51,1747.1891,1770.6208,1772.3291,1771.4749499999998
2020-06-29,XAU=,"OPEN_PRC,HIGH_1,LOW_1,BID,ASK,TRDPRC_1,TRDVOL_1",1775.075,1765.29,1771.4926,1773.0575,1772.27505
2020-06-30,XAU=,"OPEN_PRC,HIGH_1,LOW_1,BID,ASK,TRDPRC_1,TRDVOL_1",1785.46,1764.7687,1780.665,1782.665,1781.665
2020-07-01,XAU=,"OPEN_PRC,HIGH_1,LOW_1,BID,ASK,TRDPRC_1,TRDVOL_1",1788.96,1758.7089,1770.005,1770.625,1770.315
2020-07-02,XAU=,"OPEN_PRC,HIGH_1,LOW_1,BID,ASK,TRDPRC_1,TRDVOL_1",1779.21,1756.8472,1775.135,1777.135,1776.135
2020-07-03,XAU=,"OPEN_PRC,HIGH_1,LOW_1,BID,ASK,TRDPRC_1,TRDVOL_1",1776.75,1771.77,1774.7869,1775.3031,1775.045
2020-07-06,XAU=,"OPEN_PRC,HIGH_1,LOW_1,BID,ASK,TRDPRC_1,TRDVOL_1",1786.6442,1769.7625,1783.5635,1784.2266,1783.89505
2020-07-07,XAU=,"OPEN_PRC,HIGH_1,LOW_1,BID,ASK,TRDPRC_1,TRDVOL_1",1796.9307,1773.37,1794.26,1796.26,1795.26
2020-07-08,XAU=,"OPEN_PRC,HIGH_1,LOW_1,BID,ASK,TRDPRC_1,TRDVOL_1",1817.71,1791.16,1810.1248,1811.4451,1810.78495
2020-07-09,XAU=,"OPEN_PRC,HIGH_1,LOW_1,BID,ASK,TRDPRC_1,TRDVOL_1",1815.61,1795.3834,1802.8186,1803.5713,1803.19495
2020-07-10,XAU=,"OPEN_PRC,HIGH_1,LOW_1,BID,ASK,TRDPRC_1,TRDVOL_1",1810.36,1793.89,1798.3121,1799.4779,1798.895
2020-07-13,XAU=,"OPEN_PRC,HIGH_1,LOW_1,BID,ASK,TRDPRC_1,TRDVOL_1",1812.9657,1797.25,1802.7087,1804.0811,1803.3949
2020-07-14,XAU=,"OPEN_PRC,HIGH_1,LOW_1,BID,ASK,TRDPRC_1,TRDVOL_1",1810.6879,1790.7693,1807.53,1808.04,1807.7849999999999
2020-07-15,XAU=,"OPEN_PRC,HIGH_1,LOW_1,BID,ASK,TRDPRC_1,TRDVOL_1",1814.4041,1802.308,1811.3073,1812.5026,1811.90495
2020-07-16,XAU=,"OPEN_PRC,HIGH_1,LOW_1,BID,ASK,TRDPRC_1,TRDVOL_1",1812.99,1794.679,1796.6324,1797.4775,1797.05495
2020-07-17,XAU=,"OPEN_PRC,HIGH_1,LOW_1,BID,ASK,TRDPRC_1,TRDVOL_1",1811.5898,1794.11,1808.9,1810.9,1809.9
2020-07-20,XAU=,"OPEN_PRC,HIGH_1,LOW_1,BID,ASK,TRDPRC_1,TRDVOL_1",1820.06,1805.0,1815.3971,1816.7928,1816.09495
2020-07-21,XAU=,"OPEN_PRC,HIGH_1,LOW_1,BID,ASK,TRDPRC_1,TRDVOL_1",1843.1115,1814.8,1841.5784,1842.8517,1842.21505
2020-07-22,XAU=,"OPEN_PRC,HIGH_1,LOW_1,BID,ASK,TRDPRC_1,TRDVOL_1",1872.0864,1839.93,1871.7535,1872.3964,1872.0749500000002
2020-07-23,XAU=,"OPEN_PRC,HIGH_1,LOW_1,BID,ASK,TRDPRC_1,TRDVOL_1",1897.91,1861.8,1886.8636,1888.0262,1887.4449
2020-07-24,XAU=,"OPEN_PRC,HIGH_1,LOW_1,BID,ASK,TRDPRC_1,TRDVOL_1",1905.9932,1881.0992,1900.975,1901.9351,1901.45505
2020-07-27,XAU=,"OPEN_PRC,HIGH_1,LOW_1,BID,ASK,TRDPRC_1,TRDVOL_1",1945.1624,1898.745,1941.8771,1942.9728,1942.42495
2020-07-28,XAU=,"OPEN_PRC,HIGH_1,LOW_1,BID,ASK,TRDPRC_1,TRDVOL_1",1980.5662,1907.1108,1958.9288,1960.0811,1959.50495
2020-07-29,XAU=,"OPEN_PRC,HIGH_1,LOW_1,BID,ASK,TRDPRC_1,TRDVOL_1",1980.31,1944.5961,1970.3718,1971.0981,1970.73495
2020-07-30,XAU=,"OPEN_PRC,HIGH_1,LOW_1,BID,ASK,TRDPRC_1,TRDVOL_1",1971.2451,1939.17,1959.5,1961.5,1960.5
2020-07-31,XAU=,"OPEN_PRC,HIGH_1,LOW_1,BID,ASK,TRDPRC_1,TRDVOL_1",1979.9042,1954.79,1974.69,1977.1,1975.895
2020-08-03,XAU=,"OPEN_PRC,HIGH_1,LOW_1,BID,ASK,TRDPRC_1,TRDVOL_1",1984.6587,1959.5897,1976.6975,1977.8124,1977.25495
2020-08-04,XAU=,"OPEN_PRC,HIGH_1,LOW_1,BID,ASK,TRDPRC_1,TRDVOL_1",2019.5062,1967.9252,2018.0686,2018.9813,2018.52495
2020-08-05,XAU=,"OPEN_PRC,HIGH_1,LOW_1,BID,ASK,TRDPRC_1,TRDVOL_1",2055.1006,2009.3276,2039.4,2041.4,2040.4
2020-08-06,XAU=,"OPEN_PRC,HIGH_1,LOW_1,BID,ASK,TRDPRC_1,TRDVOL_1",2069.21,2034.2,2063.1875,2064.4424,2063.81495
2020-08-07,XAU=,"OPEN_PRC,HIGH_1,LOW_1,BID,ASK,TRDPRC_1,TRDVOL_1",2072.4951,2015.0793,2034.6244,2035.4257,2035.02505
2020-08-10,XAU=,"OPEN_PRC,HIGH_1,LOW_1,BID,ASK,TRDPRC_1,TRDVOL_1",2049.5825,2018.9043,2027.2568,2028.2931,2027.77495
2020-08-11,XAU=,"OPEN_PRC,HIGH_1,LOW_1,BID,ASK,TRDPRC_1,TRDVOL_1",2031.19,1901.1755,1911.2482,1912.0417,1911.6449499999999
2020-08-12,XAU=,"OPEN_PRC,HIGH_1,LOW_1,BID,ASK,TRDPRC_1,TRDVOL_1",1949.0002,1863.6693,1917.8199,1918.33,1918.07495
2020-08-13,XAU=,"OPEN_PRC,HIGH_1,LOW_1,BID,ASK,TRDPRC_1,TRDVOL_1",1965.86,1912.444,1953.0334,1954.9764,1954.0049
2020-08-14,XAU=,"OPEN_PRC,HIGH_1,LOW_1,BID,ASK,TRDPRC_1,TRDVOL_1",1962.09,1931.9216,1943.7562,1944.8237,1944.2899499999999
2020-08-17,XAU=,"OPEN_PRC,HIGH_1,LOW_1,BID,ASK,TRDPRC_1,TRDVOL_1",1990.2377,1929.0674,1985.5291,1986.8809,1986.205
2020-08-18,XAU=,"OPEN_PRC,HIGH_1,LOW_1,BID,ASK,TRDPRC_1,TRDVOL_1",2014.9738,1977.302,2000.95,2001.46,2001.205
2020-08-19,XAU=,"OPEN_PRC,HIGH_1,LOW_1,BID,ASK,TRDPRC_1,TRDVOL_1",2006.223,1924.3468,1929.54,1930.1099,1929.82495
2020-08-20,XAU=,"OPEN_PRC,HIGH_1,LOW_1,BID,ASK,TRDPRC_1,TRDVOL_1",1954.99,1924.4692,1942.6,1944.6,1943.6
2020-08-21,XAU=,"OPEN_PRC,HIGH_1,LOW_1,BID,ASK,TRDPRC_1,TRDVOL_1",1955.61,1910.9995,1939.4042,1940.9257,1940.1649499999999
2020-08-24,XAU=,"OPEN_PRC,HIGH_1,LOW_1,BID,ASK,TRDPRC_1,TRDVOL_1",1961.4042,1923.646,1932.4495,1933.7206,1933.0850500000001
2020-08-25,XAU=,"OPEN_PRC,HIGH_1,LOW_1,BID,ASK,TRDPRC_1,TRDVOL_1",1937.29,1914.0555,1927.9399,1928.45,1928.19495
2020-08-26,XAU=,"OPEN_PRC,HIGH_1,LOW_1,BID,ASK,TRDPRC_1,TRDVOL_1",1954.5646,1902.2238,1953.453,1954.6169,1954.03495
2020-08-27,XAU=,"OPEN_PRC,HIGH_1,LOW_1,BID,ASK,TRDPRC_1,TRDVOL_1",1976.0254,1909.6674,1928.9099,1929.5,1929.20495
2020-08-28,XAU=,"OPEN_PRC,HIGH_1,LOW_1,BID,ASK,TRDPRC_1,TRDVOL_1",1973.41,1923.3026,1964.4921,1965.2979,1964.895
2020-08-31,XAU=,"OPEN_PRC,HIGH_1,LOW_1,BID,ASK,TRDPRC_1,TRDVOL_1",1976.135,1954.1489,1969.75,1970.55,1970.15
2020-09-01,XAU=,"OPEN_PRC,HIGH_1,LOW_1,BID,ASK,TRDPRC_1,TRDVOL_1",1991.91,1962.8665,1970.1415,1970.8484,1970.49495
2020-09-02,XAU=,"OPEN_PRC,HIGH_1,LOW_1,BID,ASK,TRDPRC_1,TRDVOL_1",1974.05,1932.3865,1942.6206,1943.3492,1942.9849
2020-09-03,XAU=,"OPEN_PRC,HIGH_1,LOW_1,BID,ASK,TRDPRC_1,TRDVOL_1",1950.81,1921.61,1930.5197,1931.1902,1930.85495
2020-09-04,XAU=,"OPEN_PRC,HIGH_1,LOW_1,BID,ASK,TRDPRC_1,TRDVOL_1",1941.85,1916.2391,1932.45,1933.25,1932.85
2020-09-07,XAU=,"OPEN_PRC,HIGH_1,LOW_1,BID,ASK,TRDPRC_1,TRDVOL_1",1941.0938,1924.0682,1928.8224,1929.5376,1929.18
2020-09-08,XAU=,"OPEN_PRC,HIGH_1,LOW_1,BID,ASK,TRDPRC_1,TRDVOL_1",1940.467,1906.2352,1930.9283,1931.6014,1931.26485
2020-09-09,XAU=,"OPEN_PRC,HIGH_1,LOW_1,BID,ASK,TRDPRC_1,TRDVOL_1",1950.5118,1919.7631,1946.6556,1947.4543,1947.0549500000002
2020-09-10,XAU=,"OPEN_PRC,HIGH_1,LOW_1,BID,ASK,TRDPRC_1,TRDVOL_1",1965.9377,1940.9353,1954.0699,1955.02,1954.54495
2020-09-11,XAU=,"OPEN_PRC,HIGH_1,LOW_1,BID,ASK,TRDPRC_1,TRDVOL_1",1957.1084,1937.07,1941.5,1943.5,1942.5
2020-09-14,XAU=,"OPEN_PRC,HIGH_1,LOW_1,BID,ASK,TRDPRC_1,TRDVOL_1",1962.1129,1936.79,1956.3691,1957.1808,1956.77495
2020-09-15,XAU=,"OPEN_PRC,HIGH_1,LOW_1,BID,ASK,TRDPRC_1,TRDVOL_1",1971.71,1948.1357,1955.5201,1956.83,1956.1750499999998
2020-09-16,XAU=,"OPEN_PRC,HIGH_1,LOW_1,BID,ASK,TRDPRC_1,TRDVOL_1",1973.16,1949.51,1959.3182,1960.7118,1960.0149999999999
2020-09-17,XAU=,"OPEN_PRC,HIGH_1,LOW_1,BID,ASK,TRDPRC_1,TRDVOL_1",1962.48,1932.36,1942.6,1944.6,1943.6
2020-09-18,XAU=,"OPEN_PRC,HIGH_1,LOW_1,BID,ASK,TRDPRC_1,TRDVOL_1",1959.76,1940.79,1949.6927,1950.8123,1950.2525
2020-09-21,XAU=,"OPEN_PRC,HIGH_1,LOW_1,BID,ASK,TRDPRC_1,TRDVOL_1",1955.34,1882.6971,1912.5699,1913.08,1912.82495
2020-09-22,XAU=,"OPEN_PRC,HIGH_1,LOW_1,BID,ASK,TRDPRC_1,TRDVOL_1",1919.6127,1894.5175,1899.2814,1900.0085,1899.6449499999999
2020-09-23,XAU=,"OPEN_PRC,HIGH_1,LOW_1,BID,ASK,TRDPRC_1,TRDVOL_1",1905.16,1855.0004,1863.5499,1864.26,1863.90495
2020-09-24,XAU=,"OPEN_PRC,HIGH_1,LOW_1,BID,ASK,TRDPRC_1,TRDVOL_1",1876.81,1847.57,1868.036,1868.8939,1868.46495
2020-09-25,XAU=,"OPEN_PRC,HIGH_1,LOW_1,BID,ASK,TRDPRC_1,TRDVOL_1",1874.81,1852.21,1860.05,1862.05,1861.05
2020-09-28,XAU=,"OPEN_PRC,HIGH_1,LOW_1,BID,ASK,TRDPRC_1,TRDVOL_1",1882.7217,1848.81,1880.8511,1881.5588,1881.20495
2020-09-29,XAU=,"OPEN_PRC,HIGH_1,LOW_1,BID,ASK,TRDPRC_1,TRDVOL_1",1898.6364,1875.08,1897.6899,1898.2,1897.94495
2020-09-30,XAU=,"OPEN_PRC,HIGH_1,LOW_1,BID,ASK,TRDPRC_1,TRDVOL_1",1901.96,1880.59,1885.4399,1886.0699,1885.7549
2020-10-01,XAU=,"OPEN_PRC,HIGH_1,LOW_1,BID,ASK,TRDPRC_1,TRDVOL_1",1911.66,1883.89,1905.0491,1905.7408,1905.3949499999999
2020-10-02,XAU=,"OPEN_PRC,HIGH_1,LOW_1,BID,ASK,TRDPRC_1,TRDVOL_1",1916.76,1888.79,1898.7,1900.7,1899.7
2020-10-05,XAU=,"OPEN_PRC,HIGH_1,LOW_1,BID,ASK,TRDPRC_1,TRDVOL_1",1918.36,1886.2,1912.8979,1913.652,1913.27495
2020-10-06,XAU=,"OPEN_PRC,HIGH_1,LOW_1,BID,ASK,TRDPRC_1,TRDVOL_1",1920.71,1874.05,1877.1262,1877.9637,1877.54495
2020-10-07,XAU=,"OPEN_PRC,HIGH_1,LOW_1,BID,ASK,TRDPRC_1,TRDVOL_1",1897.61,1872.66,1887.2233,1887.8066,1887.51495
2020-10-08,XAU=,"OPEN_PRC,HIGH_1,LOW_1,BID,ASK,TRDPRC_1,TRDVOL_1",1900.26,1881.3,1893.0909,1893.699,1893.3949499999999
2020-10-09,XAU=,"OPEN_PRC,HIGH_1,LOW_1,BID,ASK,TRDPRC_1,TRDVOL_1",1930.16,1892.52,1929.43,1931.43,1930.43
2020-10-12,XAU=,"OPEN_PRC,HIGH_1,LOW_1,BID,ASK,TRDPRC_1,TRDVOL_1",1932.96,1917.6,1921.9496,1922.8405,1922.39505
2020-10-13,XAU=,"OPEN_PRC,HIGH_1,LOW_1,BID,ASK,TRDPRC_1,TRDVOL_1",1925.1039,1886.21,1890.818,1891.4919,1891.15495
2020-10-14,XAU=,"OPEN_PRC,HIGH_1,LOW_1,BID,ASK,TRDPRC_1,TRDVOL_1",1912.51,1882.0,1900.887,1901.6429,1901.26495
2020-10-15,XAU=,"OPEN_PRC,HIGH_1,LOW_1,BID,ASK,TRDPRC_1,TRDVOL_1",1908.5811,1888.85,1907.824,1908.3859,1908.10495
2020-10-16,XAU=,"OPEN_PRC,HIGH_1,LOW_1,BID,ASK,TRDPRC_1,TRDVOL_1",1913.61,1896.9,1898.97,1899.48,1899.225
2020-10-19,XAU=,"OPEN_PRC,HIGH_1,LOW_1,BID,ASK,TRDPRC_1,TRDVOL_1",1918.21,1896.71,1904.2697,1905.0002,1904.6349500000001
2020-10-20,XAU=,"OPEN_PRC,HIGH_1,LOW_1,BID,ASK,TRDPRC_1,TRDVOL_1",1913.85,1894.36,1906.3853,1907.1246,1906.75495
2020-10-21,XAU=,"OPEN_PRC,HIGH_1,LOW_1,BID,ASK,TRDPRC_1,TRDVOL_1",1931.0143,1906.89,1924.4941,1925.1957,1924.8449
2020-10-22,XAU=,"OPEN_PRC,HIGH_1,LOW_1,BID,ASK,TRDPRC_1,TRDVOL_1",1925.6436,1894.41,1904.042,1904.7479,1904.3949499999999
2020-10-23,XAU=,"OPEN_PRC,HIGH_1,LOW_1,BID,ASK,TRDPRC_1,TRDVOL_1",1913.91,1894.15,1900.7946,1902.9155,1901.8550500000001
2020-10-26,XAU=,"OPEN_PRC,HIGH_1,LOW_1,BID,ASK,TRDPRC_1,TRDVOL_1",1908.16,1890.19,1901.6938,1902.276,1901.9849
2020-10-27,XAU=,"OPEN_PRC,HIGH_1,LOW_1,BID,ASK,TRDPRC_1,TRDVOL_1",1910.96,1896.63,1906.83,1907.83,1907.33
2020-10-28,XAU=,"OPEN_PRC,HIGH_1,LOW_1,BID,ASK,TRDPRC_1,TRDVOL_1",1910.5,1869.21,1877.0619,1877.748,1877.40495
2020-10-29,XAU=,"OPEN_PRC,HIGH_1,LOW_1,BID,ASK,TRDPRC_1,TRDVOL_1",1884.79,1858.92,1867.1346,1867.8752,1867.5049
2020-10-30,XAU=,"OPEN_PRC,HIGH_1,LOW_1,BID,ASK,TRDPRC_1,TRDVOL_1",1889.41,1864.09,1877.95,1879.95,1878.95
2020-11-02,XAU=,"OPEN_PRC,HIGH_1,LOW_1,BID,ASK,TRDPRC_1,TRDVOL_1",1895.6537,1872.65,1895.0955,1895.8029,1895.4492
2020-11-03,XAU=,"OPEN_PRC,HIGH_1,LOW_1,BID,ASK,TRDPRC_1,TRDVOL_1",1910.21,1886.22,1908.36,1909.13,1908.745
2020-11-04,XAU=,"OPEN_PRC,HIGH_1,LOW_1,BID,ASK,TRDPRC_1,TRDVOL_1",1916.06,1882.79,1903.21,1903.98,1903.595
2020-11-05,XAU=,"OPEN_PRC,HIGH_1,LOW_1,BID,ASK,TRDPRC_1,TRDVOL_1",1952.41,1901.99,1948.56,1949.33,1948.945
2020-11-06,XAU=,"OPEN_PRC,HIGH_1,LOW_1,BID,ASK,TRDPRC_1,TRDVOL_1",1960.13,1934.8,1951.51,1952.28,1951.895
2020-11-09,XAU=,"OPEN_PRC,HIGH_1,LOW_1,BID,ASK,TRDPRC_1,TRDVOL_1",1965.33,1849.9335,1861.86,1862.63,1862.245
2020-11-10,XAU=,"OPEN_PRC,HIGH_1,LOW_1,BID,ASK,TRDPRC_1,TRDVOL_1",1890.16,1859.79,1876.5,1878.5,1877.5
2020-11-11,XAU=,"OPEN_PRC,HIGH_1,LOW_1,BID,ASK,TRDPRC_1,TRDVOL_1",1884.15,1855.3,1864.71,1865.48,1865.095
2020-11-12,XAU=,"OPEN_PRC,HIGH_1,LOW_1,BID,ASK,TRDPRC_1,TRDVOL_1",1883.36,1861.8,1875.7566,1876.816,1876.2863
2020-11-13,XAU=,"OPEN_PRC,HIGH_1,LOW_1,BID,ASK,TRDPRC_1,TRDVOL_1",1896.41,1872.99,1888.0398,1889.1337,1888.58675
2020-11-16,XAU=,"OPEN_PRC,HIGH_1,LOW_1,BID,ASK,TRDPRC_1,TRDVOL_1",1898.81,1864.09,1888.5177,1889.7026,1889.11015
2020-11-17,XAU=,"OPEN_PRC,HIGH_1,LOW_1,BID,ASK,TRDPRC_1,TRDVOL_1",1893.1,1876.9,1878.6031,1879.7775,1879.1903
2020-11-18,XAU=,"OPEN_PRC,HIGH_1,LOW_1,BID,ASK,TRDPRC_1,TRDVOL_1",1884.4941,1863.56,1871.41,1872.18,1871.795
2020-11-19,XAU=,"OPEN_PRC,HIGH_1,LOW_1,BID,ASK,TRDPRC_1,TRDVOL_1",1873.6782,1851.83,1867.3678,1868.1122,1867.74
2020-11-20,XAU=,"OPEN_PRC,HIGH_1,LOW_1,BID,ASK,TRDPRC_1,TRDVOL_1",1879.55,1860.05,1870.4858,1871.5458,1871.0158000000001
2020-11-23,XAU=,"OPEN_PRC,HIGH_1,LOW_1,BID,ASK,TRDPRC_1,TRDVOL_1",1875.95,1830.19,1835.85,1837.85,1836.85
2020-11-24,XAU=,"OPEN_PRC,HIGH_1,LOW_1,BID,ASK,TRDPRC_1,TRDVOL_1",1838.5258,1800.01,1807.51,1808.28,1807.895
2020-11-25,XAU=,"OPEN_PRC,HIGH_1,LOW_1,BID,ASK,TRDPRC_1,TRDVOL_1",1817.36,1800.7,1805.2983,1806.0007,1805.6495
2020-11-26,XAU=,"OPEN_PRC,HIGH_1,LOW_1,BID,ASK,TRDPRC_1,TRDVOL_1",1817.96,1804.5,1810.5699,1811.5699,1811.0699
2020-11-27,XAU=,"OPEN_PRC,HIGH_1,LOW_1,BID,ASK,TRDPRC_1,TRDVOL_1",1813.5,1773.1,1788.1288,1789.9712,1789.05
2020-11-30,XAU=,"OPEN_PRC,HIGH_1,LOW_1,BID,ASK,TRDPRC_1,TRDVOL_1",1789.6377,1764.29,1777.019,1777.7416,1777.3803
2020-12-01,XAU=,"OPEN_PRC,HIGH_1,LOW_1,BID,ASK,TRDPRC_1,TRDVOL_1",1817.2,1774.85,1814.8685,1815.8754,1815.37195
2020-12-02,XAU=,"OPEN_PRC,HIGH_1,LOW_1,BID,ASK,TRDPRC_1,TRDVOL_1",1832.2,1806.16,1831.01,1831.78,1831.395
2020-12-03,XAU=,"OPEN_PRC,HIGH_1,LOW_1,BID,ASK,TRDPRC_1,TRDVOL_1",1843.8,1823.0,1840.36,1841.13,1840.745
2020-12-04,XAU=,"OPEN_PRC,HIGH_1,LOW_1,BID,ASK,TRDPRC_1,TRDVOL_1",1847.76,1828.91,1837.61,1838.38,1837.995
2020-12-07,XAU=,"OPEN_PRC,HIGH_1,LOW_1,BID,ASK,TRDPRC_1,TRDVOL_1",1868.25,1822.49,1863.69,1864.5,1864.095
2020-12-08,XAU=,"OPEN_PRC,HIGH_1,LOW_1,BID,ASK,TRDPRC_1,TRDVOL_1",1875.07,1859.0,1871.36,1872.13,1871.745
2020-12-09,XAU=,"OPEN_PRC,HIGH_1,LOW_1,BID,ASK,TRDPRC_1,TRDVOL_1",1870.86,1825.0068,1839.11,1839.88,1839.495
2020-12-10,XAU=,"OPEN_PRC,HIGH_1,LOW_1,BID,ASK,TRDPRC_1,TRDVOL_1",1849.7,1827.9,1835.31,1836.08,1835.695
2020-12-11,XAU=,"OPEN_PRC,HIGH_1,LOW_1,BID,ASK,TRDPRC_1,TRDVOL_1",1847.5,1823.79,1839.0272,1840.0914,1839.5593
2020-12-14,XAU=,"OPEN_PRC,HIGH_1,LOW_1,BID,ASK,TRDPRC_1,TRDVOL_1",1839.4121,1819.35,1827.1699,1827.91,1827.53995
2020-12-15,XAU=,"OPEN_PRC,HIGH_1,LOW_1,BID,ASK,TRDPRC_1,TRDVOL_1",1855.01,1824.6,1853.46,1854.23,1853.845
2020-12-16,XAU=,"OPEN_PRC,HIGH_1,LOW_1,BID,ASK,TRDPRC_1,TRDVOL_1",1865.5,1844.31,1864.1456,1864.8218,1864.4837
2020-12-17,XAU=,"OPEN_PRC,HIGH_1,LOW_1,BID,ASK,TRDPRC_1,TRDVOL_1",1895.81,1861.2,1885.8693,1886.9608,1886.41505
2020-12-18,XAU=,"OPEN_PRC,HIGH_1,LOW_1,BID,ASK,TRDPRC_1,TRDVOL_1",1889.5,1876.39,1880.66,1881.43,1881.045
2020-12-21,XAU=,"OPEN_PRC,HIGH_1,LOW_1,BID,ASK,TRDPRC_1,TRDVOL_1",1906.46,1856.29,1876.21,1877.2939,1876.7519499999999
2020-12-22,XAU=,"OPEN_PRC,HIGH_1,LOW_1,BID,ASK,TRDPRC_1,TRDVOL_1",1883.98,1858.1,1859.56,1860.33,1859.945
2020-12-23,XAU=,"OPEN_PRC,HIGH_1,LOW_1,BID,ASK,TRDPRC_1,TRDVOL_1",1878.21,1857.9,1872.0759,1873.1534,1872.61465
2020-12-24,XAU=,"OPEN_PRC,HIGH_1,LOW_1,BID,ASK,TRDPRC_1,TRDVOL_1",1882.09,1868.98,1876.5649,1879.0649,1877.8149
2020-12-25,XAU=,"OPEN_PRC,HIGH_1,LOW_1,BID,ASK,TRDPRC_1,TRDVOL_1",1875.825,1875.825,1875.825,1878.325,1877.075
2020-12-28,XAU=,"OPEN_PRC,HIGH_1,LOW_1,BID,ASK,TRDPRC_1,TRDVOL_1",1900.04,1868.34,1871.19,1872.0,1871.595
2020-12-29,XAU=,"OPEN_PRC,HIGH_1,LOW_1,BID,ASK,TRDPRC_1,TRDVOL_1",1886.11,1870.05,1877.9918,1878.717,1878.3544000000002
2020-12-30,XAU=,"OPEN_PRC,HIGH_1,LOW_1,BID,ASK,TRDPRC_1,TRDVOL_1",1893.4792,1874.74,1893.3682,1894.0332,1893.7006999999999
2020-12-31,XAU=,"OPEN_PRC,HIGH_1,LOW_1,BID,ASK,TRDPRC_1,TRDVOL_1",1900.76,1883.85,1896.4875,1898.0654,1897.2764499999998
2021-01-01,XAU=,"OPEN_PRC,HIGH_1,LOW_1,BID,ASK,TRDPRC_1,TRDVOL_1",1898.4399,1896.752,1898.1,1899.1,1898.6
2021-01-04,XAU=,"OPEN_PRC,HIGH_1,LOW_1,BID,ASK,TRDPRC_1,TRDVOL_1",1944.11,1904.3136,1942.2753,1943.4053,1942.8402999999998
2021-01-05,XAU=,"OPEN_PRC,HIGH_1,LOW_1,BID,ASK,TRDPRC_1,TRDVOL_1",1952.73,1933.45,1949.35,1951.35,1950.35
2021-01-06,XAU=,"OPEN_PRC,HIGH_1,LOW_1,BID,ASK,TRDPRC_1,TRDVOL_1",1959.01,1900.7,1918.81,1919.58,1919.195
2021-01-07,XAU=,"OPEN_PRC,HIGH_1,LOW_1,BID,ASK,TRDPRC_1,TRDVOL_1",1927.45,1906.3,1912.499,1913.2106,1912.8548
2021-01-08,XAU=,"OPEN_PRC,HIGH_1,LOW_1,BID,ASK,TRDPRC_1,TRDVOL_1",1917.21,1828.36,1848.26,1849.03,1848.645
2021-01-11,XAU=,"OPEN_PRC,HIGH_1,LOW_1,BID,ASK,TRDPRC_1,TRDVOL_1",1856.39,1816.5334,1844.6613,1845.4576,1845.05945
2021-01-12,XAU=,"OPEN_PRC,HIGH_1,LOW_1,BID,ASK,TRDPRC_1,TRDVOL_1",1863.46,1836.79,1855.6292,1856.6726,1856.1509
2021-01-13,XAU=,"OPEN_PRC,HIGH_1,LOW_1,BID,ASK,TRDPRC_1,TRDVOL_1",1862.61,1842.96,1843.41,1844.18,1843.795
2021-01-14,XAU=,"OPEN_PRC,HIGH_1,LOW_1,BID,ASK,TRDPRC_1,TRDVOL_1",1857.21,1832.59,1846.3694,1847.4045,1846.88695
2021-01-15,XAU=,"OPEN_PRC,HIGH_1,LOW_1,BID,ASK,TRDPRC_1,TRDVOL_1",1856.26,1822.59,1826.59,1827.4,1826.995
2021-01-18,XAU=,"OPEN_PRC,HIGH_1,LOW_1,BID,ASK,TRDPRC_1,TRDVOL_1",1840.5,1809.9,1836.89,1837.89,1837.39
2021-01-19,XAU=,"OPEN_PRC,HIGH_1,LOW_1,BID,ASK,TRDPRC_1,TRDVOL_1",1845.26,1832.6,1839.3369,1840.4128,1839.8748500000002
2021-01-20,XAU=,"OPEN_PRC,HIGH_1,LOW_1,BID,ASK,TRDPRC_1,TRDVOL_1",1871.36,1831.9,1870.9063,1871.5951,1871.2507
2021-01-21,XAU=,"OPEN_PRC,HIGH_1,LOW_1,BID,ASK,TRDPRC_1,TRDVOL_1",1874.86,1857.4,1869.91,1870.68,1870.295
2021-01-22,XAU=,"OPEN_PRC,HIGH_1,LOW_1,BID,ASK,TRDPRC_1,TRDVOL_1",1870.49,1836.4,1852.55,1854.55,1853.55
2021-01-25,XAU=,"OPEN_PRC,HIGH_1,LOW_1,BID,ASK,TRDPRC_1,TRDVOL_1",1867.7,1846.91,1854.9915,1856.0182,1855.50485
2021-01-26,XAU=,"OPEN_PRC,HIGH_1,LOW_1,BID,ASK,TRDPRC_1,TRDVOL_1",1861.47,1847.7,1850.31,1851.08,1850.695
2021-01-27,XAU=,"OPEN_PRC,HIGH_1,LOW_1,BID,ASK,TRDPRC_1,TRDVOL_1",1852.86,1830.8,1843.99,1844.8,1844.395
2021-01-28,XAU=,"OPEN_PRC,HIGH_1,LOW_1,BID,ASK,TRDPRC_1,TRDVOL_1",1863.86,1833.1,1840.36,1841.13,1840.745
2021-01-29,XAU=,"OPEN_PRC,HIGH_1,LOW_1,BID,ASK,TRDPRC_1,TRDVOL_1",1875.26,1839.1,1846.09,1846.9,1846.495
2021-02-01,XAU=,"OPEN_PRC,HIGH_1,LOW_1,BID,ASK,TRDPRC_1,TRDVOL_1",1871.49,1848.38,1860.16,1860.93,1860.545
2021-02-02,XAU=,"OPEN_PRC,HIGH_1,LOW_1,BID,ASK,TRDPRC_1,TRDVOL_1",1863.82,1828.8,1837.3502,1838.0496,1837.6999
2021-02-03,XAU=,"OPEN_PRC,HIGH_1,LOW_1,BID,ASK,TRDPRC_1,TRDVOL_1",1844.67,1829.11,1833.7607,1834.8131,1834.2869
2021-02-04,XAU=,"OPEN_PRC,HIGH_1,LOW_1,BID,ASK,TRDPRC_1,TRDVOL_1",1834.46,1784.76,1792.26,1793.03,1792.645
2021-02-05,XAU=,"OPEN_PRC,HIGH_1,LOW_1,BID,ASK,TRDPRC_1,TRDVOL_1",1814.95,1791.09,1811.6156,1812.2838,1811.9497000000001
2021-02-08,XAU=,"OPEN_PRC,HIGH_1,LOW_1,BID,ASK,TRDPRC_1,TRDVOL_1",1838.76,1806.8,1830.16,1830.93,1830.545
2021-02-09,XAU=,"OPEN_PRC,HIGH_1,LOW_1,BID,ASK,TRDPRC_1,TRDVOL_1",1848.4,1827.93,1837.06,1837.83,1837.445
2021-02-10,XAU=,"OPEN_PRC,HIGH_1,LOW_1,BID,ASK,TRDPRC_1,TRDVOL_1",1855.01,1833.25,1842.2161,1842.9305,1842.5733
2021-02-11,XAU=,"OPEN_PRC,HIGH_1,LOW_1,BID,ASK,TRDPRC_1,TRDVOL_1",1847.3,1820.0,1825.36,1826.13,1825.745
2021-02-12,XAU=,"OPEN_PRC,HIGH_1,LOW_1,BID,ASK,TRDPRC_1,TRDVOL_1",1830.41,1809.7,1823.46,1824.23,1823.845
2021-02-15,XAU=,"OPEN_PRC,HIGH_1,LOW_1,BID,ASK,TRDPRC_1,TRDVOL_1",1826.83,1814.9,1818.5129,1819.2271,1818.87
2021-02-16,XAU=,"OPEN_PRC,HIGH_1,LOW_1,BID,ASK,TRDPRC_1,TRDVOL_1",1826.25,1788.4,1794.31,1795.08,1794.695
2021-02-17,XAU=,"OPEN_PRC,HIGH_1,LOW_1,BID,ASK,TRDPRC_1,TRDVOL_1",1794.95,1768.6,1776.26,1777.03,1776.645
2021-02-18,XAU=,"OPEN_PRC,HIGH_1,LOW_1,BID,ASK,TRDPRC_1,TRDVOL_1",1789.45,1767.2,1775.4897,1776.6296,1776.0596500000001
2021-02-19,XAU=,"OPEN_PRC,HIGH_1,LOW_1,BID,ASK,TRDPRC_1,TRDVOL_1",1791.16,1759.29,1782.31,1783.08,1782.695
2021-02-22,XAU=,"OPEN_PRC,HIGH_1,LOW_1,BID,ASK,TRDPRC_1,TRDVOL_1",1812.31,1779.75,1808.66,1809.43,1809.045
2021-02-23,XAU=,"OPEN_PRC,HIGH_1,LOW_1,BID,ASK,TRDPRC_1,TRDVOL_1",1815.63,1795.3835,1805.06,1805.83,1805.445
2021-02-24,XAU=,"OPEN_PRC,HIGH_1,LOW_1,BID,ASK,TRDPRC_1,TRDVOL_1",1813.68,1782.59,1804.36,1805.13,1804.745
2021-02-25,XAU=,"OPEN_PRC,HIGH_1,LOW_1,BID,ASK,TRDPRC_1,TRDVOL_1",1805.36,1765.06,1769.8792,1770.5837,1770.23145
2021-02-26,XAU=,"OPEN_PRC,HIGH_1,LOW_1,BID,ASK,TRDPRC_1,TRDVOL_1",1775.51,1716.85,1733.49,1734.3,1733.895
2021-03-01,XAU=,"OPEN_PRC,HIGH_1,LOW_1,BID,ASK,TRDPRC_1,TRDVOL_1",1759.53,1718.94,1723.8389,1724.5243,1724.1816
2021-03-02,XAU=,"OPEN_PRC,HIGH_1,LOW_1,BID,ASK,TRDPRC_1,TRDVOL_1",1738.2336,1706.7,1738.0878,1739.1072,1738.5974999999999
2021-03-03,XAU=,"OPEN_PRC,HIGH_1,LOW_1,BID,ASK,TRDPRC_1,TRDVOL_1",1740.26,1701.4,1710.95,1712.95,1711.95
2021-03-04,XAU=,"OPEN_PRC,HIGH_1,LOW_1,BID,ASK,TRDPRC_1,TRDVOL_1",1722.94,1690.31,1697.19,1699.19,1698.19
2021-03-05,XAU=,"OPEN_PRC,HIGH_1,LOW_1,BID,ASK,TRDPRC_1,TRDVOL_1",1707.31,1686.4,1700.86,1701.63,1701.245
2021-03-08,XAU=,"OPEN_PRC,HIGH_1,LOW_1,BID,ASK,TRDPRC_1,TRDVOL_1",1713.91,1676.1,1681.2439,1683.7439,1682.4939
2021-03-09,XAU=,"OPEN_PRC,HIGH_1,LOW_1,BID,ASK,TRDPRC_1,TRDVOL_1",1720.26,1679.09,1715.36,1716.13,1715.745
2021-03-10,XAU=,"OPEN_PRC,HIGH_1,LOW_1,BID,ASK,TRDPRC_1,TRDVOL_1",1726.16,1707.3,1726.048,1727.1122,1726.5801000000001
2021-03-11,XAU=,"OPEN_PRC,HIGH_1,LOW_1,BID,ASK,TRDPRC_1,TRDVOL_1",1739.63,1718.9839,1721.41,1722.18,1721.795
2021-03-12,XAU=,"OPEN_PRC,HIGH_1,LOW_1,BID,ASK,TRDPRC_1,TRDVOL_1",1727.64,1698.1,1726.4069,1727.493,1726.94995
2021-03-15,XAU=,"OPEN_PRC,HIGH_1,LOW_1,BID,ASK,TRDPRC_1,TRDVOL_1",1734.18,1720.99,1731.8362,1732.4337,1732.1349500000001
2021-03-16,XAU=,"OPEN_PRC,HIGH_1,LOW_1,BID,ASK,TRDPRC_1,TRDVOL_1",1740.9,1725.0,1730.9399,1731.45,1731.19495
2021-03-17,XAU=,"OPEN_PRC,HIGH_1,LOW_1,BID,ASK,TRDPRC_1,TRDVOL_1",1751.5,1723.69,1744.4399,1744.95,1744.69495
2021-03-18,XAU=,"OPEN_PRC,HIGH_1,LOW_1,BID,ASK,TRDPRC_1,TRDVOL_1",1755.25,1718.43,1736.4093,1737.0006,1736.70495
2021-03-19,XAU=,"OPEN_PRC,HIGH_1,LOW_1,BID,ASK,TRDPRC_1,TRDVOL_1",1746.36,1727.42,1744.7402,1745.6365,1745.18835
2021-03-22,XAU=,"OPEN_PRC,HIGH_1,LOW_1,BID,ASK,TRDPRC_1,TRDVOL_1",1746.7614,1727.01,1738.6899,1739.2,1738.94495
2021-03-23,XAU=,"OPEN_PRC,HIGH_1,LOW_1,BID,ASK,TRDPRC_1,TRDVOL_1",1742.2,1723.7,1727.1104,1727.8195,1727.46495
2021-03-24,XAU=,"OPEN_PRC,HIGH_1,LOW_1,BID,ASK,TRDPRC_1,TRDVOL_1",1738.2,1723.45,1734.1899,1734.7,1734.44495
2021-03-25,XAU=,"OPEN_PRC,HIGH_1,LOW_1,BID,ASK,TRDPRC_1,TRDVOL_1",1745.31,1721.46,1726.8199,1727.33,1727.07495
2021-03-26,XAU=,"OPEN_PRC,HIGH_1,LOW_1,BID,ASK,TRDPRC_1,TRDVOL_1",1736.51,1720.6,1731.9664,1733.1686,1732.5675
2021-03-29,XAU=,"OPEN_PRC,HIGH_1,LOW_1,BID,ASK,TRDPRC_1,TRDVOL_1",1732.79,1704.9,1711.9946,1712.6753,1712.33495
2021-03-30,XAU=,"OPEN_PRC,HIGH_1,LOW_1,BID,ASK,TRDPRC_1,TRDVOL_1",1714.32,1678.4,1684.7961,1685.3737,1685.0849
2021-03-31,XAU=,"OPEN_PRC,HIGH_1,LOW_1,BID,ASK,TRDPRC_1,TRDVOL_1",1714.95,1677.61,1707.0074,1707.5624,1707.2849
2021-04-01,XAU=,"OPEN_PRC,HIGH_1,LOW_1,BID,ASK,TRDPRC_1,TRDVOL_1",1730.2965,1704.7291,1730.182,1730.7479,1730.46495
2021-04-02,XAU=,"OPEN_PRC,HIGH_1,LOW_1,BID,ASK,TRDPRC_1,TRDVOL_1",1731.09,1727.745,1728.84,1729.84,1729.34
2021-04-05,XAU=,"OPEN_PRC,HIGH_1,LOW_1,BID,ASK,TRDPRC_1,TRDVOL_1",1733.3,1720.83,1728.4399,1728.95,1728.69495
2021-04-06,XAU=,"OPEN_PRC,HIGH_1,LOW_1,BID,ASK,TRDPRC_1,TRDVOL_1",1745.15,1726.01,1743.5699,1744.08,1743.82495
2021-04-07,XAU=,"OPEN_PRC,HIGH_1,LOW_1,BID,ASK,TRDPRC_1,TRDVOL_1",1744.042,1729.5,1737.28,1737.79,1737.5349999999999
2021-04-08,XAU=,"OPEN_PRC,HIGH_1,LOW_1,BID,ASK,TRDPRC_1,TRDVOL_1",1758.45,1732.4,1755.9399,1756.45,1756.19495
2021-04-09,XAU=,"OPEN_PRC,HIGH_1,LOW_1,BID,ASK,TRDPRC_1,TRDVOL_1",1757.04,1730.5,1743.1,1745.1,1744.1
2021-04-12,XAU=,"OPEN_PRC,HIGH_1,LOW_1,BID,ASK,TRDPRC_1,TRDVOL_1",1744.72,1726.6,1732.5137,1733.3362,1732.92495
2021-04-13,XAU=,"OPEN_PRC,HIGH_1,LOW_1,BID,ASK,TRDPRC_1,TRDVOL_1",1748.67,1722.67,1743.8298,1744.8602,1744.345
2021-04-14,XAU=,"OPEN_PRC,HIGH_1,LOW_1,BID,ASK,TRDPRC_1,TRDVOL_1",1749.16,1731.3,1736.0035,1737.2864,1736.6449499999999
2021-04-15,XAU=,"OPEN_PRC,HIGH_1,LOW_1,BID,ASK,TRDPRC_1,TRDVOL_1",1769.37,1733.5,1763.2084,1763.8815,1763.54495
2021-04-16,XAU=,"OPEN_PRC,HIGH_1,LOW_1,BID,ASK,TRDPRC_1,TRDVOL_1",1783.55,1759.46,1776.3064,1777.0636,1776.685
2021-04-19,XAU=,"OPEN_PRC,HIGH_1,LOW_1,BID,ASK,TRDPRC_1,TRDVOL_1",1789.77,1765.2,1769.3101,1771.3101,1770.3101
2021-04-20,XAU=,"OPEN_PRC,HIGH_1,LOW_1,BID,ASK,TRDPRC_1,TRDVOL_1",1780.23,1762.5,1777.2533,1778.7566,1778.00495
2021-04-21,XAU=,"OPEN_PRC,HIGH_1,LOW_1,BID,ASK,TRDPRC_1,TRDVOL_1",1797.41,1775.18,1793.4617,1794.0482,1793.75495
2021-04-22,XAU=,"OPEN_PRC,HIGH_1,LOW_1,BID,ASK,TRDPRC_1,TRDVOL_1",1797.67,1776.2,1783.9399,1784.45,1784.19495
2021-04-23,XAU=,"OPEN_PRC,HIGH_1,LOW_1,BID,ASK,TRDPRC_1,TRDVOL_1",1795.69,1769.6292,1777.18,1779.18,1778.18
2021-04-26,XAU=,"OPEN_PRC,HIGH_1,LOW_1,BID,ASK,TRDPRC_1,TRDVOL_1",1783.38,1768.15,1780.1899,1780.7,1780.44495
2021-04-27,XAU=,"OPEN_PRC,HIGH_1,LOW_1,BID,ASK,TRDPRC_1,TRDVOL_1",1785.4,1772.9,1776.6899,1777.2,1776.94495
2021-04-28,XAU=,"OPEN_PRC,HIGH_1,LOW_1,BID,ASK,TRDPRC_1,TRDVOL_1",1782.2,1762.0,1781.3237,1782.0262,1781.67495
2021-04-29,XAU=,"OPEN_PRC,HIGH_1,LOW_1,BID,ASK,TRDPRC_1,TRDVOL_1",1789.85,1755.81,1771.2433,1772.1666,1771.70495
2021-04-30,XAU=,"OPEN_PRC,HIGH_1,LOW_1,BID,ASK,TRDPRC_1,TRDVOL_1",1773.36,1763.1,1768.59,1769.8,1769.195
2021-05-03,XAU=,"OPEN_PRC,HIGH_1,LOW_1,BID,ASK,TRDPRC_1,TRDVOL_1",1797.75,1765.29,1792.3615,1793.0483,1792.7049
2021-05-04,XAU=,"OPEN_PRC,HIGH_1,LOW_1,BID,ASK,TRDPRC_1,TRDVOL_1",1798.65,1770.46,1778.4832,1779.1667,1778.82495
2021-05-05,XAU=,"OPEN_PRC,HIGH_1,LOW_1,BID,ASK,TRDPRC_1,TRDVOL_1",1787.7072,1769.2,1786.444,1786.9858,1786.7149
2021-05-06,XAU=,"OPEN_PRC,HIGH_1,LOW_1,BID,ASK,TRDPRC_1,TRDVOL_1",1817.9,1781.07,1815.1783,1815.7316,1815.45495
2021-05-07,XAU=,"OPEN_PRC,HIGH_1,LOW_1,BID,ASK,TRDPRC_1,TRDVOL_1",1842.91,1812.56,1830.4771,1831.5729,1831.025
2021-05-10,XAU=,"OPEN_PRC,HIGH_1,LOW_1,BID,ASK,TRDPRC_1,TRDVOL_1",1845.06,1829.76,1835.4399,1835.95,1835.69495
2021-05-11,XAU=,"OPEN_PRC,HIGH_1,LOW_1,BID,ASK,TRDPRC_1,TRDVOL_1",1841.55,1816.9,1836.9399,1837.45,1837.19495
2021-05-12,XAU=,"OPEN_PRC,HIGH_1,LOW_1,BID,ASK,TRDPRC_1,TRDVOL_1",1843.21,1812.27,1815.4399,1815.95,1815.69495
2021-05-13,XAU=,"OPEN_PRC,HIGH_1,LOW_1,BID,ASK,TRDPRC_1,TRDVOL_1",1828.43,1808.44,1826.5699,1827.08,1826.82495
2021-05-14,XAU=,"OPEN_PRC,HIGH_1,LOW_1,BID,ASK,TRDPRC_1,TRDVOL_1",1844.99,1819.46,1842.19,1844.19,1843.19
2021-05-17,XAU=,"OPEN_PRC,HIGH_1,LOW_1,BID,ASK,TRDPRC_1,TRDVOL_1",1868.26,1840.29,1866.1324,1867.5175,1866.82495
2021-05-18,XAU=,"OPEN_PRC,HIGH_1,LOW_1,BID,ASK,TRDPRC_1,TRDVOL_1",1874.8,1862.19,1868.22,1868.7699,1868.49495
2021-05-19,XAU=,"OPEN_PRC,HIGH_1,LOW_1,BID,ASK,TRDPRC_1,TRDVOL_1",1889.75,1851.19,1869.5699,1870.08,1869.82495
2021-05-20,XAU=,"OPEN_PRC,HIGH_1,LOW_1,BID,ASK,TRDPRC_1,TRDVOL_1",1883.67,1862.78,1876.6899,1877.2,1876.94495
2021-05-21,XAU=,"OPEN_PRC,HIGH_1,LOW_1,BID,ASK,TRDPRC_1,TRDVOL_1",1889.1,1869.39,1880.3,1882.3,1881.3
2021-05-24,XAU=,"OPEN_PRC,HIGH_1,LOW_1,BID,ASK,TRDPRC_1,TRDVOL_1",1886.83,1874.7,1881.0699,1881.58,1881.32495
2021-05-25,XAU=,"OPEN_PRC,HIGH_1,LOW_1,BID,ASK,TRDPRC_1,TRDVOL_1",1899.9631,1872.3967,1899.264,1899.8059,1899.53495
2021-05-26,XAU=,"OPEN_PRC,HIGH_1,LOW_1,BID,ASK,TRDPRC_1,TRDVOL_1",1912.5,1889.5,1896.4399,1896.95,1896.69495
2021-05-27,XAU=,"OPEN_PRC,HIGH_1,LOW_1,BID,ASK,TRDPRC_1,TRDVOL_1",1903.56,1887.79,1896.08,1896.61,1896.3449999999998
2021-05-28,XAU=,"OPEN_PRC,HIGH_1,LOW_1,BID,ASK,TRDPRC_1,TRDVOL_1",1905.51,1881.23,1902.64,1904.64,1903.64
2021-05-31,XAU=,"OPEN_PRC,HIGH_1,LOW_1,BID,ASK,TRDPRC_1,TRDVOL_1",1910.41,1900.7,1906.36,1906.87,1906.6149999999998
2021-06-01,XAU=,"OPEN_PRC,HIGH_1,LOW_1,BID,ASK,TRDPRC_1,TRDVOL_1",1916.4,1891.77,1900.1899,1900.7,1900.44495
2021-06-02,XAU=,"OPEN_PRC,HIGH_1,LOW_1,BID,ASK,TRDPRC_1,TRDVOL_1",1908.7704,1893.4,1907.944,1908.4858,1908.2149
2021-06-03,XAU=,"OPEN_PRC,HIGH_1,LOW_1,BID,ASK,TRDPRC_1,TRDVOL_1",1909.48,1864.39,1870.5699,1871.08,1870.82495
2021-06-04,XAU=,"OPEN_PRC,HIGH_1,LOW_1,BID,ASK,TRDPRC_1,TRDVOL_1",1896.01,1855.59,1889.97,1891.97,1890.97
2021-06-07,XAU=,"OPEN_PRC,HIGH_1,LOW_1,BID,ASK,TRDPRC_1,TRDVOL_1",1899.91,1880.1,1898.9962,1899.5137,1899.25495
2021-06-08,XAU=,"OPEN_PRC,HIGH_1,LOW_1,BID,ASK,TRDPRC_1,TRDVOL_1",1903.41,1882.7,1892.8199,1893.33,1893.07495
2021-06-09,XAU=,"OPEN_PRC,HIGH_1,LOW_1,BID,ASK,TRDPRC_1,TRDVOL_1",1898.69,1885.9,1888.2983,1888.8516,1888.57495
2021-06-10,XAU=,"OPEN_PRC,HIGH_1,LOW_1,BID,ASK,TRDPRC_1,TRDVOL_1",1899.594,1869.46,1898.1375,1898.6826,1898.41005
2021-06-11,XAU=,"OPEN_PRC,HIGH_1,LOW_1,BID,ASK,TRDPRC_1,TRDVOL_1",1902.7,1873.49,1876.64,1878.64,1877.64
2021-06-14,XAU=,"OPEN_PRC,HIGH_1,LOW_1,BID,ASK,TRDPRC_1,TRDVOL_1",1877.5382,1843.99,1865.995,1866.505,1866.25
2021-06-15,XAU=,"OPEN_PRC,HIGH_1,LOW_1,BID,ASK,TRDPRC_1,TRDVOL_1",1869.13,1850.69,1858.6949,1859.205,1858.94995
2021-06-16,XAU=,"OPEN_PRC,HIGH_1,LOW_1,BID,ASK,TRDPRC_1,TRDVOL_1",1861.8679,1803.79,1811.9525,1812.4675,1812.21
2021-06-17,XAU=,"OPEN_PRC,HIGH_1,LOW_1,BID,ASK,TRDPRC_1,TRDVOL_1",1825.18,1766.29,1773.3149,1773.825,1773.56995
2021-06-18,XAU=,"OPEN_PRC,HIGH_1,LOW_1,BID,ASK,TRDPRC_1,TRDVOL_1",1796.86,1760.54,1763.34,1765.34,1764.34
2021-06-21,XAU=,"OPEN_PRC,HIGH_1,LOW_1,BID,ASK,TRDPRC_1,TRDVOL_1",1786.2,1763.99,1782.9482,1783.5017,1783.22495
2021-06-22,XAU=,"OPEN_PRC,HIGH_1,LOW_1,BID,ASK,TRDPRC_1,TRDVOL_1",1789.89,1771.1,1778.5125,1779.0775,1778.795
2021-06-23,XAU=,"OPEN_PRC,HIGH_1,LOW_1,BID,ASK,TRDPRC_1,TRDVOL_1",1794.56,1772.59,1778.7305,1779.2805,1779.0055
2021-06-24,XAU=,"OPEN_PRC,HIGH_1,LOW_1,BID,ASK,TRDPRC_1,TRDVOL_1",1787.71,1772.03,1775.1827,1775.7482,1775.4654500000001
2021-06-25,XAU=,"OPEN_PRC,HIGH_1,LOW_1,BID,ASK,TRDPRC_1,TRDVOL_1",1790.1,1772.67,1780.34,1782.34,1781.34
2021-06-28,XAU=,"OPEN_PRC,HIGH_1,LOW_1,BID,ASK,TRDPRC_1,TRDVOL_1",1785.56,1770.36,1778.175,1778.6851,1778.43005
2021-06-29,XAU=,"OPEN_PRC,HIGH_1,LOW_1,BID,ASK,TRDPRC_1,TRDVOL_1",1778.8,1749.2,1761.09,1761.6,1761.3449999999998
2021-06-30,XAU=,"OPEN_PRC,HIGH_1,LOW_1,BID,ASK,TRDPRC_1,TRDVOL_1",1774.25,1752.1,1769.8025,1770.3275,1770.065
2021-07-01,XAU=,"OPEN_PRC,HIGH_1,LOW_1,BID,ASK,TRDPRC_1,TRDVOL_1",1782.55,1764.89,1776.6,1777.11,1776.855
2021-07-02,XAU=,"OPEN_PRC,HIGH_1,LOW_1,BID,ASK,TRDPRC_1,TRDVOL_1",1794.86,1773.0,1786.7902,1787.9797,1787.3849500000001
2021-07-05,XAU=,"OPEN_PRC,HIGH_1,LOW_1,BID,ASK,TRDPRC_1,TRDVOL_1",1794.29,1783.29,1791.6121,1792.127,1791.86955
2021-07-06,XAU=,"OPEN_PRC,HIGH_1,LOW_1,BID,ASK,TRDPRC_1,TRDVOL_1",1814.78,1789.35,1796.6873,1797.2428,1796.96505
2021-07-07,XAU=,"OPEN_PRC,HIGH_1,LOW_1,BID,ASK,TRDPRC_1,TRDVOL_1",1809.46,1792.89,1803.405,1803.915,1803.6599999999999
2021-07-08,XAU=,"OPEN_PRC,HIGH_1,LOW_1,BID,ASK,TRDPRC_1,TRDVOL_1",1818.1,1793.69,1802.5551,1803.0649,1802.81
2021-07-09,XAU=,"OPEN_PRC,HIGH_1,LOW_1,BID,ASK,TRDPRC_1,TRDVOL_1",1812.35,1795.2,1807.98,1809.98,1808.98
2021-07-12,XAU=,"OPEN_PRC,HIGH_1,LOW_1,BID,ASK,TRDPRC_1,TRDVOL_1",1810.74,1790.49,1805.8774,1806.4326,1806.1550000000002
2021-07-13,XAU=,"OPEN_PRC,HIGH_1,LOW_1,BID,ASK,TRDPRC_1,TRDVOL_1",1816.81,1797.8,1807.4351,1807.985,1807.71005
2021-07-14,XAU=,"OPEN_PRC,HIGH_1,LOW_1,BID,ASK,TRDPRC_1,TRDVOL_1",1829.55,1803.39,1827.0616,1827.6184,1827.3400000000001
2021-07-15,XAU=,"OPEN_PRC,HIGH_1,LOW_1,BID,ASK,TRDPRC_1,TRDVOL_1",1833.65,1819.49,1829.1866,1829.7333,1829.45995
2021-07-16,XAU=,"OPEN_PRC,HIGH_1,LOW_1,BID,ASK,TRDPRC_1,TRDVOL_1",1831.8055,1807.89,1810.89,1812.89,1811.89
2021-07-19,XAU=,"OPEN_PRC,HIGH_1,LOW_1,BID,ASK,TRDPRC_1,TRDVOL_1",1817.0367,1794.06,1812.3425,1812.8875,1812.615
2021-07-20,XAU=,"OPEN_PRC,HIGH_1,LOW_1,BID,ASK,TRDPRC_1,TRDVOL_1",1824.75,1804.59,1810.0304,1810.5806,1810.3055
2021-07-21,XAU=,"OPEN_PRC,HIGH_1,LOW_1,BID,ASK,TRDPRC_1,TRDVOL_1",1813.58,1793.59,1803.3145,1803.8245,1803.5695
2021-07-22,XAU=,"OPEN_PRC,HIGH_1,LOW_1,BID,ASK,TRDPRC_1,TRDVOL_1",1807.85,1791.16,1806.6899,1807.2,1806.94495
2021-07-23,XAU=,"OPEN_PRC,HIGH_1,LOW_1,BID,ASK,TRDPRC_1,TRDVOL_1",1810.15,1789.98,1801.34,1803.34,1802.34
2021-07-26,XAU=,"OPEN_PRC,HIGH_1,LOW_1,BID,ASK,TRDPRC_1,TRDVOL_1",1811.24,1795.09,1797.265,1797.775,1797.52
2021-07-27,XAU=,"OPEN_PRC,HIGH_1,LOW_1,BID,ASK,TRDPRC_1,TRDVOL_1",1805.1,1792.0,1798.7321,1799.257,1798.99455
2021-07-28,XAU=,"OPEN_PRC,HIGH_1,LOW_1,BID,ASK,TRDPRC_1,TRDVOL_1",1809.41,1791.9,1806.8809,1807.4191,1807.15
2021-07-29,XAU=,"OPEN_PRC,HIGH_1,LOW_1,BID,ASK,TRDPRC_1,TRDVOL_1",1832.4048,1805.29,1827.955,1828.475,1828.215
2021-07-30,XAU=,"OPEN_PRC,HIGH_1,LOW_1,BID,ASK,TRDPRC_1,TRDVOL_1",1831.05,1808.8,1813.5815,1814.5952,1814.08835
2021-08-02,XAU=,"OPEN_PRC,HIGH_1,LOW_1,BID,ASK,TRDPRC_1,TRDVOL_1",1819.43,1804.49,1813.385,1813.895,1813.6399999999999
2021-08-03,XAU=,"OPEN_PRC,HIGH_1,LOW_1,BID,ASK,TRDPRC_1,TRDVOL_1",1814.76,1806.0,1809.9399,1810.45,1810.19495
2021-08-04,XAU=,"OPEN_PRC,HIGH_1,LOW_1,BID,ASK,TRDPRC_1,TRDVOL_1",1831.51,1806.16,1811.405,1811.9351,1811.67005
2021-08-05,XAU=,"OPEN_PRC,HIGH_1,LOW_1,BID,ASK,TRDPRC_1,TRDVOL_1",1814.9,1797.2,1804.0131,1804.5381,1804.2756
2021-08-06,XAU=,"OPEN_PRC,HIGH_1,LOW_1,BID,ASK,TRDPRC_1,TRDVOL_1",1804.5695,1757.7,1762.69,1763.49,1763.0900000000001
2021-08-09,XAU=,"OPEN_PRC,HIGH_1,LOW_1,BID,ASK,TRDPRC_1,TRDVOL_1",1764.26,1684.37,1729.4575,1730.0126,1729.73505
2021-08-10,XAU=,"OPEN_PRC,HIGH_1,LOW_1,BID,ASK,TRDPRC_1,TRDVOL_1",1738.11,1716.57,1728.7104,1729.2606,1728.9855
2021-08-11,XAU=,"OPEN_PRC,HIGH_1,LOW_1,BID,ASK,TRDPRC_1,TRDVOL_1",1754.11,1722.92,1751.5627,1752.0977,1751.8301999999999
2021-08-12,XAU=,"OPEN_PRC,HIGH_1,LOW_1,BID,ASK,TRDPRC_1,TRDVOL_1",1757.94,1740.5,1752.4375,1753.0024,1752.7199500000002
2021-08-13,XAU=,"OPEN_PRC,HIGH_1,LOW_1,BID,ASK,TRDPRC_1,TRDVOL_1",1779.96,1750.67,1779.1515,1780.3235,1779.7375
2021-08-16,XAU=,"OPEN_PRC,HIGH_1,LOW_1,BID,ASK,TRDPRC_1,TRDVOL_1",1788.97,1769.6,1787.2383,1787.7509,1787.4946
2021-08-17,XAU=,"OPEN_PRC,HIGH_1,LOW_1,BID,ASK,TRDPRC_1,TRDVOL_1",1795.25,1779.69,1785.9556,1786.4756,1786.2156
2021-08-18,XAU=,"OPEN_PRC,HIGH_1,LOW_1,BID,ASK,TRDPRC_1,TRDVOL_1",1793.63,1777.05,1787.59,1788.1,1787.8449999999998
2021-08-19,XAU=,"OPEN_PRC,HIGH_1,LOW_1,BID,ASK,TRDPRC_1,TRDVOL_1",1792.25,1773.95,1780.179,1780.73,1780.4545
2021-08-20,XAU=,"OPEN_PRC,HIGH_1,LOW_1,BID,ASK,TRDPRC_1,TRDVOL_1",1788.2,1777.37,1780.8668,1781.6331,1781.24995
2021-08-23,XAU=,"OPEN_PRC,HIGH_1,LOW_1,BID,ASK,TRDPRC_1,TRDVOL_1",1806.23,1775.39,1805.1975,1805.7225,1805.46
2021-08-24,XAU=,"OPEN_PRC,HIGH_1,LOW_1,BID,ASK,TRDPRC_1,TRDVOL_1",1809.46,1798.8,1802.6055,1803.1155,1802.8605
2021-08-25,XAU=,"OPEN_PRC,HIGH_1,LOW_1,BID,ASK,TRDPRC_1,TRDVOL_1",1803.0095,1781.8,1790.6801,1791.1899,1790.935
2021-08-26,XAU=,"OPEN_PRC,HIGH_1,LOW_1,BID,ASK,TRDPRC_1,TRDVOL_1",1798.03,1778.8,1792.155,1792.705,1792.4299999999998
2021-08-27,XAU=,"OPEN_PRC,HIGH_1,LOW_1,BID,ASK,TRDPRC_1,TRDVOL_1",1818.8248,1787.0,1816.6689,1817.7811,1817.225
2021-08-30,XAU=,"OPEN_PRC,HIGH_1,LOW_1,BID,ASK,TRDPRC_1,TRDVOL_1",1822.92,1806.69,1810.1653,1810.6753,1810.4203
2021-08-31,XAU=,"OPEN_PRC,HIGH_1,LOW_1,BID,ASK,TRDPRC_1,TRDVOL_1",1818.97,1800.89,1813.4281,1813.9832,1813.7056499999999
2021-09-01,XAU=,"OPEN_PRC,HIGH_1,LOW_1,BID,ASK,TRDPRC_1,TRDVOL_1",1819.76,1807.59,1813.655,1814.175,1813.915
2021-09-02,XAU=,"OPEN_PRC,HIGH_1,LOW_1,BID,ASK,TRDPRC_1,TRDVOL_1",1816.96,1803.85,1809.4005,1809.9105,1809.6554999999998
2021-09-03,XAU=,"OPEN_PRC,HIGH_1,LOW_1,BID,ASK,TRDPRC_1,TRDVOL_1",1833.8,1807.69,1826.19,1828.19,1827.19
2021-09-06,XAU=,"OPEN_PRC,HIGH_1,LOW_1,BID,ASK,TRDPRC_1,TRDVOL_1",1829.9419,1819.8,1823.1028,1823.6178,1823.3602999999998
2021-09-07,XAU=,"OPEN_PRC,HIGH_1,LOW_1,BID,ASK,TRDPRC_1,TRDVOL_1",1827.04,1791.9,1794.1333,1794.6866,1794.40995
2021-09-08,XAU=,"OPEN_PRC,HIGH_1,LOW_1,BID,ASK,TRDPRC_1,TRDVOL_1",1801.91,1781.3,1788.925,1789.4449,1789.1849499999998
2021-09-09,XAU=,"OPEN_PRC,HIGH_1,LOW_1,BID,ASK,TRDPRC_1,TRDVOL_1",1800.69,1783.51,1794.6949,1795.245,1794.96995
2021-09-10,XAU=,"OPEN_PRC,HIGH_1,LOW_1,BID,ASK,TRDPRC_1,TRDVOL_1",1803.66,1785.49,1787.3383,1788.0117,1787.675
2021-09-13,XAU=,"OPEN_PRC,HIGH_1,LOW_1,BID,ASK,TRDPRC_1,TRDVOL_1",1797.91,1783.36,1793.4891,1794.0408,1793.76495
2021-09-14,XAU=,"OPEN_PRC,HIGH_1,LOW_1,BID,ASK,TRDPRC_1,TRDVOL_1",1808.5,1781.1,1804.2655,1804.7855,1804.5255
2021-09-15,XAU=,"OPEN_PRC,HIGH_1,LOW_1,BID,ASK,TRDPRC_1,TRDVOL_1",1806.5,1789.69,1792.59,1794.8,1793.695
2021-09-16,XAU=,"OPEN_PRC,HIGH_1,LOW_1,BID,ASK,TRDPRC_1,TRDVOL_1",1796.29,1744.3,1753.3933,1753.9467,1753.67
2021-09-17,XAU=,"OPEN_PRC,HIGH_1,LOW_1,BID,ASK,TRDPRC_1,TRDVOL_1",1767.35,1746.49,1754.1565,1755.3069,1754.7317
2021-09-20,XAU=,"OPEN_PRC,HIGH_1,LOW_1,BID,ASK,TRDPRC_1,TRDVOL_1",1766.72,1741.86,1763.8755,1764.4755,1764.1755
2021-09-21,XAU=,"OPEN_PRC,HIGH_1,LOW_1,BID,ASK,TRDPRC_1,TRDVOL_1",1781.65,1756.98,1774.2462,1774.7737,1774.5099500000001
2021-09-22,XAU=,"OPEN_PRC,HIGH_1,LOW_1,BID,ASK,TRDPRC_1,TRDVOL_1",1786.91,1764.46,1767.9135,1768.4666,1768.1900500000002
2021-09-23,XAU=,"OPEN_PRC,HIGH_1,LOW_1,BID,ASK,TRDPRC_1,TRDVOL_1",1776.21,1737.46,1742.5725,1743.0875,1742.83
2021-09-24,XAU=,"OPEN_PRC,HIGH_1,LOW_1,BID,ASK,TRDPRC_1,TRDVOL_1",1757.36,1738.6,1749.863,1750.967,1750.415
2021-09-27,XAU=,"OPEN_PRC,HIGH_1,LOW_1,BID,ASK,TRDPRC_1,TRDVOL_1",1760.67,1743.19,1749.855,1750.365,1750.1100000000001
2021-09-28,XAU=,"OPEN_PRC,HIGH_1,LOW_1,BID,ASK,TRDPRC_1,TRDVOL_1",1754.5,1726.19,1733.6823,1734.2477,1733.965
2021-09-29,XAU=,"OPEN_PRC,HIGH_1,LOW_1,BID,ASK,TRDPRC_1,TRDVOL_1",1745.33,1720.49,1726.1075,1726.6724,1726.38995
2021-09-30,XAU=,"OPEN_PRC,HIGH_1,LOW_1,BID,ASK,TRDPRC_1,TRDVOL_1",1763.85,1721.07,1756.6606,1757.1707,1756.91565
2021-10-01,XAU=,"OPEN_PRC,HIGH_1,LOW_1,BID,ASK,TRDPRC_1,TRDVOL_1",1764.06,1748.77,1760.3602,1761.0297,1760.69495
2021-10-04,XAU=,"OPEN_PRC,HIGH_1,LOW_1,BID,ASK,TRDPRC_1,TRDVOL_1",1770.41,1746.6,1769.505,1770.015,1769.7600000000002
2021-10-05,XAU=,"OPEN_PRC,HIGH_1,LOW_1,BID,ASK,TRDPRC_1,TRDVOL_1",1769.86,1748.0,1759.9625,1760.4875,1760.225
2021-10-06,XAU=,"OPEN_PRC,HIGH_1,LOW_1,BID,ASK,TRDPRC_1,TRDVOL_1",1764.95,1744.84,1762.4751,1763.025,1762.75005
2021-10-07,XAU=,"OPEN_PRC,HIGH_1,LOW_1,BID,ASK,TRDPRC_1,TRDVOL_1",1766.7,1750.6,1755.2926,1756.1974,1755.745
2021-10-08,XAU=,"OPEN_PRC,HIGH_1,LOW_1,BID,ASK,TRDPRC_1,TRDVOL_1",1781.2,1752.27,1756.6675,1757.3926,1757.0300499999998
2021-10-11,XAU=,"OPEN_PRC,HIGH_1,LOW_1,BID,ASK,TRDPRC_1,TRDVOL_1",1760.84,1748.9,1753.8558,1754.3857,1754.12075
2021-10-12,XAU=,"OPEN_PRC,HIGH_1,LOW_1,BID,ASK,TRDPRC_1,TRDVOL_1",1769.16,1749.89,1759.9299,1760.4801,1760.205
2021-10-13,XAU=,"OPEN_PRC,HIGH_1,LOW_1,BID,ASK,TRDPRC_1,TRDVOL_1",1795.81,1757.4,1792.6466,1793.1934,1792.92
2021-10-14,XAU=,"OPEN_PRC,HIGH_1,LOW_1,BID,ASK,TRDPRC_1,TRDVOL_1",1800.12,1785.59,1795.5601,1796.0699,1795.815
2021-10-15,XAU=,"OPEN_PRC,HIGH_1,LOW_1,BID,ASK,TRDPRC_1,TRDVOL_1",1796.28,1763.69,1767.2563,1767.9335,1767.5949
2021-10-18,XAU=,"OPEN_PRC,HIGH_1,LOW_1,BID,ASK,TRDPRC_1,TRDVOL_1",1771.9,1759.0,1764.5988,1765.1113,1764.8550500000001
2021-10-19,XAU=,"OPEN_PRC,HIGH_1,LOW_1,BID,ASK,TRDPRC_1,TRDVOL_1",1784.85,1761.69,1768.87,1769.42,1769.145
2021-10-20,XAU=,"OPEN_PRC,HIGH_1,LOW_1,BID,ASK,TRDPRC_1,TRDVOL_1",1788.16,1765.72,1781.83,1782.34,1782.085
2021-10-21,XAU=,"OPEN_PRC,HIGH_1,LOW_1,BID,ASK,TRDPRC_1,TRDVOL_1",1789.24,1775.49,1782.7626,1783.3275,1783.0450500000002
2021-10-22,XAU=,"OPEN_PRC,HIGH_1,LOW_1,BID,ASK,TRDPRC_1,TRDVOL_1",1813.64,1781.79,1792.4821,1793.528,1793.00505
2021-10-25,XAU=,"OPEN_PRC,HIGH_1,LOW_1,BID,ASK,TRDPRC_1,TRDVOL_1",1809.66,1791.29,1807.4717,1808.0383,1807.755
2021-10-26,XAU=,"OPEN_PRC,HIGH_1,LOW_1,BID,ASK,TRDPRC_1,TRDVOL_1",1808.005,1781.2,1792.6328,1793.1873,1792.91005
2021-10-27,XAU=,"OPEN_PRC,HIGH_1,LOW_1,BID,ASK,TRDPRC_1,TRDVOL_1",1799.05,1782.1,1796.6875,1797.2025,1796.9450000000002
2021-10-28,XAU=,"OPEN_PRC,HIGH_1,LOW_1,BID,ASK,TRDPRC_1,TRDVOL_1",1810.11,1791.96,1798.6226,1799.1475,1798.8850499999999
2021-10-29,XAU=,"OPEN_PRC,HIGH_1,LOW_1,BID,ASK,TRDPRC_1,TRDVOL_1",1800.8398,1771.1,1782.8082,1783.9718,1783.3899999999999
2021-11-01,XAU=,"OPEN_PRC,HIGH_1,LOW_1,BID,ASK,TRDPRC_1,TRDVOL_1",1795.6,1778.1,1793.045,1793.5551,1793.30005
2021-11-02,XAU=,"OPEN_PRC,HIGH_1,LOW_1,BID,ASK,TRDPRC_1,TRDVOL_1",1796.21,1785.1,1787.2811,1788.1301,1787.7056
2021-11-03,XAU=,"OPEN_PRC,HIGH_1,LOW_1,BID,ASK,TRDPRC_1,TRDVOL_1",1787.9458,1757.63,1769.5162,1770.0627,1769.78945
2021-11-04,XAU=,"OPEN_PRC,HIGH_1,LOW_1,BID,ASK,TRDPRC_1,TRDVOL_1",1798.61,1768.45,1791.705,1792.2551,1791.9800500000001
2021-11-05,XAU=,"OPEN_PRC,HIGH_1,LOW_1,BID,ASK,TRDPRC_1,TRDVOL_1",1817.9675,1784.7621,1816.73,1818.73,1817.73
2021-11-08,XAU=,"OPEN_PRC,HIGH_1,LOW_1,BID,ASK,TRDPRC_1,TRDVOL_1",1826.16,1811.4,1824.26,1825.03,1824.645
2021-11-09,XAU=,"OPEN_PRC,HIGH_1,LOW_1,BID,ASK,TRDPRC_1,TRDVOL_1",1832.57,1816.6,1831.4833,1832.1666,1831.8249500000002
2021-11-10,XAU=,"OPEN_PRC,HIGH_1,LOW_1,BID,ASK,TRDPRC_1,TRDVOL_1",1868.2,1820.6,1849.5686,1850.2415,1849.90505
2021-11-11,XAU=,"OPEN_PRC,HIGH_1,LOW_1,BID,ASK,TRDPRC_1,TRDVOL_1",1865.71,1842.1,1861.5244,1862.6949,1862.1096499999999
2021-11-12,XAU=,"OPEN_PRC,HIGH_1,LOW_1,BID,ASK,TRDPRC_1,TRDVOL_1",1868.26,1844.1,1864.0441,1865.0886,1864.56635
2021-11-15,XAU=,"OPEN_PRC,HIGH_1,LOW_1,BID,ASK,TRDPRC_1,TRDVOL_1",1870.04,1855.0,1862.4591,1863.1425,1862.8008
2021-11-16,XAU=,"OPEN_PRC,HIGH_1,LOW_1,BID,ASK,TRDPRC_1,TRDVOL_1",1876.9,1848.46,1849.91,1850.68,1850.295
2021-11-17,XAU=,"OPEN_PRC,HIGH_1,LOW_1,BID,ASK,TRDPRC_1,TRDVOL_1",1867.74,1848.75,1866.96,1867.73,1867.345
2021-11-18,XAU=,"OPEN_PRC,HIGH_1,LOW_1,BID,ASK,TRDPRC_1,TRDVOL_1",1870.68,1854.3,1858.46,1859.23,1858.845
2021-11-19,XAU=,"OPEN_PRC,HIGH_1,LOW_1,BID,ASK,TRDPRC_1,TRDVOL_1",1865.31,1842.55,1844.6,1846.6,1845.6
2021-11-22,XAU=,"OPEN_PRC,HIGH_1,LOW_1,BID,ASK,TRDPRC_1,TRDVOL_1",1849.18,1801.3,1805.04,1806.33,1805.685
2021-11-23,XAU=,"OPEN_PRC,HIGH_1,LOW_1,BID,ASK,TRDPRC_1,TRDVOL_1",1812.17,1781.0,1789.7332,1790.4866,1790.1099
2021-11-24,XAU=,"OPEN_PRC,HIGH_1,LOW_1,BID,ASK,TRDPRC_1,TRDVOL_1",1796.22,1777.8,1788.5,1790.5,1789.5
2021-11-25,XAU=,"OPEN_PRC,HIGH_1,LOW_1,BID,ASK,TRDPRC_1,TRDVOL_1",1794.9,1785.21,1788.45,1788.96,1788.705
2021-11-26,XAU=,"OPEN_PRC,HIGH_1,LOW_1,BID,ASK,TRDPRC_1,TRDVOL_1",1815.26,1780.39,1791.8105,1792.3206,1792.06555
2021-11-29,XAU=,"OPEN_PRC,HIGH_1,LOW_1,BID,ASK,TRDPRC_1,TRDVOL_1",1799.24,1780.6,1785.01,1785.78,1785.395
2021-11-30,XAU=,"OPEN_PRC,HIGH_1,LOW_1,BID,ASK,TRDPRC_1,TRDVOL_1",1808.36,1768.9,1773.7845,1774.9176,1774.35105
2021-12-01,XAU=,"OPEN_PRC,HIGH_1,LOW_1,BID,ASK,TRDPRC_1,TRDVOL_1",1794.29,1771.3,1782.66,1783.43,1783.045
2021-12-02,XAU=,"OPEN_PRC,HIGH_1,LOW_1,BID,ASK,TRDPRC_1,TRDVOL_1",1783.11,1761.19,1768.6353,1769.6265,1769.1309
2021-12-03,XAU=,"OPEN_PRC,HIGH_1,LOW_1,BID,ASK,TRDPRC_1,TRDVOL_1",1785.93,1765.0,1783.7361,1784.4023,1784.0692
2021-12-06,XAU=,"OPEN_PRC,HIGH_1,LOW_1,BID,ASK,TRDPRC_1,TRDVOL_1",1787.46,1775.35,1778.1078,1778.8522,1778.48
2021-12-07,XAU=,"OPEN_PRC,HIGH_1,LOW_1,BID,ASK,TRDPRC_1,TRDVOL_1",1787.49,1771.3,1784.042,1784.562,1784.302
2021-12-08,XAU=,"OPEN_PRC,HIGH_1,LOW_1,BID,ASK,TRDPRC_1,TRDVOL_1",1792.9,1778.9,1782.06,1782.83,1782.445
2021-12-09,XAU=,"OPEN_PRC,HIGH_1,LOW_1,BID,ASK,TRDPRC_1,TRDVOL_1",1787.4,1771.99,1774.46,1775.23,1774.845
2021-12-10,XAU=,"OPEN_PRC,HIGH_1,LOW_1,BID,ASK,TRDPRC_1,TRDVOL_1",1789.05,1768.7,1782.51,1783.28,1782.895
2021-12-13,XAU=,"OPEN_PRC,HIGH_1,LOW_1,BID,ASK,TRDPRC_1,TRDVOL_1",1791.26,1780.8,1786.9432,1787.5955,1787.26935
2021-12-14,XAU=,"OPEN_PRC,HIGH_1,LOW_1,BID,ASK,TRDPRC_1,TRDVOL_1",1789.46,1765.8,1770.1758,1771.2441,1770.70995
2021-12-15,XAU=,"OPEN_PRC,HIGH_1,LOW_1,BID,ASK,TRDPRC_1,TRDVOL_1",1780.7,1753.303,1777.06,1777.83,1777.445
2021-12-16,XAU=,"OPEN_PRC,HIGH_1,LOW_1,BID,ASK,TRDPRC_1,TRDVOL_1",1799.06,1774.9,1799.0272,1799.7603,1799.39375
2021-12-17,XAU=,"OPEN_PRC,HIGH_1,LOW_1,BID,ASK,TRDPRC_1,TRDVOL_1",1814.05,1795.0,1797.682,1798.7004,1798.1912
2021-12-20,XAU=,"OPEN_PRC,HIGH_1,LOW_1,BID,ASK,TRDPRC_1,TRDVOL_1",1803.85,1787.18,1789.318,1790.0248,1789.6714
2021-12-21,XAU=,"OPEN_PRC,HIGH_1,LOW_1,BID,ASK,TRDPRC_1,TRDVOL_1",1800.2,1783.9,1788.3604,1789.446,1788.9032
2021-12-22,XAU=,"OPEN_PRC,HIGH_1,LOW_1,BID,ASK,TRDPRC_1,TRDVOL_1",1804.61,1784.6,1803.3954,1804.0579,1803.72665
2021-12-23,XAU=,"OPEN_PRC,HIGH_1,LOW_1,BID,ASK,TRDPRC_1,TRDVOL_1",1810.53,1798.5,1807.91,1808.68,1808.295
2021-12-24,XAU=,"OPEN_PRC,HIGH_1,LOW_1,BID,ASK,TRDPRC_1,TRDVOL_1",1812.31,1800.61,1808.115,1808.6851,1808.40005
2021-12-27,XAU=,"OPEN_PRC,HIGH_1,LOW_1,BID,ASK,TRDPRC_1,TRDVOL_1",1813.38,1802.3,1810.9,1812.9,1811.9
2021-12-28,XAU=,"OPEN_PRC,HIGH_1,LOW_1,BID,ASK,TRDPRC_1,TRDVOL_1",1820.0,1803.79,1805.3657,1806.0646,1805.71515
2021-12-29,XAU=,"OPEN_PRC,HIGH_1,LOW_1,BID,ASK,TRDPRC_1,TRDVOL_1",1807.67,1788.33,1803.66,1804.43,1804.045
2021-12-30,XAU=,"OPEN_PRC,HIGH_1,LOW_1,BID,ASK,TRDPRC_1,TRDVOL_1",1816.99,1795.0,1815.0109,1815.6754,1815.3431500000002
2021-12-31,XAU=,"OPEN_PRC,HIGH_1,LOW_1,BID,ASK,TRDPRC_1,TRDVOL_1",1830.06,1813.6,1828.3903,1829.163,1828.77665
2022-01-03,XAU=,"OPEN_PRC,HIGH_1,LOW_1,BID,ASK,TRDPRC_1,TRDVOL_1",1831.62,1797.3,1800.8488,1801.9417,1801.39525
2022-01-04,XAU=,"OPEN_PRC,HIGH_1,LOW_1,BID,ASK,TRDPRC_1,TRDVOL_1",1816.48,1797.9,1814.56,1815.33,1814.945
2022-01-05,XAU=,"OPEN_PRC,HIGH_1,LOW_1,BID,ASK,TRDPRC_1,TRDVOL_1",1829.45,1807.39,1809.5342,1810.2059,1809.87005
2022-01-06,XAU=,"OPEN_PRC,HIGH_1,LOW_1,BID,ASK,TRDPRC_1,TRDVOL_1",1811.4766,1785.4,1788.6758,1790.158,1789.4169
2022-01-07,XAU=,"OPEN_PRC,HIGH_1,LOW_1,BID,ASK,TRDPRC_1,TRDVOL_1",1798.5,1782.1,1795.6321,1796.6785,1796.1553
2022-01-10,XAU=,"OPEN_PRC,HIGH_1,LOW_1,BID,ASK,TRDPRC_1,TRDVOL_1",1802.32,1790.04,1801.4054,1802.0247,1801.71505
2022-01-11,XAU=,"OPEN_PRC,HIGH_1,LOW_1,BID,ASK,TRDPRC_1,TRDVOL_1",1822.91,1799.71,1822.01,1822.78,1822.395
2022-01-12,XAU=,"OPEN_PRC,HIGH_1,LOW_1,BID,ASK,TRDPRC_1,TRDVOL_1",1827.92,1813.4,1825.3195,1826.4105,1825.865
2022-01-13,XAU=,"OPEN_PRC,HIGH_1,LOW_1,BID,ASK,TRDPRC_1,TRDVOL_1",1827.86,1811.2,1822.0876,1823.104,1822.5958
2022-01-14,XAU=,"OPEN_PRC,HIGH_1,LOW_1,BID,ASK,TRDPRC_1,TRDVOL_1",1828.92,1813.4,1817.219,1817.881,1817.5500000000002
2022-01-17,XAU=,"OPEN_PRC,HIGH_1,LOW_1,BID,ASK,TRDPRC_1,TRDVOL_1",1823.05,1812.07,1818.99,1820.1,1819.545
2022-01-18,XAU=,"OPEN_PRC,HIGH_1,LOW_1,BID,ASK,TRDPRC_1,TRDVOL_1",1822.6,1805.0,1813.5367,1814.236,1813.8863500000002
2022-01-19,XAU=,"OPEN_PRC,HIGH_1,LOW_1,BID,ASK,TRDPRC_1,TRDVOL_1",1843.15,1809.35,1839.96,1840.73,1840.345
2022-01-20,XAU=,"OPEN_PRC,HIGH_1,LOW_1,BID,ASK,TRDPRC_1,TRDVOL_1",1847.72,1834.9,1838.36,1839.13,1838.745
2022-01-21,XAU=,"OPEN_PRC,HIGH_1,LOW_1,BID,ASK,TRDPRC_1,TRDVOL_1",1842.86,1827.42,1833.2386,1834.2664,1833.7525
2022-01-24,XAU=,"OPEN_PRC,HIGH_1,LOW_1,BID,ASK,TRDPRC_1,TRDVOL_1",1843.96,1828.49,1843.06,1843.83,1843.445
2022-01-25,XAU=,"OPEN_PRC,HIGH_1,LOW_1,BID,ASK,TRDPRC_1,TRDVOL_1",1853.67,1833.9,1847.56,1848.33,1847.945
2022-01-26,XAU=,"OPEN_PRC,HIGH_1,LOW_1,BID,ASK,TRDPRC_1,TRDVOL_1",1849.7841,1814.51,1818.1171,1819.1377,1818.6273999999999
2022-01-27,XAU=,"OPEN_PRC,HIGH_1,LOW_1,BID,ASK,TRDPRC_1,TRDVOL_1",1821.86,1790.2,1796.51,1797.28,1796.895
2022-01-28,XAU=,"OPEN_PRC,HIGH_1,LOW_1,BID,ASK,TRDPRC_1,TRDVOL_1",1799.39,1779.2,1791.0336,1791.7825,1791.40805
2022-01-31,XAU=,"OPEN_PRC,HIGH_1,LOW_1,BID,ASK,TRDPRC_1,TRDVOL_1",1799.81,1784.4,1796.4686,1797.5879,1797.0282499999998
2022-02-01,XAU=,"OPEN_PRC,HIGH_1,LOW_1,BID,ASK,TRDPRC_1,TRDVOL_1",1808.62,1794.5,1800.6519,1801.5314,1801.09165
2022-02-02,XAU=,"OPEN_PRC,HIGH_1,LOW_1,BID,ASK,TRDPRC_1,TRDVOL_1",1810.86,1793.4,1806.4976,1807.7075,1807.10255
2022-02-03,XAU=,"OPEN_PRC,HIGH_1,LOW_1,BID,ASK,TRDPRC_1,TRDVOL_1",1808.85,1787.7,1804.4047,1805.1219,1804.7633
2022-02-04,XAU=,"OPEN_PRC,HIGH_1,LOW_1,BID,ASK,TRDPRC_1,TRDVOL_1",1814.67,1789.99,1807.494,1808.266,1807.88
2022-02-07,XAU=,"OPEN_PRC,HIGH_1,LOW_1,BID,ASK,TRDPRC_1,TRDVOL_1",1823.21,1806.49,1820.31,1821.08,1820.695
2022-02-08,XAU=,"OPEN_PRC,HIGH_1,LOW_1,BID,ASK,TRDPRC_1,TRDVOL_1",1828.68,1814.3,1825.4849,1826.576,1826.03045
2022-02-09,XAU=,"OPEN_PRC,HIGH_1,LOW_1,BID,ASK,TRDPRC_1,TRDVOL_1",1835.6,1823.82,1832.4255,1833.2411,1832.8333
2022-02-10,XAU=,"OPEN_PRC,HIGH_1,LOW_1,BID,ASK,TRDPRC_1,TRDVOL_1",1841.71,1820.8,1826.5701,1827.8961,1827.2331
2022-02-11,XAU=,"OPEN_PRC,HIGH_1,LOW_1,BID,ASK,TRDPRC_1,TRDVOL_1",1865.15,1820.3,1859.9591,1861.1593,1860.5592000000001
2022-02-14,XAU=,"OPEN_PRC,HIGH_1,LOW_1,BID,ASK,TRDPRC_1,TRDVOL_1",1873.91,1849.8,1870.2948,1871.1696,1870.7322
2022-02-15,XAU=,"OPEN_PRC,HIGH_1,LOW_1,BID,ASK,TRDPRC_1,TRDVOL_1",1879.48,1843.5,1853.06,1853.83,1853.445
2022-02-16,XAU=,"OPEN_PRC,HIGH_1,LOW_1,BID,ASK,TRDPRC_1,TRDVOL_1",1872.41,1849.32,1868.3674,1869.0076,1868.6875
2022-02-17,XAU=,"OPEN_PRC,HIGH_1,LOW_1,BID,ASK,TRDPRC_1,TRDVOL_1",1900.99,1866.59,1897.2697,1897.976,1897.6228500000002
2022-02-18,XAU=,"OPEN_PRC,HIGH_1,LOW_1,BID,ASK,TRDPRC_1,TRDVOL_1",1902.2223,1885.55,1897.868,1898.7383,1898.30315
2022-02-21,XAU=,"OPEN_PRC,HIGH_1,LOW_1,BID,ASK,TRDPRC_1,TRDVOL_1",1908.0262,1886.4,1905.6348,1906.1448,1905.8898
2022-02-22,XAU=,"OPEN_PRC,HIGH_1,LOW_1,BID,ASK,TRDPRC_1,TRDVOL_1",1913.89,1890.5,1898.1344,1898.7983,1898.46635
2022-02-23,XAU=,"OPEN_PRC,HIGH_1,LOW_1,BID,ASK,TRDPRC_1,TRDVOL_1",1910.3,1888.6,1907.5494,1908.2263,1907.88785
2022-02-24,XAU=,"OPEN_PRC,HIGH_1,LOW_1,BID,ASK,TRDPRC_1,TRDVOL_1",1973.96,1878.49,1903.144,1904.0022,1903.5731
2022-02-25,XAU=,"OPEN_PRC,HIGH_1,LOW_1,BID,ASK,TRDPRC_1,TRDVOL_1",1921.2295,1882.75,1887.5608,1888.4041,1887.98245
2022-02-28,XAU=,"OPEN_PRC,HIGH_1,LOW_1,BID,ASK,TRDPRC_1,TRDVOL_1",1928.3173,1889.8,1907.9028,1908.6373,1908.27005
2022-03-01,XAU=,"OPEN_PRC,HIGH_1,LOW_1,BID,ASK,TRDPRC_1,TRDVOL_1",1949.91,1900.3,1943.219,1944.2751,1943.74705
2022-03-02,XAU=,"OPEN_PRC,HIGH_1,LOW_1,BID,ASK,TRDPRC_1,TRDVOL_1",1947.65,1913.3149,1926.1108,1927.1746,1926.6426999999999
2022-03-03,XAU=,"OPEN_PRC,HIGH_1,LOW_1,BID,ASK,TRDPRC_1,TRDVOL_1",1941.0,1921.11,1935.21,1935.98,1935.595
2022-03-04,XAU=,"OPEN_PRC,HIGH_1,LOW_1,BID,ASK,TRDPRC_1,TRDVOL_1",1970.0,1929.17,1968.4535,1969.364,1968.90875
2022-03-07,XAU=,"OPEN_PRC,HIGH_1,LOW_1,BID,ASK,TRDPRC_1,TRDVOL_1",2002.4,1960.1,1998.11,1998.88,1998.495
2022-03-08,XAU=,"OPEN_PRC,HIGH_1,LOW_1,BID,ASK,TRDPRC_1,TRDVOL_1",2069.89,1980.6403,2052.41,2053.18,2052.795
2022-03-09,XAU=,"OPEN_PRC,HIGH_1,LOW_1,BID,ASK,TRDPRC_1,TRDVOL_1",2058.96,1975.89,1991.49,1992.5,1991.995
2022-03-10,XAU=,"OPEN_PRC,HIGH_1,LOW_1,BID,ASK,TRDPRC_1,TRDVOL_1",2008.95,1970.2933,1995.8586,1996.7791,1996.31885
2022-03-11,XAU=,"OPEN_PRC,HIGH_1,LOW_1,BID,ASK,TRDPRC_1,TRDVOL_1",1998.6958,1958.39,1985.2885,1986.0594,1985.67395
2022-03-14,XAU=,"OPEN_PRC,HIGH_1,LOW_1,BID,ASK,TRDPRC_1,TRDVOL_1",1989.46,1949.4194,1951.115,1951.635,1951.375
2022-03-15,XAU=,"OPEN_PRC,HIGH_1,LOW_1,BID,ASK,TRDPRC_1,TRDVOL_1",1954.31,1906.0,1917.8427,1918.3676,1918.1051499999999
2022-03-16,XAU=,"OPEN_PRC,HIGH_1,LOW_1,BID,ASK,TRDPRC_1,TRDVOL_1",1929.34,1894.7039,1927.9292,1928.4808,1928.205
2022-03-17,XAU=,"OPEN_PRC,HIGH_1,LOW_1,BID,ASK,TRDPRC_1,TRDVOL_1",1949.5,1923.01,1942.64,1943.15,1942.895
2022-03-18,XAU=,"OPEN_PRC,HIGH_1,LOW_1,BID,ASK,TRDPRC_1,TRDVOL_1",1944.96,1917.35,1921.087,1921.8231,1921.45505
2022-03-21,XAU=,"OPEN_PRC,HIGH_1,LOW_1,BID,ASK,TRDPRC_1,TRDVOL_1",1940.31,1917.39,1935.9524,1936.5076,1936.23
2022-03-22,XAU=,"OPEN_PRC,HIGH_1,LOW_1,BID,ASK,TRDPRC_1,TRDVOL_1",1938.13,1910.2,1921.4417,1921.9983,1921.72
2022-03-23,XAU=,"OPEN_PRC,HIGH_1,LOW_1,BID,ASK,TRDPRC_1,TRDVOL_1",1948.1,1914.7,1943.3809,1943.9291,1943.6550000000002
2022-03-24,XAU=,"OPEN_PRC,HIGH_1,LOW_1,BID,ASK,TRDPRC_1,TRDVOL_1",1965.81,1936.59,1957.48,1957.99,1957.7350000000001
2022-03-25,XAU=,"OPEN_PRC,HIGH_1,LOW_1,BID,ASK,TRDPRC_1,TRDVOL_1",1963.98,1943.16,1957.4,1959.4,1958.4
2022-03-28,XAU=,"OPEN_PRC,HIGH_1,LOW_1,BID,ASK,TRDPRC_1,TRDVOL_1",1958.4976,1916.35,1923.2025,1923.7275,1923.4650000000001
2022-03-29,XAU=,"OPEN_PRC,HIGH_1,LOW_1,BID,ASK,TRDPRC_1,TRDVOL_1",1928.96,1889.45,1919.1851,1919.7051,1919.4451
2022-03-30,XAU=,"OPEN_PRC,HIGH_1,LOW_1,BID,ASK,TRDPRC_1,TRDVOL_1",1938.11,1915.05,1933.0594,1933.6106,1933.335
2022-03-31,XAU=,"OPEN_PRC,HIGH_1,LOW_1,BID,ASK,TRDPRC_1,TRDVOL_1",1949.6,1918.5,1937.23,1937.78,1937.505
2022-04-01,XAU=,"OPEN_PRC,HIGH_1,LOW_1,BID,ASK,TRDPRC_1,TRDVOL_1",1939.625,1916.8,1924.3,1926.3,1925.3
2022-04-04,XAU=,"OPEN_PRC,HIGH_1,LOW_1,BID,ASK,TRDPRC_1,TRDVOL_1",1936.6,1915.16,1932.4391,1933.121,1932.78005
2022-04-05,XAU=,"OPEN_PRC,HIGH_1,LOW_1,BID,ASK,TRDPRC_1,TRDVOL_1",1944.16,1917.15,1923.7574,1924.3225,1924.0399499999999
2022-04-06,XAU=,"OPEN_PRC,HIGH_1,LOW_1,BID,ASK,TRDPRC_1,TRDVOL_1",1933.26,1914.86,1925.4808,1926.0292,1925.755
2022-04-07,XAU=,"OPEN_PRC,HIGH_1,LOW_1,BID,ASK,TRDPRC_1,TRDVOL_1",1937.55,1919.68,1932.1741,1932.726,1932.45005
2022-04-08,XAU=,"OPEN_PRC,HIGH_1,LOW_1,BID,ASK,TRDPRC_1,TRDVOL_1",1947.97,1926.79,1945.85,1947.85,1946.85
2022-04-11,XAU=,"OPEN_PRC,HIGH_1,LOW_1,BID,ASK,TRDPRC_1,TRDVOL_1",1968.91,1939.66,1953.4324,1953.9976,1953.715
2022-04-12,XAU=,"OPEN_PRC,HIGH_1,LOW_1,BID,ASK,TRDPRC_1,TRDVOL_1",1978.21,1948.95,1966.59,1967.1,1966.8449999999998
2022-04-13,XAU=,"OPEN_PRC,HIGH_1,LOW_1,BID,ASK,TRDPRC_1,TRDVOL_1",1981.3,1961.9,1977.7228,1978.2772,1978.0
2022-04-14,XAU=,"OPEN_PRC,HIGH_1,LOW_1,BID,ASK,TRDPRC_1,TRDVOL_1",1980.27,1960.49,1973.5195,1974.0706,1973.7950500000002
2022-04-15,XAU=,"OPEN_PRC,HIGH_1,LOW_1,BID,ASK,TRDPRC_1,TRDVOL_1",1975.3037,1972.545,1974.5359,1975.0842,1974.81005
2022-04-18,XAU=,"OPEN_PRC,HIGH_1,LOW_1,BID,ASK,TRDPRC_1,TRDVOL_1",1998.1,1970.29,1978.4967,1979.4033,1978.9499999999998
2022-04-19,XAU=,"OPEN_PRC,HIGH_1,LOW_1,BID,ASK,TRDPRC_1,TRDVOL_1",1981.71,1943.41,1949.84,1950.35,1950.0949999999998
2022-04-20,XAU=,"OPEN_PRC,HIGH_1,LOW_1,BID,ASK,TRDPRC_1,TRDVOL_1",1958.06,1938.65,1957.405,1957.955,1957.6799999999998
2022-04-21,XAU=,"OPEN_PRC,HIGH_1,LOW_1,BID,ASK,TRDPRC_1,TRDVOL_1",1957.6,1936.46,1951.495,1952.025,1951.76
2022-04-22,XAU=,"OPEN_PRC,HIGH_1,LOW_1,BID,ASK,TRDPRC_1,TRDVOL_1",1955.45,1925.9,1929.73,1931.73,1930.73
2022-04-25,XAU=,"OPEN_PRC,HIGH_1,LOW_1,BID,ASK,TRDPRC_1,TRDVOL_1",1934.1173,1890.2,1897.6925,1898.2476,1897.97005
2022-04-26,XAU=,"OPEN_PRC,HIGH_1,LOW_1,BID,ASK,TRDPRC_1,TRDVOL_1",1911.0,1894.8,1905.5576,1906.1124,1905.835
2022-04-27,XAU=,"OPEN_PRC,HIGH_1,LOW_1,BID,ASK,TRDPRC_1,TRDVOL_1",1906.7141,1880.9,1886.1154,1886.6252,1886.3703
2022-04-28,XAU=,"OPEN_PRC,HIGH_1,LOW_1,BID,ASK,TRDPRC_1,TRDVOL_1",1896.54,1871.81,1894.3423,1895.1382,1894.74025
2022-04-29,XAU=,"OPEN_PRC,HIGH_1,LOW_1,BID,ASK,TRDPRC_1,TRDVOL_1",1919.55,1891.6,1896.3959,1897.274,1896.83495
2022-05-02,XAU=,"OPEN_PRC,HIGH_1,LOW_1,BID,ASK,TRDPRC_1,TRDVOL_1",1899.61,1854.36,1862.7676,1863.3224,1863.045
2022-05-03,XAU=,"OPEN_PRC,HIGH_1,LOW_1,BID,ASK,TRDPRC_1,TRDVOL_1",1877.89,1849.9,1867.785,1868.295,1868.04
2022-05-04,XAU=,"OPEN_PRC,HIGH_1,LOW_1,BID,ASK,TRDPRC_1,TRDVOL_1",1889.36,1860.58,1880.9229,1881.4772,1881.20005
2022-05-05,XAU=,"OPEN_PRC,HIGH_1,LOW_1,BID,ASK,TRDPRC_1,TRDVOL_1",1909.55,1872.05,1876.8408,1877.3892,1877.115
2022-05-06,XAU=,"OPEN_PRC,HIGH_1,LOW_1,BID,ASK,TRDPRC_1,TRDVOL_1",1892.4,1865.29,1882.9565,1884.2135,1883.585
2022-05-09,XAU=,"OPEN_PRC,HIGH_1,LOW_1,BID,ASK,TRDPRC_1,TRDVOL_1",1885.46,1850.64,1853.9207,1854.4795,1854.2001
2022-05-10,XAU=,"OPEN_PRC,HIGH_1,LOW_1,BID,ASK,TRDPRC_1,TRDVOL_1",1865.17,1835.11,1838.1431,1838.668,1838.40555
2022-05-11,XAU=,"OPEN_PRC,HIGH_1,LOW_1,BID,ASK,TRDPRC_1,TRDVOL_1",1857.61,1831.2,1852.1202,1852.8099,1852.46505
2022-05-12,XAU=,"OPEN_PRC,HIGH_1,LOW_1,BID,ASK,TRDPRC_1,TRDVOL_1",1858.59,1820.3,1821.72,1822.23,1821.975
2022-05-13,XAU=,"OPEN_PRC,HIGH_1,LOW_1,BID,ASK,TRDPRC_1,TRDVOL_1",1828.52,1798.86,1811.1544,1812.2957,1811.72505
2022-05-16,XAU=,"OPEN_PRC,HIGH_1,LOW_1,BID,ASK,TRDPRC_1,TRDVOL_1",1826.69,1786.6,1823.7904,1824.8096,1824.3000000000002
2022-05-17,XAU=,"OPEN_PRC,HIGH_1,LOW_1,BID,ASK,TRDPRC_1,TRDVOL_1",1835.99,1812.09,1814.6685,1815.7317,1815.2001
2022-05-18,XAU=,"OPEN_PRC,HIGH_1,LOW_1,BID,ASK,TRDPRC_1,TRDVOL_1",1824.59,1806.89,1815.61,1817.61,1816.61
2022-05-19,XAU=,"OPEN_PRC,HIGH_1,LOW_1,BID,ASK,TRDPRC_1,TRDVOL_1",1849.09,1810.0,1841.7188,1842.7913,1842.2550500000002
2022-05-20,XAU=,"OPEN_PRC,HIGH_1,LOW_1,BID,ASK,TRDPRC_1,TRDVOL_1",1849.29,1832.0,1845.68,1847.68,1846.68
2022-05-23,XAU=,"OPEN_PRC,HIGH_1,LOW_1,BID,ASK,TRDPRC_1,TRDVOL_1",1865.29,1843.41,1853.2185,1853.9814,1853.5999499999998
2022-05-24,XAU=,"OPEN_PRC,HIGH_1,LOW_1,BID,ASK,TRDPRC_1,TRDVOL_1",1869.49,1848.52,1865.9,1867.2,1866.5500000000002
2022-05-25,XAU=,"OPEN_PRC,HIGH_1,LOW_1,BID,ASK,TRDPRC_1,TRDVOL_1",1867.89,1842.49,1852.8307,1854.1356,1853.48315
2022-05-26,XAU=,"OPEN_PRC,HIGH_1,LOW_1,BID,ASK,TRDPRC_1,TRDVOL_1",1854.19,1840.77,1850.0236,1850.9332,1850.4784
2022-05-27,XAU=,"OPEN_PRC,HIGH_1,LOW_1,BID,ASK,TRDPRC_1,TRDVOL_1",1861.79,1847.3,1852.73,1854.73,1853.73
2022-05-30,XAU=,"OPEN_PRC,HIGH_1,LOW_1,BID,ASK,TRDPRC_1,TRDVOL_1",1863.82,1847.23,1856.2129,1856.7783,1856.4956
2022-05-31,XAU=,"OPEN_PRC,HIGH_1,LOW_1,BID,ASK,TRDPRC_1,TRDVOL_1",1856.99,1834.49,1837.0925,1837.6475,1837.37
2022-06-01,XAU=,"OPEN_PRC,HIGH_1,LOW_1,BID,ASK,TRDPRC_1,TRDVOL_1",1849.89,1827.8,1845.55,1847.55,1846.55
2022-06-02,XAU=,"OPEN_PRC,HIGH_1,LOW_1,BID,ASK,TRDPRC_1,TRDVOL_1",1870.2,1843.15,1868.1277,1868.9323,1868.53
2022-06-03,XAU=,"OPEN_PRC,HIGH_1,LOW_1,BID,ASK,TRDPRC_1,TRDVOL_1",1873.79,1846.44,1850.7656,1851.5244,1851.145
2022-06-06,XAU=,"OPEN_PRC,HIGH_1,LOW_1,BID,ASK,TRDPRC_1,TRDVOL_1",1857.59,1839.905,1840.9982,1842.191,1841.5946
2022-06-07,XAU=,"OPEN_PRC,HIGH_1,LOW_1,BID,ASK,TRDPRC_1,TRDVOL_1",1855.39,1836.1,1851.9741,1853.1522,1852.56315
2022-06-08,XAU=,"OPEN_PRC,HIGH_1,LOW_1,BID,ASK,TRDPRC_1,TRDVOL_1",1859.49,1843.7,1853.255,1853.806,1853.5305
2022-06-09,XAU=,"OPEN_PRC,HIGH_1,LOW_1,BID,ASK,TRDPRC_1,TRDVOL_1",1855.19,1838.9,1847.6095,1848.1805,1847.895
2022-06-10,XAU=,"OPEN_PRC,HIGH_1,LOW_1,BID,ASK,TRDPRC_1,TRDVOL_1",1875.65,1824.63,1870.96,1871.96,1871.46
2022-06-13,XAU=,"OPEN_PRC,HIGH_1,LOW_1,BID,ASK,TRDPRC_1,TRDVOL_1",1877.0496,1818.57,1818.7742,1819.4868,1819.1305
2022-06-14,XAU=,"OPEN_PRC,HIGH_1,LOW_1,BID,ASK,TRDPRC_1,TRDVOL_1",1831.49,1803.9,1808.1,1808.61,1808.355
2022-06-15,XAU=,"OPEN_PRC,HIGH_1,LOW_1,BID,ASK,TRDPRC_1,TRDVOL_1",1841.49,1806.597,1833.3793,1834.5908,1833.98505
2022-06-16,XAU=,"OPEN_PRC,HIGH_1,LOW_1,BID,ASK,TRDPRC_1,TRDVOL_1",1857.3174,1815.6,1856.7075,1857.9625,1857.335
2022-06-17,XAU=,"OPEN_PRC,HIGH_1,LOW_1,BID,ASK,TRDPRC_1,TRDVOL_1",1857.2853,1833.35,1839.35,1841.35,1840.35
2022-06-20,XAU=,"OPEN_PRC,HIGH_1,LOW_1,BID,ASK,TRDPRC_1,TRDVOL_1",1846.13,1833.89,1838.2876,1839.4424,1838.865
2022-06-21,XAU=,"OPEN_PRC,HIGH_1,LOW_1,BID,ASK,TRDPRC_1,TRDVOL_1",1843.49,1827.77,1832.5585,1833.6815,1833.12
2022-06-22,XAU=,"OPEN_PRC,HIGH_1,LOW_1,BID,ASK,TRDPRC_1,TRDVOL_1",1847.69,1822.77,1837.3864,1838.4569,1837.92165
2022-06-23,XAU=,"OPEN_PRC,HIGH_1,LOW_1,BID,ASK,TRDPRC_1,TRDVOL_1",1845.99,1820.99,1822.4293,1823.4617,1822.9455
2022-06-24,XAU=,"OPEN_PRC,HIGH_1,LOW_1,BID,ASK,TRDPRC_1,TRDVOL_1",1831.59,1816.1,1826.18,1828.18,1827.18
2022-06-27,XAU=,"OPEN_PRC,HIGH_1,LOW_1,BID,ASK,TRDPRC_1,TRDVOL_1",1840.79,1819.7,1822.73,1823.26,1822.995
2022-06-28,XAU=,"OPEN_PRC,HIGH_1,LOW_1,BID,ASK,TRDPRC_1,TRDVOL_1",1829.39,1817.7,1819.6949,1820.205,1819.94995
2022-06-29,XAU=,"OPEN_PRC,HIGH_1,LOW_1,BID,ASK,TRDPRC_1,TRDVOL_1",1832.59,1811.7,1817.109,1818.271,1817.69
2022-06-30,XAU=,"OPEN_PRC,HIGH_1,LOW_1,BID,ASK,TRDPRC_1,TRDVOL_1",1824.99,1801.5,1806.887,1808.0631,1807.47505
2022-07-01,XAU=,"OPEN_PRC,HIGH_1,LOW_1,BID,ASK,TRDPRC_1,TRDVOL_1",1811.29,1783.5,1810.18,1812.18,1811.18
2022-07-04,XAU=,"OPEN_PRC,HIGH_1,LOW_1,BID,ASK,TRDPRC_1,TRDVOL_1",1814.0132,1802.7,1809.1166,1810.1533,1809.6349500000001
2022-07-05,XAU=,"OPEN_PRC,HIGH_1,LOW_1,BID,ASK,TRDPRC_1,TRDVOL_1",1811.9,1762.81,1764.3528,1765.4073,1764.88005
2022-07-06,XAU=,"OPEN_PRC,HIGH_1,LOW_1,BID,ASK,TRDPRC_1,TRDVOL_1",1772.59,1731.0,1738.3035,1739.5466,1738.9250499999998
2022-07-07,XAU=,"OPEN_PRC,HIGH_1,LOW_1,BID,ASK,TRDPRC_1,TRDVOL_1",1748.79,1735.34,1739.6115,1740.8669,1740.2392
2022-07-08,XAU=,"OPEN_PRC,HIGH_1,LOW_1,BID,ASK,TRDPRC_1,TRDVOL_1",1752.19,1732.99,1741.82,1743.82,1742.82
2022-07-11,XAU=,"OPEN_PRC,HIGH_1,LOW_1,BID,ASK,TRDPRC_1,TRDVOL_1",1744.39,1730.42,1733.6726,1734.2974,1733.9850000000001
2022-07-12,XAU=,"OPEN_PRC,HIGH_1,LOW_1,BID,ASK,TRDPRC_1,TRDVOL_1",1742.99,1722.36,1725.806,1726.524,1726.165
2022-07-13,XAU=,"OPEN_PRC,HIGH_1,LOW_1,BID,ASK,TRDPRC_1,TRDVOL_1",1745.19,1707.09,1735.2314,1735.8284,1735.5299
2022-07-14,XAU=,"OPEN_PRC,HIGH_1,LOW_1,BID,ASK,TRDPRC_1,TRDVOL_1",1736.2634,1697.07,1709.4491,1710.551,1710.00005
2022-07-15,XAU=,"OPEN_PRC,HIGH_1,LOW_1,BID,ASK,TRDPRC_1,TRDVOL_1",1716.49,1698.44,1706.78,1708.78,1707.78
2022-07-18,XAU=,"OPEN_PRC,HIGH_1,LOW_1,BID,ASK,TRDPRC_1,TRDVOL_1",1723.69,1705.4,1709.0118,1709.7882,1709.4
2022-07-19,XAU=,"OPEN_PRC,HIGH_1,LOW_1,BID,ASK,TRDPRC_1,TRDVOL_1",1718.19,1704.36,1711.0656,1712.3445,1711.70505
2022-07-20,XAU=,"OPEN_PRC,HIGH_1,LOW_1,BID,ASK,TRDPRC_1,TRDVOL_1",1714.39,1692.2664,1696.433,1697.017,1696.725
2022-07-21,XAU=,"OPEN_PRC,HIGH_1,LOW_1,BID,ASK,TRDPRC_1,TRDVOL_1",1720.09,1680.25,1718.4924,1719.0575,1718.77495
2022-07-22,XAU=,"OPEN_PRC,HIGH_1,LOW_1,BID,ASK,TRDPRC_1,TRDVOL_1",1738.99,1712.66,1726.46,1728.46,1727.46
2022-07-25,XAU=,"OPEN_PRC,HIGH_1,LOW_1,BID,ASK,TRDPRC_1,TRDVOL_1",1736.1,1714.25,1718.78,1720.78,1719.78
2022-07-26,XAU=,"OPEN_PRC,HIGH_1,LOW_1,BID,ASK,TRDPRC_1,TRDVOL_1",1728.01,1712.6,1717.0005,1717.8094,1717.40495
2022-07-27,XAU=,"OPEN_PRC,HIGH_1,LOW_1,BID,ASK,TRDPRC_1,TRDVOL_1",1740.1,1711.129,1733.8922,1735.4587,1734.67545
2022-07-28,XAU=,"OPEN_PRC,HIGH_1,LOW_1,BID,ASK,TRDPRC_1,TRDVOL_1",1756.89,1732.99,1755.4937,1756.1176,1755.80565
2022-07-29,XAU=,"OPEN_PRC,HIGH_1,LOW_1,BID,ASK,TRDPRC_1,TRDVOL_1",1767.79,1751.67,1765.22,1767.22,1766.22
2022-08-01,XAU=,"OPEN_PRC,HIGH_1,LOW_1,BID,ASK,TRDPRC_1,TRDVOL_1",1774.95,1757.44,1771.7292,1773.0406,1772.3849
2022-08-02,XAU=,"OPEN_PRC,HIGH_1,LOW_1,BID,ASK,TRDPRC_1,TRDVOL_1",1787.79,1759.33,1759.7466,1760.9235,1760.3350500000001
2022-08-03,XAU=,"OPEN_PRC,HIGH_1,LOW_1,BID,ASK,TRDPRC_1,TRDVOL_1",1772.59,1753.97,1764.896,1766.1191,1765.5075499999998
2022-08-04,XAU=,"OPEN_PRC,HIGH_1,LOW_1,BID,ASK,TRDPRC_1,TRDVOL_1",1794.79,1762.4,1791.0813,1791.5913,1791.3363
2022-08-05,XAU=,"OPEN_PRC,HIGH_1,LOW_1,BID,ASK,TRDPRC_1,TRDVOL_1",1794.79,1764.56,1774.15,1776.15,1775.15
2022-08-08,XAU=,"OPEN_PRC,HIGH_1,LOW_1,BID,ASK,TRDPRC_1,TRDVOL_1",1789.89,1770.41,1788.5239,1789.556,1789.0399499999999
2022-08-09,XAU=,"OPEN_PRC,HIGH_1,LOW_1,BID,ASK,TRDPRC_1,TRDVOL_1",1800.29,1782.24,1794.0846,1794.6954,1794.3899999999999
2022-08-10,XAU=,"OPEN_PRC,HIGH_1,LOW_1,BID,ASK,TRDPRC_1,TRDVOL_1",1807.79,1786.75,1792.1278,1792.6528,1792.3903
2022-08-11,XAU=,"OPEN_PRC,HIGH_1,LOW_1,BID,ASK,TRDPRC_1,TRDVOL_1",1799.19,1782.63,1789.4504,1790.1501,1789.80025
2022-08-12,XAU=,"OPEN_PRC,HIGH_1,LOW_1,BID,ASK,TRDPRC_1,TRDVOL_1",1802.29,1783.93,1801.7612,1802.9088,1802.335
2022-08-15,XAU=,"OPEN_PRC,HIGH_1,LOW_1,BID,ASK,TRDPRC_1,TRDVOL_1",1802.09,1772.3,1778.91,1780.91,1779.91
2022-08-16,XAU=,"OPEN_PRC,HIGH_1,LOW_1,BID,ASK,TRDPRC_1,TRDVOL_1",1782.92,1770.86,1775.5417,1776.0884,1775.8150500000002
2022-08-17,XAU=,"OPEN_PRC,HIGH_1,LOW_1,BID,ASK,TRDPRC_1,TRDVOL_1",1782.19,1759.17,1761.05,1762.1801,1761.6150499999999
2022-08-18,XAU=,"OPEN_PRC,HIGH_1,LOW_1,BID,ASK,TRDPRC_1,TRDVOL_1",1772.29,1755.1365,1758.1956,1759.4745,1758.8350500000001
2022-08-19,XAU=,"OPEN_PRC,HIGH_1,LOW_1,BID,ASK,TRDPRC_1,TRDVOL_1",1759.19,1744.69,1747.829,1748.3842,1748.1066
2022-08-22,XAU=,"OPEN_PRC,HIGH_1,LOW_1,BID,ASK,TRDPRC_1,TRDVOL_1",1748.8149,1727.01,1735.705,1737.0851,1736.39505
2022-08-23,XAU=,"OPEN_PRC,HIGH_1,LOW_1,BID,ASK,TRDPRC_1,TRDVOL_1",1753.99,1730.03,1747.6746,1748.5905,1748.13255
2022-08-24,XAU=,"OPEN_PRC,HIGH_1,LOW_1,BID,ASK,TRDPRC_1,TRDVOL_1",1755.69,1741.87,1750.8882,1751.8969,1751.39255
2022-08-25,XAU=,"OPEN_PRC,HIGH_1,LOW_1,BID,ASK,TRDPRC_1,TRDVOL_1",1765.39,1749.12,1758.4374,1759.4426,1758.94
2022-08-26,XAU=,"OPEN_PRC,HIGH_1,LOW_1,BID,ASK,TRDPRC_1,TRDVOL_1",1758.79,1733.26,1736.86,1738.86,1737.86
2022-08-29,XAU=,"OPEN_PRC,HIGH_1,LOW_1,BID,ASK,TRDPRC_1,TRDVOL_1",1745.39,1719.56,1737.8237,1738.8962,1738.35995
2022-08-30,XAU=,"OPEN_PRC,HIGH_1,LOW_1,BID,ASK,TRDPRC_1,TRDVOL_1",1740.29,1720.31,1723.5498,1724.1108,1723.8303
2022-08-31,XAU=,"OPEN_PRC,HIGH_1,LOW_1,BID,ASK,TRDPRC_1,TRDVOL_1",1726.29,1708.4,1710.705,1711.215,1710.96
2022-09-01,XAU=,"OPEN_PRC,HIGH_1,LOW_1,BID,ASK,TRDPRC_1,TRDVOL_1",1711.19,1687.6,1696.09,1696.6,1696.3449999999998
2022-09-02,XAU=,"OPEN_PRC,HIGH_1,LOW_1,BID,ASK,TRDPRC_1,TRDVOL_1",1717.89,1693.98,1711.44,1713.44,1712.44
2022-09-05,XAU=,"OPEN_PRC,HIGH_1,LOW_1,BID,ASK,TRDPRC_1,TRDVOL_1",1715.59,1706.85,1710.2063,1710.9137,1710.56
2022-09-06,XAU=,"OPEN_PRC,HIGH_1,LOW_1,BID,ASK,TRDPRC_1,TRDVOL_1",1726.49,1698.5,1701.1531,1702.0568,1701.60495
2022-09-07,XAU=,"OPEN_PRC,HIGH_1,LOW_1,BID,ASK,TRDPRC_1,TRDVOL_1",1719.29,1690.1,1717.6935,1719.0166,1718.3550500000001
2022-09-08,XAU=,"OPEN_PRC,HIGH_1,LOW_1,BID,ASK,TRDPRC_1,TRDVOL_1",1728.09,1702.8,1707.275,1707.795,1707.535
2022-09-09,XAU=,"OPEN_PRC,HIGH_1,LOW_1,BID,ASK,TRDPRC_1,TRDVOL_1",1729.29,1707.54,1716.05,1718.05,1717.05
2022-09-12,XAU=,"OPEN_PRC,HIGH_1,LOW_1,BID,ASK,TRDPRC_1,TRDVOL_1",1734.99,1711.75,1724.0702,1725.4299,1724.75005
2022-09-13,XAU=,"OPEN_PRC,HIGH_1,LOW_1,BID,ASK,TRDPRC_1,TRDVOL_1",1731.69,1696.1,1701.554,1702.166,1701.8600000000001
2022-09-14,XAU=,"OPEN_PRC,HIGH_1,LOW_1,BID,ASK,TRDPRC_1,TRDVOL_1",1706.89,1692.61,1695.795,1696.3051,1696.05005
2022-09-15,XAU=,"OPEN_PRC,HIGH_1,LOW_1,BID,ASK,TRDPRC_1,TRDVOL_1",1697.99,1659.47,1663.7408,1664.7993,1664.27005
2022-09-16,XAU=,"OPEN_PRC,HIGH_1,LOW_1,BID,ASK,TRDPRC_1,TRDVOL_1",1680.19,1653.1,1674.9448,1675.6874,1675.3161
2022-09-19,XAU=,"OPEN_PRC,HIGH_1,LOW_1,BID,ASK,TRDPRC_1,TRDVOL_1",1679.89,1659.441,1675.7758,1676.4093,1676.0925499999998
2022-09-20,XAU=,"OPEN_PRC,HIGH_1,LOW_1,BID,ASK,TRDPRC_1,TRDVOL_1",1679.09,1659.0,1663.1089,1664.2311,1663.67
2022-09-21,XAU=,"OPEN_PRC,HIGH_1,LOW_1,BID,ASK,TRDPRC_1,TRDVOL_1",1687.89,1653.79,1673.7368,1674.8282,1674.2824999999998
2022-09-22,XAU=,"OPEN_PRC,HIGH_1,LOW_1,BID,ASK,TRDPRC_1,TRDVOL_1",1684.69,1655.15,1670.5345,1672.0754,1671.30495
2022-09-23,XAU=,"OPEN_PRC,HIGH_1,LOW_1,BID,ASK,TRDPRC_1,TRDVOL_1",1675.79,1638.99,1643.09,1645.09,1644.09
2022-09-26,XAU=,"OPEN_PRC,HIGH_1,LOW_1,BID,ASK,TRDPRC_1,TRDVOL_1",1649.49,1620.2,1621.5675,1622.6624,1622.1149500000001
2022-09-27,XAU=,"OPEN_PRC,HIGH_1,LOW_1,BID,ASK,TRDPRC_1,TRDVOL_1",1642.29,1621.14,1628.8024,1629.3676,1629.085
2022-09-28,XAU=,"OPEN_PRC,HIGH_1,LOW_1,BID,ASK,TRDPRC_1,TRDVOL_1",1662.59,1613.6,1659.4449,1659.955,1659.69995
2022-09-29,XAU=,"OPEN_PRC,HIGH_1,LOW_1,BID,ASK,TRDPRC_1,TRDVOL_1",1664.69,1640.3,1660.2917,1661.2983,1660.795
2022-09-30,XAU=,"OPEN_PRC,HIGH_1,LOW_1,BID,ASK,TRDPRC_1,TRDVOL_1",1675.19,1658.35,1659.67,1661.67,1660.67
2022-10-03,XAU=,"OPEN_PRC,HIGH_1,LOW_1,BID,ASK,TRDPRC_1,TRDVOL_1",1701.39,1658.3,1699.2225,1700.4775,1699.85
2022-10-04,XAU=,"OPEN_PRC,HIGH_1,LOW_1,BID,ASK,TRDPRC_1,TRDVOL_1",1729.39,1694.07,1726.2408,1726.769,1726.5049
2022-10-05,XAU=,"OPEN_PRC,HIGH_1,LOW_1,BID,ASK,TRDPRC_1,TRDVOL_1",1727.59,1699.5,1715.8105,1716.3206,1716.06555
2022-10-06,XAU=,"OPEN_PRC,HIGH_1,LOW_1,BID,ASK,TRDPRC_1,TRDVOL_1",1725.39,1706.05,1710.85,1711.36,1711.105
2022-10-07,XAU=,"OPEN_PRC,HIGH_1,LOW_1,BID,ASK,TRDPRC_1,TRDVOL_1",1714.59,1689.8,1694.52,1695.03,1694.775
2022-10-10,XAU=,"OPEN_PRC,HIGH_1,LOW_1,BID,ASK,TRDPRC_1,TRDVOL_1",1699.79,1664.6,1667.9564,1669.0535,1668.50495
2022-10-11,XAU=,"OPEN_PRC,HIGH_1,LOW_1,BID,ASK,TRDPRC_1,TRDVOL_1",1683.79,1659.6,1665.3075,1666.8925,1666.1
2022-10-12,XAU=,"OPEN_PRC,HIGH_1,LOW_1,BID,ASK,TRDPRC_1,TRDVOL_1",1678.19,1660.2,1672.5052,1674.0247,1673.26495
2022-10-13,XAU=,"OPEN_PRC,HIGH_1,LOW_1,BID,ASK,TRDPRC_1,TRDVOL_1",1682.19,1641.8,1665.7972,1666.8326,1666.3148999999999
2022-10-14,XAU=,"OPEN_PRC,HIGH_1,LOW_1,BID,ASK,TRDPRC_1,TRDVOL_1",1671.59,1639.39,1641.7584,1642.4388,1642.0985999999998
2022-10-17,XAU=,"OPEN_PRC,HIGH_1,LOW_1,BID,ASK,TRDPRC_1,TRDVOL_1",1668.19,1643.19,1649.9447,1650.9952,1650.4699500000002
2022-10-18,XAU=,"OPEN_PRC,HIGH_1,LOW_1,BID,ASK,TRDPRC_1,TRDVOL_1",1660.75,1645.12,1651.8273,1652.9327,1652.38
2022-10-19,XAU=,"OPEN_PRC,HIGH_1,LOW_1,BID,ASK,TRDPRC_1,TRDVOL_1",1654.39,1626.5,1628.4883,1629.8167,1629.1525000000001
2022-10-20,XAU=,"OPEN_PRC,HIGH_1,LOW_1,BID,ASK,TRDPRC_1,TRDVOL_1",1645.49,1621.2,1627.6637,1628.7213,1628.1925
2022-10-21,XAU=,"OPEN_PRC,HIGH_1,LOW_1,BID,ASK,TRDPRC_1,TRDVOL_1",1658.579,1617.0,1656.66,1658.66,1657.66
2022-10-24,XAU=,"OPEN_PRC,HIGH_1,LOW_1,BID,ASK,TRDPRC_1,TRDVOL_1",1670.09,1643.08,1648.6,1650.8,1649.6999999999998
2022-10-25,XAU=,"OPEN_PRC,HIGH_1,LOW_1,BID,ASK,TRDPRC_1,TRDVOL_1",1662.77,1637.23,1652.5239,1653.9063,1653.2151
2022-10-26,XAU=,"OPEN_PRC,HIGH_1,LOW_1,BID,ASK,TRDPRC_1,TRDVOL_1",1674.76,1648.53,1664.4884,1665.0417,1664.76505
2022-10-27,XAU=,"OPEN_PRC,HIGH_1,LOW_1,BID,ASK,TRDPRC_1,TRDVOL_1",1670.84,1654.52,1662.9399,1663.45,1663.19495
2022-10-28,XAU=,"OPEN_PRC,HIGH_1,LOW_1,BID,ASK,TRDPRC_1,TRDVOL_1",1666.97,1636.5,1641.76,1643.76,1642.76
2022-10-31,XAU=,"OPEN_PRC,HIGH_1,LOW_1,BID,ASK,TRDPRC_1,TRDVOL_1",1645.62,1631.55,1633.1224,1633.6775,1633.39995
2022-11-01,XAU=,"OPEN_PRC,HIGH_1,LOW_1,BID,ASK,TRDPRC_1,TRDVOL_1",1656.94,1630.79,1647.5033,1648.0133,1647.7583
2022-11-02,XAU=,"OPEN_PRC,HIGH_1,LOW_1,BID,ASK,TRDPRC_1,TRDVOL_1",1669.31,1633.83,1634.887,1636.1431,1635.51505
2022-11-03,XAU=,"OPEN_PRC,HIGH_1,LOW_1,BID,ASK,TRDPRC_1,TRDVOL_1",1640.95,1615.59,1629.15,1629.66,1629.4050000000002
2022-11-04,XAU=,"OPEN_PRC,HIGH_1,LOW_1,BID,ASK,TRDPRC_1,TRDVOL_1",1681.69,1627.6,1680.27,1682.27,1681.27
2022-11-07,XAU=,"OPEN_PRC,HIGH_1,LOW_1,BID,ASK,TRDPRC_1,TRDVOL_1",1681.8,1665.81,1674.68,1674.8,1674.74
2022-11-08,XAU=,"OPEN_PRC,HIGH_1,LOW_1,BID,ASK,TRDPRC_1,TRDVOL_1",1716.82,1663.8,1712.52,1712.67,1712.595
2022-11-09,XAU=,"OPEN_PRC,HIGH_1,LOW_1,BID,ASK,TRDPRC_1,TRDVOL_1",1722.19,1701.2,1706.32,1706.47,1706.395
2022-11-10,XAU=,"OPEN_PRC,HIGH_1,LOW_1,BID,ASK,TRDPRC_1,TRDVOL_1",1757.19,1702.67,1754.75,1755.05,1754.9
2022-11-11,XAU=,"OPEN_PRC,HIGH_1,LOW_1,BID,ASK,TRDPRC_1,TRDVOL_1",1772.67,1746.28,1770.69,1771.3,1770.995
2022-11-14,XAU=,"OPEN_PRC,HIGH_1,LOW_1,BID,ASK,TRDPRC_1,TRDVOL_1",1774.94,1752.39,1771.8,1771.93,1771.865
2022-11-15,XAU=,"OPEN_PRC,HIGH_1,LOW_1,BID,ASK,TRDPRC_1,TRDVOL_1",1786.35,1765.97,1778.25,1778.43,1778.3400000000001
2022-11-16,XAU=,"OPEN_PRC,HIGH_1,LOW_1,BID,ASK,TRDPRC_1,TRDVOL_1",1784.99,1769.21,1773.77,1773.9,1773.835
2022-11-17,XAU=,"OPEN_PRC,HIGH_1,LOW_1,BID,ASK,TRDPRC_1,TRDVOL_1",1774.8,1753.6,1760.87,1761.0,1760.935
2022-11-18,XAU=,"OPEN_PRC,HIGH_1,LOW_1,BID,ASK,TRDPRC_1,TRDVOL_1",1767.56,1746.45,1749.74,1750.17,1749.955
2022-11-21,XAU=,"OPEN_PRC,HIGH_1,LOW_1,BID,ASK,TRDPRC_1,TRDVOL_1",1752.99,1731.4,1737.8081,1738.999,1738.40355
2022-11-22,XAU=,"OPEN_PRC,HIGH_1,LOW_1,BID,ASK,TRDPRC_1,TRDVOL_1",1749.66,1736.05,1740.24,1740.37,1740.3049999999998
2022-11-23,XAU=,"OPEN_PRC,HIGH_1,LOW_1,BID,ASK,TRDPRC_1,TRDVOL_1",1753.19,1727.5,1749.28,1750.18,1749.73
2022-11-24,XAU=,"OPEN_PRC,HIGH_1,LOW_1,BID,ASK,TRDPRC_1,TRDVOL_1",1758.59,1748.25,1754.96,1755.5601,1755.2600499999999
2022-11-25,XAU=,"OPEN_PRC,HIGH_1,LOW_1,BID,ASK,TRDPRC_1,TRDVOL_1",1761.17,1744.86,1756.14,1756.74,1756.44
2022-11-28,XAU=,"OPEN_PRC,HIGH_1,LOW_1,BID,ASK,TRDPRC_1,TRDVOL_1",1763.7,1738.52,1740.75,1740.89,1740.8200000000002
2022-11-29,XAU=,"OPEN_PRC,HIGH_1,LOW_1,BID,ASK,TRDPRC_1,TRDVOL_1",1758.93,1738.3,1749.73,1749.9,1749.815
2022-11-30,XAU=,"OPEN_PRC,HIGH_1,LOW_1,BID,ASK,TRDPRC_1,TRDVOL_1",1769.88,1743.78,1768.45,1768.62,1768.5349999999999
2022-12-01,XAU=,"OPEN_PRC,HIGH_1,LOW_1,BID,ASK,TRDPRC_1,TRDVOL_1",1803.94,1766.72,1802.89,1803.4,1803.145
2022-12-02,XAU=,"OPEN_PRC,HIGH_1,LOW_1,BID,ASK,TRDPRC_1,TRDVOL_1",1804.46,1777.71,1797.82,1798.12,1797.9699999999998
2022-12-05,XAU=,"OPEN_PRC,HIGH_1,LOW_1,BID,ASK,TRDPRC_1,TRDVOL_1",1809.91,1764.7,1768.39,1768.9,1768.645
2022-12-06,XAU=,"OPEN_PRC,HIGH_1,LOW_1,BID,ASK,TRDPRC_1,TRDVOL_1",1780.83,1764.95,1770.91,1771.36,1771.135
2022-12-07,XAU=,"OPEN_PRC,HIGH_1,LOW_1,BID,ASK,TRDPRC_1,TRDVOL_1",1790.54,1767.77,1786.22,1786.35,1786.2849999999999
2022-12-08,XAU=,"OPEN_PRC,HIGH_1,LOW_1,BID,ASK,TRDPRC_1,TRDVOL_1",1794.75,1780.35,1789.23,1789.35,1789.29
2022-12-09,XAU=,"OPEN_PRC,HIGH_1,LOW_1,BID,ASK,TRDPRC_1,TRDVOL_1",1806.04,1787.28,1796.63,1797.08,1796.855
2022-12-12,XAU=,"OPEN_PRC,HIGH_1,LOW_1,BID,ASK,TRDPRC_1,TRDVOL_1",1797.2,1776.71,1781.15,1781.28,1781.2150000000001
2022-12-13,XAU=,"OPEN_PRC,HIGH_1,LOW_1,BID,ASK,TRDPRC_1,TRDVOL_1",1824.34,1778.6,1810.29,1810.7,1810.495
2022-12-14,XAU=,"OPEN_PRC,HIGH_1,LOW_1,BID,ASK,TRDPRC_1,TRDVOL_1",1813.97,1795.53,1807.27,1807.5,1807.385
2022-12-15,XAU=,"OPEN_PRC,HIGH_1,LOW_1,BID,ASK,TRDPRC_1,TRDVOL_1",1808.61,1771.89,1776.66,1776.79,1776.725
2022-12-16,XAU=,"OPEN_PRC,HIGH_1,LOW_1,BID,ASK,TRDPRC_1,TRDVOL_1",1794.23,1773.38,1792.34,1792.48,1792.4099999999999
2022-12-19,XAU=,"OPEN_PRC,HIGH_1,LOW_1,BID,ASK,TRDPRC_1,TRDVOL_1",1798.61,1782.93,1787.44,1787.56,1787.5
2022-12-20,XAU=,"OPEN_PRC,HIGH_1,LOW_1,BID,ASK,TRDPRC_1,TRDVOL_1",1821.0,1783.66,1817.4084,1818.647,1818.0277
2022-12-21,XAU=,"OPEN_PRC,HIGH_1,LOW_1,BID,ASK,TRDPRC_1,TRDVOL_1",1823.77,1810.62,1814.13,1814.26,1814.1950000000002
2022-12-22,XAU=,"OPEN_PRC,HIGH_1,LOW_1,BID,ASK,TRDPRC_1,TRDVOL_1",1820.4,1783.3,1792.57,1792.72,1792.645
2022-12-23,XAU=,"OPEN_PRC,HIGH_1,LOW_1,BID,ASK,TRDPRC_1,TRDVOL_1",1803.1,1789.2924,1797.91,1798.36,1798.135
2022-12-26,XAU=,"OPEN_PRC,HIGH_1,LOW_1,BID,ASK,TRDPRC_1,TRDVOL_1",1798.3199,1797.24,1797.6146,1798.8704,1798.2425
2022-12-27,XAU=,"OPEN_PRC,HIGH_1,LOW_1,BID,ASK,TRDPRC_1,TRDVOL_1",1832.99,1795.18,1813.93,1814.07,1814.0
2022-12-28,XAU=,"OPEN_PRC,HIGH_1,LOW_1,BID,ASK,TRDPRC_1,TRDVOL_1",1814.56,1795.99,1804.09,1804.22,1804.155
2022-12-29,XAU=,"OPEN_PRC,HIGH_1,LOW_1,BID,ASK,TRDPRC_1,TRDVOL_1",1820.21,1801.37,1814.89,1815.4,1815.145
2022-12-30,XAU=,"OPEN_PRC,HIGH_1,LOW_1,BID,ASK,TRDPRC_1,TRDVOL_1",1825.97,1809.2,1824.4,1825.0,1824.7
2023-01-02,XAU=,"OPEN_PRC,HIGH_1,LOW_1,BID,ASK,TRDPRC_1,TRDVOL_1",1823.6899,1823.6,1823.6899,1824.2,1823.94495
2023-01-03,XAU=,"OPEN_PRC,HIGH_1,LOW_1,BID,ASK,TRDPRC_1,TRDVOL_1",1849.89,1824.17,1839.49,1839.9,1839.6950000000002
2023-01-04,XAU=,"OPEN_PRC,HIGH_1,LOW_1,BID,ASK,TRDPRC_1,TRDVOL_1",1864.99,1835.34,1854.09,1854.4,1854.245
2023-01-05,XAU=,"OPEN_PRC,HIGH_1,LOW_1,BID,ASK,TRDPRC_1,TRDVOL_1",1858.96,1824.08,1833.19,1833.34,1833.2649999999999
2023-01-06,XAU=,"OPEN_PRC,HIGH_1,LOW_1,BID,ASK,TRDPRC_1,TRDVOL_1",1870.02,1830.19,1865.71,1866.46,1866.085
2023-01-09,XAU=,"OPEN_PRC,HIGH_1,LOW_1,BID,ASK,TRDPRC_1,TRDVOL_1",1881.5,1864.19,1871.59,1871.73,1871.6599999999999
2023-01-10,XAU=,"OPEN_PRC,HIGH_1,LOW_1,BID,ASK,TRDPRC_1,TRDVOL_1",1880.69,1866.71,1877.27,1877.41,1877.3400000000001
2023-01-11,XAU=,"OPEN_PRC,HIGH_1,LOW_1,BID,ASK,TRDPRC_1,TRDVOL_1",1886.59,1866.15,1876.38,1876.51,1876.4450000000002
2023-01-12,XAU=,"OPEN_PRC,HIGH_1,LOW_1,BID,ASK,TRDPRC_1,TRDVOL_1",1901.41,1872.79,1896.86,1897.2,1897.03
2023-01-13,XAU=,"OPEN_PRC,HIGH_1,LOW_1,BID,ASK,TRDPRC_1,TRDVOL_1",1921.81,1891.16,1920.21,1920.66,1920.435
2023-01-16,XAU=,"OPEN_PRC,HIGH_1,LOW_1,BID,ASK,TRDPRC_1,TRDVOL_1",1929.0,1910.46,1918.0006,1919.0645,1918.53255
2023-01-17,XAU=,"OPEN_PRC,HIGH_1,LOW_1,BID,ASK,TRDPRC_1,TRDVOL_1",1918.98,1903.1,1908.39,1908.54,1908.4650000000001
2023-01-18,XAU=,"OPEN_PRC,HIGH_1,LOW_1,BID,ASK,TRDPRC_1,TRDVOL_1",1925.79,1896.3192,1903.76,1903.91,1903.835
2023-01-19,XAU=,"OPEN_PRC,HIGH_1,LOW_1,BID,ASK,TRDPRC_1,TRDVOL_1",1935.2,1899.8,1931.39,1931.55,1931.47
2023-01-20,XAU=,"OPEN_PRC,HIGH_1,LOW_1,BID,ASK,TRDPRC_1,TRDVOL_1",1937.49,1920.3529,1926.574,1927.4906,1927.0323
2023-01-23,XAU=,"OPEN_PRC,HIGH_1,LOW_1,BID,ASK,TRDPRC_1,TRDVOL_1",1935.41,1911.29,1931.3,1931.45,1931.375
2023-01-24,XAU=,"OPEN_PRC,HIGH_1,LOW_1,BID,ASK,TRDPRC_1,TRDVOL_1",1942.45,1916.4,1937.45,1937.64,1937.545
2023-01-25,XAU=,"OPEN_PRC,HIGH_1,LOW_1,BID,ASK,TRDPRC_1,TRDVOL_1",1947.94,1919.69,1945.93,1946.09,1946.01
2023-01-26,XAU=,"OPEN_PRC,HIGH_1,LOW_1,BID,ASK,TRDPRC_1,TRDVOL_1",1949.09,1918.49,1928.99,1929.8,1929.395
2023-01-27,XAU=,"OPEN_PRC,HIGH_1,LOW_1,BID,ASK,TRDPRC_1,TRDVOL_1",1934.95,1916.39,1927.34,1928.84,1928.09
2023-01-30,XAU=,"OPEN_PRC,HIGH_1,LOW_1,BID,ASK,TRDPRC_1,TRDVOL_1",1934.44,1920.35,1922.5173,1923.0027,1922.76
2023-01-31,XAU=,"OPEN_PRC,HIGH_1,LOW_1,BID,ASK,TRDPRC_1,TRDVOL_1",1930.99,1900.6,1927.88,1928.0,1927.94
2023-02-01,XAU=,"OPEN_PRC,HIGH_1,LOW_1,BID,ASK,TRDPRC_1,TRDVOL_1",1954.46,1920.39,1950.42,1950.67,1950.545
2023-02-02,XAU=,"OPEN_PRC,HIGH_1,LOW_1,BID,ASK,TRDPRC_1,TRDVOL_1",1959.6,1911.1782,1912.37,1912.82,1912.5949999999998
2023-02-03,XAU=,"OPEN_PRC,HIGH_1,LOW_1,BID,ASK,TRDPRC_1,TRDVOL_1",1918.57,1861.1799,1865.53,1865.98,1865.755
2023-02-06,XAU=,"OPEN_PRC,HIGH_1,LOW_1,BID,ASK,TRDPRC_1,TRDVOL_1",1881.26,1860.0,1867.36,1867.51,1867.435
2023-02-07,XAU=,"OPEN_PRC,HIGH_1,LOW_1,BID,ASK,TRDPRC_1,TRDVOL_1",1884.19,1864.7003,1873.81,1873.98,1873.895
2023-02-08,XAU=,"OPEN_PRC,HIGH_1,LOW_1,BID,ASK,TRDPRC_1,TRDVOL_1",1886.03,1867.0031,1875.59,1875.53,1875.56
2023-02-09,XAU=,"OPEN_PRC,HIGH_1,LOW_1,BID,ASK,TRDPRC_1,TRDVOL_1",1890.18,1858.6802,1861.39,1862.0,1861.6950000000002
2023-02-10,XAU=,"OPEN_PRC,HIGH_1,LOW_1,BID,ASK,TRDPRC_1,TRDVOL_1",1872.13,1852.4504,1864.67,1865.42,1865.045
2023-02-13,XAU=,"OPEN_PRC,HIGH_1,LOW_1,BID,ASK,TRDPRC_1,TRDVOL_1",1866.44,1850.1952,1853.39,1853.8,1853.595
2023-02-14,XAU=,"OPEN_PRC,HIGH_1,LOW_1,BID,ASK,TRDPRC_1,TRDVOL_1",1870.66,1842.8,1854.29,1854.44,1854.365
2023-02-15,XAU=,"OPEN_PRC,HIGH_1,LOW_1,BID,ASK,TRDPRC_1,TRDVOL_1",1859.95,1829.6,1836.19,1836.94,1836.565
2023-02-16,XAU=,"OPEN_PRC,HIGH_1,LOW_1,BID,ASK,TRDPRC_1,TRDVOL_1",1845.28,1826.6,1837.44,1837.61,1837.525
2023-02-17,XAU=,"OPEN_PRC,HIGH_1,LOW_1,BID,ASK,TRDPRC_1,TRDVOL_1",1843.5,1817.6,1841.59,1842.34,1841.965
2023-02-20,XAU=,"OPEN_PRC,HIGH_1,LOW_1,BID,ASK,TRDPRC_1,TRDVOL_1",1847.42,1836.8876,1841.14,1841.74,1841.44
2023-02-21,XAU=,"OPEN_PRC,HIGH_1,LOW_1,BID,ASK,TRDPRC_1,TRDVOL_1",1843.79,1829.0,1834.3232,1835.0773,1834.7002499999999
2023-02-22,XAU=,"OPEN_PRC,HIGH_1,LOW_1,BID,ASK,TRDPRC_1,TRDVOL_1",1845.91,1822.4,1825.04,1825.21,1825.125
2023-02-23,XAU=,"OPEN_PRC,HIGH_1,LOW_1,BID,ASK,TRDPRC_1,TRDVOL_1",1833.85,1817.3,1822.64,1822.77,1822.705
2023-02-24,XAU=,"OPEN_PRC,HIGH_1,LOW_1,BID,ASK,TRDPRC_1,TRDVOL_1",1827.78,1808.7,1810.81,1810.95,1810.88
2023-02-27,XAU=,"OPEN_PRC,HIGH_1,LOW_1,BID,ASK,TRDPRC_1,TRDVOL_1",1820.05,1806.5039,1817.31,1817.44,1817.375
2023-02-28,XAU=,"OPEN_PRC,HIGH_1,LOW_1,BID,ASK,TRDPRC_1,TRDVOL_1",1831.17,1804.2,1827.15,1827.28,1827.2150000000001
2023-03-01,XAU=,"OPEN_PRC,HIGH_1,LOW_1,BID,ASK,TRDPRC_1,TRDVOL_1",1844.5,1822.8928,1836.8051,1837.427,1837.11605
2023-03-02,XAU=,"OPEN_PRC,HIGH_1,LOW_1,BID,ASK,TRDPRC_1,TRDVOL_1",1838.72,1828.7,1836.0004,1836.3682,1836.1843
2023-03-03,XAU=,"OPEN_PRC,HIGH_1,LOW_1,BID,ASK,TRDPRC_1,TRDVOL_1",1856.35,1834.13,1854.97,1855.42,1855.1950000000002
2023-03-06,XAU=,"OPEN_PRC,HIGH_1,LOW_1,BID,ASK,TRDPRC_1,TRDVOL_1",1858.19,1844.8999,1846.85,1846.98,1846.915
2023-03-07,XAU=,"OPEN_PRC,HIGH_1,LOW_1,BID,ASK,TRDPRC_1,TRDVOL_1",1851.62,1812.55,1813.52,1813.67,1813.595
2023-03-08,XAU=,"OPEN_PRC,HIGH_1,LOW_1,BID,ASK,TRDPRC_1,TRDVOL_1",1824.23,1809.2733,1813.59,1813.72,1813.655
2023-03-09,XAU=,"OPEN_PRC,HIGH_1,LOW_1,BID,ASK,TRDPRC_1,TRDVOL_1",1835.39,1811.5,1830.89,1831.03,1830.96
2023-03-10,XAU=,"OPEN_PRC,HIGH_1,LOW_1,BID,ASK,TRDPRC_1,TRDVOL_1",1870.1,1827.59,1867.83,1868.28,1868.0549999999998
2023-03-13,XAU=,"OPEN_PRC,HIGH_1,LOW_1,BID,ASK,TRDPRC_1,TRDVOL_1",1914.58,1867.51,1913.235,1913.89,1913.5625
2023-03-14,XAU=,"OPEN_PRC,HIGH_1,LOW_1,BID,ASK,TRDPRC_1,TRDVOL_1",1914.03,1894.8,1902.1171,1902.6829,1902.4
2023-03-15,XAU=,"OPEN_PRC,HIGH_1,LOW_1,BID,ASK,TRDPRC_1,TRDVOL_1",1937.28,1885.5942,1918.0975,1918.6626,1918.3800500000002
2023-03-16,XAU=,"OPEN_PRC,HIGH_1,LOW_1,BID,ASK,TRDPRC_1,TRDVOL_1",1933.44,1907.3643,1919.1161,1919.8289,1919.4724999999999
2023-03-17,XAU=,"OPEN_PRC,HIGH_1,LOW_1,BID,ASK,TRDPRC_1,TRDVOL_1",1989.1686,1918.19,1987.9301,1990.4301,1989.1801
2023-03-20,XAU=,"OPEN_PRC,HIGH_1,LOW_1,BID,ASK,TRDPRC_1,TRDVOL_1",2009.59,1965.4,1978.7122,1979.4677,1979.08995
2023-03-21,XAU=,"OPEN_PRC,HIGH_1,LOW_1,BID,ASK,TRDPRC_1,TRDVOL_1",1985.08,1935.1915,1940.1461,1940.9039,1940.525
2023-03-22,XAU=,"OPEN_PRC,HIGH_1,LOW_1,BID,ASK,TRDPRC_1,TRDVOL_1",1978.79,1934.19,1969.5811,1970.2888,1969.93495
2023-03-23,XAU=,"OPEN_PRC,HIGH_1,LOW_1,BID,ASK,TRDPRC_1,TRDVOL_1",2003.26,1964.01,1993.5033,1994.1766,1993.83995
2023-03-24,XAU=,"OPEN_PRC,HIGH_1,LOW_1,BID,ASK,TRDPRC_1,TRDVOL_1",2002.89,1974.99,1977.2172,1978.0997,1977.65845
2023-03-27,XAU=,"OPEN_PRC,HIGH_1,LOW_1,BID,ASK,TRDPRC_1,TRDVOL_1",1979.14,1943.2,1956.5594,1957.2855,1956.92245
2023-03-28,XAU=,"OPEN_PRC,HIGH_1,LOW_1,BID,ASK,TRDPRC_1,TRDVOL_1",1975.3,1948.0,1973.6927,1974.4323,1974.0625
2023-03-29,XAU=,"OPEN_PRC,HIGH_1,LOW_1,BID,ASK,TRDPRC_1,TRDVOL_1",1974.33,1958.39,1964.0404,1964.7446,1964.3925
2023-03-30,XAU=,"OPEN_PRC,HIGH_1,LOW_1,BID,ASK,TRDPRC_1,TRDVOL_1",1984.19,1955.1816,1980.2502,1980.9197,1980.58495
2023-03-31,XAU=,"OPEN_PRC,HIGH_1,LOW_1,BID,ASK,TRDPRC_1,TRDVOL_1",1987.49,1966.6813,1967.9,1970.4,1969.15
2023-04-03,XAU=,"OPEN_PRC,HIGH_1,LOW_1,BID,ASK,TRDPRC_1,TRDVOL_1",1990.39,1949.5457,1984.1057,1984.8593,1984.4825
2023-04-04,XAU=,"OPEN_PRC,HIGH_1,LOW_1,BID,ASK,TRDPRC_1,TRDVOL_1",2024.89,1976.726,2019.9702,2020.71,2020.3401
2023-04-05,XAU=,"OPEN_PRC,HIGH_1,LOW_1,BID,ASK,TRDPRC_1,TRDVOL_1",2031.89,2009.79,2020.3533,2021.1066,2020.72995
2023-04-06,XAU=,"OPEN_PRC,HIGH_1,LOW_1,BID,ASK,TRDPRC_1,TRDVOL_1",2021.29,2000.6543,2008.0164,2008.7238,2008.3701
2023-04-10,XAU=,"OPEN_PRC,HIGH_1,LOW_1,BID,ASK,TRDPRC_1,TRDVOL_1",2010.3176,1981.39,1989.955,1990.7101,1990.33255
2023-04-11,XAU=,"OPEN_PRC,HIGH_1,LOW_1,BID,ASK,TRDPRC_1,TRDVOL_1",2007.45,1988.5118,2003.1409,2003.7241,2003.4325
2023-04-12,XAU=,"OPEN_PRC,HIGH_1,LOW_1,BID,ASK,TRDPRC_1,TRDVOL_1",2028.19,2000.96,2014.6711,2015.3739,2015.0225
2023-04-13,XAU=,"OPEN_PRC,HIGH_1,LOW_1,BID,ASK,TRDPRC_1,TRDVOL_1",2048.71,2012.15,2039.735,2040.39,2040.0625
2023-04-14,XAU=,"OPEN_PRC,HIGH_1,LOW_1,BID,ASK,TRDPRC_1,TRDVOL_1",2047.46,1992.2635,2003.04,2005.54,2004.29
2023-04-17,XAU=,"OPEN_PRC,HIGH_1,LOW_1,BID,ASK,TRDPRC_1,TRDVOL_1",2014.96,1981.19,1994.7711,1995.4739,1995.1225
2023-04-18,XAU=,"OPEN_PRC,HIGH_1,LOW_1,BID,ASK,TRDPRC_1,TRDVOL_1",2011.76,1991.1368,2004.926,2005.679,2005.3025
2023-04-19,XAU=,"OPEN_PRC,HIGH_1,LOW_1,BID,ASK,TRDPRC_1,TRDVOL_1",2008.2,1969.0938,1993.2642,1994.0239,1993.6440499999999
2023-04-20,XAU=,"OPEN_PRC,HIGH_1,LOW_1,BID,ASK,TRDPRC_1,TRDVOL_1",2012.49,1990.3273,2004.3384,2005.0466,2004.6925
2023-04-21,XAU=,"OPEN_PRC,HIGH_1,LOW_1,BID,ASK,TRDPRC_1,TRDVOL_1",2005.5,1971.39,1982.8948,1983.5952,1983.245
2023-04-24,XAU=,"OPEN_PRC,HIGH_1,LOW_1,BID,ASK,TRDPRC_1,TRDVOL_1",1990.79,1973.99,1988.8757,1989.6243,1989.25
2023-04-25,XAU=,"OPEN_PRC,HIGH_1,LOW_1,BID,ASK,TRDPRC_1,TRDVOL_1",2003.7,1975.989,1997.8723,1998.6077,1998.24
2023-04-26,XAU=,"OPEN_PRC,HIGH_1,LOW_1,BID,ASK,TRDPRC_1,TRDVOL_1",2009.32,1983.29,1989.4799,1990.2202,1989.85005
2023-04-27,XAU=,"OPEN_PRC,HIGH_1,LOW_1,BID,ASK,TRDPRC_1,TRDVOL_1",2003.13,1973.1,1987.8702,1988.6097,1988.2399500000001
2023-04-28,XAU=,"OPEN_PRC,HIGH_1,LOW_1,BID,ASK,TRDPRC_1,TRDVOL_1",1994.95,1975.6,1989.6475,1990.4115,1990.0295
2023-05-01,XAU=,"OPEN_PRC,HIGH_1,LOW_1,BID,ASK,TRDPRC_1,TRDVOL_1",2005.89,1976.89,1982.0453,1982.7997,1982.4225000000001
2023-05-02,XAU=,"OPEN_PRC,HIGH_1,LOW_1,BID,ASK,TRDPRC_1,TRDVOL_1",2019.37,1978.2969,2016.278,2017.1071,2016.69255
2023-05-03,XAU=,"OPEN_PRC,HIGH_1,LOW_1,BID,ASK,TRDPRC_1,TRDVOL_1",2040.37,2007.89,2039.0168,2039.7281,2039.37245
2023-05-04,XAU=,"OPEN_PRC,HIGH_1,LOW_1,BID,ASK,TRDPRC_1,TRDVOL_1",2072.19,2030.1022,2051.1084,2051.8167,2051.46255
2023-05-05,XAU=,"OPEN_PRC,HIGH_1,LOW_1,BID,ASK,TRDPRC_1,TRDVOL_1",2053.0,1998.9,2016.5428,2016.894,2016.7184
2023-05-08,XAU=,"OPEN_PRC,HIGH_1,LOW_1,BID,ASK,TRDPRC_1,TRDVOL_1",2029.3,2013.67,2021.39,2021.9,2021.645
2023-05-09,XAU=,"OPEN_PRC,HIGH_1,LOW_1,BID,ASK,TRDPRC_1,TRDVOL_1",2037.49,2019.3,2034.17,2034.68,2034.4250000000002
2023-05-10,XAU=,"OPEN_PRC,HIGH_1,LOW_1,BID,ASK,TRDPRC_1,TRDVOL_1",2047.99,2021.3433,2029.51,2030.02,2029.7649999999999
2023-05-11,XAU=,"OPEN_PRC,HIGH_1,LOW_1,BID,ASK,TRDPRC_1,TRDVOL_1",2041.09,2010.99,2015.5499,2016.2151,2015.8825
2023-05-12,XAU=,"OPEN_PRC,HIGH_1,LOW_1,BID,ASK,TRDPRC_1,TRDVOL_1",2022.29,2000.89,2011.15,2011.66,2011.4050000000002
2023-05-15,XAU=,"OPEN_PRC,HIGH_1,LOW_1,BID,ASK,TRDPRC_1,TRDVOL_1",2021.99,2006.7917,2020.5997,2021.3053,2020.9524999999999
2023-05-16,XAU=,"OPEN_PRC,HIGH_1,LOW_1,BID,ASK,TRDPRC_1,TRDVOL_1",2018.695,1985.25,1988.6034,1989.2766,1988.94
2023-05-17,XAU=,"OPEN_PRC,HIGH_1,LOW_1,BID,ASK,TRDPRC_1,TRDVOL_1",1992.89,1974.3,1981.7222,1982.4578,1982.09
2023-05-18,XAU=,"OPEN_PRC,HIGH_1,LOW_1,BID,ASK,TRDPRC_1,TRDVOL_1",1985.89,1951.7321,1958.0533,1958.8068,1958.43005
2023-05-19,XAU=,"OPEN_PRC,HIGH_1,LOW_1,BID,ASK,TRDPRC_1,TRDVOL_1",1983.99,1953.7999,1976.5551,1979.0551,1977.8051
2023-05-22,XAU=,"OPEN_PRC,HIGH_1,LOW_1,BID,ASK,TRDPRC_1,TRDVOL_1",1982.39,1967.6,1969.4316,1970.1384,1969.7849999999999
2023-05-23,XAU=,"OPEN_PRC,HIGH_1,LOW_1,BID,ASK,TRDPRC_1,TRDVOL_1",1977.59,1954.0717,1974.7275,1975.7175,1975.2224999999999
2023-05-24,XAU=,"OPEN_PRC,HIGH_1,LOW_1,BID,ASK,TRDPRC_1,TRDVOL_1",1984.99,1956.0275,1957.0114,1957.7137,1957.36255
2023-05-25,XAU=,"OPEN_PRC,HIGH_1,LOW_1,BID,ASK,TRDPRC_1,TRDVOL_1",1964.59,1938.6252,1940.3364,1941.0486,1940.6925
2023-05-26,XAU=,"OPEN_PRC,HIGH_1,LOW_1,BID,ASK,TRDPRC_1,TRDVOL_1",1957.19,1936.59,1946.3251,1946.885,1946.6050500000001
2023-05-29,XAU=,"OPEN_PRC,HIGH_1,LOW_1,BID,ASK,TRDPRC_1,TRDVOL_1",1949.4998,1940.09,1942.84,1943.35,1943.0949999999998
2023-05-30,XAU=,"OPEN_PRC,HIGH_1,LOW_1,BID,ASK,TRDPRC_1,TRDVOL_1",1963.39,1931.7637,1959.1445,1959.9005,1959.5225
2023-05-31,XAU=,"OPEN_PRC,HIGH_1,LOW_1,BID,ASK,TRDPRC_1,TRDVOL_1",1974.69,1953.4329,1962.3011,1963.0439,1962.6725
2023-06-01,XAU=,"OPEN_PRC,HIGH_1,LOW_1,BID,ASK,TRDPRC_1,TRDVOL_1",1982.89,1953.1545,1977.8751,1978.415,1978.14505
2023-06-02,XAU=,"OPEN_PRC,HIGH_1,LOW_1,BID,ASK,TRDPRC_1,TRDVOL_1",1983.29,1947.19,1947.6322,1948.4077,1948.0199499999999
2023-06-05,XAU=,"OPEN_PRC,HIGH_1,LOW_1,BID,ASK,TRDPRC_1,TRDVOL_1",1963.89,1937.8892,1961.7581,1962.467,1962.11255
2023-06-06,XAU=,"OPEN_PRC,HIGH_1,LOW_1,BID,ASK,TRDPRC_1,TRDVOL_1",1966.3,1953.3,1962.8475,1963.9624,1963.40495
2023-06-07,XAU=,"OPEN_PRC,HIGH_1,LOW_1,BID,ASK,TRDPRC_1,TRDVOL_1",1969.99,1939.49,1939.6318,1940.3531,1939.9924500000002
2023-06-08,XAU=,"OPEN_PRC,HIGH_1,LOW_1,BID,ASK,TRDPRC_1,TRDVOL_1",1970.29,1939.3682,1967.7615,1968.5186,1968.14005
2023-06-09,XAU=,"OPEN_PRC,HIGH_1,LOW_1,BID,ASK,TRDPRC_1,TRDVOL_1",1972.79,1956.5573,1960.5997,1961.3802,1960.9899500000001
2023-06-12,XAU=,"OPEN_PRC,HIGH_1,LOW_1,BID,ASK,TRDPRC_1,TRDVOL_1",1966.79,1948.1,1956.9218,1958.3833,1957.65255
2023-06-13,XAU=,"OPEN_PRC,HIGH_1,LOW_1,BID,ASK,TRDPRC_1,TRDVOL_1",1970.39,1939.79,1943.3285,1944.0015,1943.665
2023-06-14,XAU=,"OPEN_PRC,HIGH_1,LOW_1,BID,ASK,TRDPRC_1,TRDVOL_1",1960.09,1939.451,1942.9904,1943.748,1943.3692
2023-06-15,XAU=,"OPEN_PRC,HIGH_1,LOW_1,BID,ASK,TRDPRC_1,TRDVOL_1",1960.09,1924.99,1957.6548,1958.4102,1958.0325
2023-06-16,XAU=,"OPEN_PRC,HIGH_1,LOW_1,BID,ASK,TRDPRC_1,TRDVOL_1",1967.79,1953.2389,1957.3625,1958.3375,1957.85
2023-06-19,XAU=,"OPEN_PRC,HIGH_1,LOW_1,BID,ASK,TRDPRC_1,TRDVOL_1",1958.69,1947.6,1950.12,1950.71,1950.415
2023-06-20,XAU=,"OPEN_PRC,HIGH_1,LOW_1,BID,ASK,TRDPRC_1,TRDVOL_1",1956.69,1929.5403,1935.9139,1936.6559,1936.2849
2023-06-21,XAU=,"OPEN_PRC,HIGH_1,LOW_1,BID,ASK,TRDPRC_1,TRDVOL_1",1939.39,1919.09,1932.2631,1932.9419,1932.6025
2023-06-22,XAU=,"OPEN_PRC,HIGH_1,LOW_1,BID,ASK,TRDPRC_1,TRDVOL_1",1934.69,1911.99,1913.516,1914.189,1913.8525
2023-06-23,XAU=,"OPEN_PRC,HIGH_1,LOW_1,BID,ASK,TRDPRC_1,TRDVOL_1",1936.6,1909.99,1921.3632,1921.8657,1921.61445
2023-06-26,XAU=,"OPEN_PRC,HIGH_1,LOW_1,BID,ASK,TRDPRC_1,TRDVOL_1",1933.19,1921.39,1922.8533,1923.5566,1923.2049499999998
2023-06-27,XAU=,"OPEN_PRC,HIGH_1,LOW_1,BID,ASK,TRDPRC_1,TRDVOL_1",1930.59,1911.07,1913.3525,1914.1075,1913.73
2023-06-28,XAU=,"OPEN_PRC,HIGH_1,LOW_1,BID,ASK,TRDPRC_1,TRDVOL_1",1916.99,1902.69,1907.4233,1908.1266,1907.77495
2023-06-29,XAU=,"OPEN_PRC,HIGH_1,LOW_1,BID,ASK,TRDPRC_1,TRDVOL_1",1912.99,1892.8193,1908.1525,1908.9075,1908.53
2023-06-30,XAU=,"OPEN_PRC,HIGH_1,LOW_1,BID,ASK,TRDPRC_1,TRDVOL_1",1922.69,1900.3131,1919.5654,1920.2253,1919.89535
2023-07-03,XAU=,"OPEN_PRC,HIGH_1,LOW_1,BID,ASK,TRDPRC_1,TRDVOL_1",1930.79,1909.8,1921.4285,1922.1315,1921.78
2023-07-04,XAU=,"OPEN_PRC,HIGH_1,LOW_1,BID,ASK,TRDPRC_1,TRDVOL_1",1930.59,1919.59,1925.09,1925.7,1925.395
2023-07-05,XAU=,"OPEN_PRC,HIGH_1,LOW_1,BID,ASK,TRDPRC_1,TRDVOL_1",1934.89,1913.865,1917.3224,1918.0776,1917.7
2023-07-06,XAU=,"OPEN_PRC,HIGH_1,LOW_1,BID,ASK,TRDPRC_1,TRDVOL_1",1927.39,1902.45,1910.7972,1911.3528,1911.0749999999998
2023-07-07,XAU=,"OPEN_PRC,HIGH_1,LOW_1,BID,ASK,TRDPRC_1,TRDVOL_1",1934.69,1909.3115,1924.2825,1926.7825,1925.5325
2023-07-10,XAU=,"OPEN_PRC,HIGH_1,LOW_1,BID,ASK,TRDPRC_1,TRDVOL_1",1928.09,1912.4587,1924.9937,1925.7513,1925.3725
2023-07-11,XAU=,"OPEN_PRC,HIGH_1,LOW_1,BID,ASK,TRDPRC_1,TRDVOL_1",1938.39,1924.0975,1931.995,1932.75,1932.3725
2023-07-12,XAU=,"OPEN_PRC,HIGH_1,LOW_1,BID,ASK,TRDPRC_1,TRDVOL_1",1959.69,1931.79,1957.0885,1957.7965,1957.4425
2023-07-13,XAU=,"OPEN_PRC,HIGH_1,LOW_1,BID,ASK,TRDPRC_1,TRDVOL_1",1963.29,1952.429,1960.1945,1960.9305,1960.5625
2023-07-14,XAU=,"OPEN_PRC,HIGH_1,LOW_1,BID,ASK,TRDPRC_1,TRDVOL_1",1963.59,1950.8,1954.9254,1955.7179,1955.32165
2023-07-17,XAU=,"OPEN_PRC,HIGH_1,LOW_1,BID,ASK,TRDPRC_1,TRDVOL_1",1959.69,1945.649,1954.7355,1955.4844,1955.10995
2023-07-18,XAU=,"OPEN_PRC,HIGH_1,LOW_1,BID,ASK,TRDPRC_1,TRDVOL_1",1984.19,1953.99,1978.715,1979.225,1978.9699999999998
2023-07-19,XAU=,"OPEN_PRC,HIGH_1,LOW_1,BID,ASK,TRDPRC_1,TRDVOL_1",1980.79,1969.5947,1977.251,1977.9591,1977.6050500000001
2023-07-20,XAU=,"OPEN_PRC,HIGH_1,LOW_1,BID,ASK,TRDPRC_1,TRDVOL_1",1987.39,1965.2,1969.6201,1970.3599,1969.99
2023-07-21,XAU=,"OPEN_PRC,HIGH_1,LOW_1,BID,ASK,TRDPRC_1,TRDVOL_1",1973.69,1956.65,1960.2273,1962.7273,1961.4773
2023-07-24,XAU=,"OPEN_PRC,HIGH_1,LOW_1,BID,ASK,TRDPRC_1,TRDVOL_1",1967.69,1953.2375,1954.5126,1955.2524,1954.8825000000002
2023-07-25,XAU=,"OPEN_PRC,HIGH_1,LOW_1,BID,ASK,TRDPRC_1,TRDVOL_1",1965.59,1952.9154,1964.5824,1965.3026,1964.9425
2023-07-26,XAU=,"OPEN_PRC,HIGH_1,LOW_1,BID,ASK,TRDPRC_1,TRDVOL_1",1978.09,1961.7889,1972.1031,1972.7668,1972.43495
2023-07-27,XAU=,"OPEN_PRC,HIGH_1,LOW_1,BID,ASK,TRDPRC_1,TRDVOL_1",1981.99,1942.321,1944.9862,1945.6788,1945.3325
2023-07-28,XAU=,"OPEN_PRC,HIGH_1,LOW_1,BID,ASK,TRDPRC_1,TRDVOL_1",1963.39,1943.9417,1959.2013,1959.7488,1959.47505
2023-07-31,XAU=,"OPEN_PRC,HIGH_1,LOW_1,BID,ASK,TRDPRC_1,TRDVOL_1",1972.19,1950.3,1964.1884,1965.9548,1965.0716
2023-08-01,XAU=,"OPEN_PRC,HIGH_1,LOW_1,BID,ASK,TRDPRC_1,TRDVOL_1",1965.89,1940.91,1944.0793,1944.7257,1944.4025000000001
2023-08-02,XAU=,"OPEN_PRC,HIGH_1,LOW_1,BID,ASK,TRDPRC_1,TRDVOL_1",1954.69,1932.7,1933.5649,1936.0649,1934.8149
2023-08-03,XAU=,"OPEN_PRC,HIGH_1,LOW_1,BID,ASK,TRDPRC_1,TRDVOL_1",1938.79,1929.19,1933.7369,1934.493,1934.1149500000001
2023-08-04,XAU=,"OPEN_PRC,HIGH_1,LOW_1,BID,ASK,TRDPRC_1,TRDVOL_1",1946.69,1928.9,1941.6233,1944.1233,1942.8733
2023-08-07,XAU=,"OPEN_PRC,HIGH_1,LOW_1,BID,ASK,TRDPRC_1,TRDVOL_1",1946.49,1931.25,1936.3871,1937.1379,1936.7624999999998
2023-08-08,XAU=,"OPEN_PRC,HIGH_1,LOW_1,BID,ASK,TRDPRC_1,TRDVOL_1",1937.89,1922.0,1924.8151,1925.385,1925.10005
2023-08-09,XAU=,"OPEN_PRC,HIGH_1,LOW_1,BID,ASK,TRDPRC_1,TRDVOL_1",1932.19,1913.7968,1914.589,1915.281,1914.935
2023-08-10,XAU=,"OPEN_PRC,HIGH_1,LOW_1,BID,ASK,TRDPRC_1,TRDVOL_1",1929.89,1911.0575,1912.0607,1912.7194,1912.39005
2023-08-11,XAU=,"OPEN_PRC,HIGH_1,LOW_1,BID,ASK,TRDPRC_1,TRDVOL_1",1920.79,1910.69,1913.3182,1914.0219,1913.67005
2023-08-14,XAU=,"OPEN_PRC,HIGH_1,LOW_1,BID,ASK,TRDPRC_1,TRDVOL_1",1915.99,1901.5,1907.9026,1908.6774,1908.29
2023-08-15,XAU=,"OPEN_PRC,HIGH_1,LOW_1,BID,ASK,TRDPRC_1,TRDVOL_1",1911.39,1895.5,1901.5571,1902.3379,1901.9475
2023-08-16,XAU=,"OPEN_PRC,HIGH_1,LOW_1,BID,ASK,TRDPRC_1,TRDVOL_1",1907.09,1890.5,1891.7622,1892.5428,1892.1525
2023-08-17,XAU=,"OPEN_PRC,HIGH_1,LOW_1,BID,ASK,TRDPRC_1,TRDVOL_1",1903.29,1883.7,1888.8873,1889.8728,1889.3800500000002
2023-08-18,XAU=,"OPEN_PRC,HIGH_1,LOW_1,BID,ASK,TRDPRC_1,TRDVOL_1",1896.69,1885.4,1888.1934,1890.6934,1889.4434
2023-08-21,XAU=,"OPEN_PRC,HIGH_1,LOW_1,BID,ASK,TRDPRC_1,TRDVOL_1",1898.49,1884.0,1893.9449,1896.4449,1895.1949
2023-08-22,XAU=,"OPEN_PRC,HIGH_1,LOW_1,BID,ASK,TRDPRC_1,TRDVOL_1",1904.29,1887.8,1897.4651,1898.2399,1897.8525
2023-08-23,XAU=,"OPEN_PRC,HIGH_1,LOW_1,BID,ASK,TRDPRC_1,TRDVOL_1",1920.19,1896.59,1914.3149,1916.8149,1915.5649
2023-08-24,XAU=,"OPEN_PRC,HIGH_1,LOW_1,BID,ASK,TRDPRC_1,TRDVOL_1",1923.19,1910.6,1917.4348,1918.1753,1917.80505
2023-08-25,XAU=,"OPEN_PRC,HIGH_1,LOW_1,BID,ASK,TRDPRC_1,TRDVOL_1",1922.29,1902.7,1914.5255,1915.5846,1915.05505
2023-08-28,XAU=,"OPEN_PRC,HIGH_1,LOW_1,BID,ASK,TRDPRC_1,TRDVOL_1",1925.89,1912.6669,1919.6586,1920.8064,1920.2325
2023-08-29,XAU=,"OPEN_PRC,HIGH_1,LOW_1,BID,ASK,TRDPRC_1,TRDVOL_1",1938.09,1913.3,1937.1222,1937.8428,1937.4825
2023-08-30,XAU=,"OPEN_PRC,HIGH_1,LOW_1,BID,ASK,TRDPRC_1,TRDVOL_1",1948.79,1934.69,1942.2399,1942.9802,1942.61005
2023-08-31,XAU=,"OPEN_PRC,HIGH_1,LOW_1,BID,ASK,TRDPRC_1,TRDVOL_1",1947.69,1938.4301,1939.7441,1940.4808,1940.11245
2023-09-01,XAU=,"OPEN_PRC,HIGH_1,LOW_1,BID,ASK,TRDPRC_1,TRDVOL_1",1952.79,1934.39,1938.795,1941.295,1940.045
2023-09-04,XAU=,"OPEN_PRC,HIGH_1,LOW_1,BID,ASK,TRDPRC_1,TRDVOL_1",1946.09,1935.4,1938.1913,1938.8286,1938.5099500000001
2023-09-05,XAU=,"OPEN_PRC,HIGH_1,LOW_1,BID,ASK,TRDPRC_1,TRDVOL_1",1938.89,1924.835,1925.8112,1926.5139,1926.16255
2023-09-06,XAU=,"OPEN_PRC,HIGH_1,LOW_1,BID,ASK,TRDPRC_1,TRDVOL_1",1928.99,1914.0,1916.2759,1916.9491,1916.6125000000002
2023-09-07,XAU=,"OPEN_PRC,HIGH_1,LOW_1,BID,ASK,TRDPRC_1,TRDVOL_1",1923.49,1915.7,1919.1866,1919.8933,1919.5399499999999
2023-09-08,XAU=,"OPEN_PRC,HIGH_1,LOW_1,BID,ASK,TRDPRC_1,TRDVOL_1",1929.49,1917.1191,1917.8051,1920.3051,1919.0551
2023-09-11,XAU=,"OPEN_PRC,HIGH_1,LOW_1,BID,ASK,TRDPRC_1,TRDVOL_1",1930.49,1915.99,1921.6626,1923.0472,1922.3549
2023-09-12,XAU=,"OPEN_PRC,HIGH_1,LOW_1,BID,ASK,TRDPRC_1,TRDVOL_1",1924.39,1906.5,1913.2614,1913.8286,1913.545
2023-09-13,XAU=,"OPEN_PRC,HIGH_1,LOW_1,BID,ASK,TRDPRC_1,TRDVOL_1",1915.59,1905.1,1906.3022,1907.0577,1906.6799500000002
2023-09-14,XAU=,"OPEN_PRC,HIGH_1,LOW_1,BID,ASK,TRDPRC_1,TRDVOL_1",1912.79,1900.81,1910.3188,1911.0313,1910.67505
2023-09-15,XAU=,"OPEN_PRC,HIGH_1,LOW_1,BID,ASK,TRDPRC_1,TRDVOL_1",1930.29,1909.49,1923.575,1924.085,1923.83
2023-09-18,XAU=,"OPEN_PRC,HIGH_1,LOW_1,BID,ASK,TRDPRC_1,TRDVOL_1",1934.19,1921.4,1933.1396,1934.1454,1933.6425
2023-09-19,XAU=,"OPEN_PRC,HIGH_1,LOW_1,BID,ASK,TRDPRC_1,TRDVOL_1",1937.29,1929.4288,1930.9449,1932.1949,1931.5699
2023-09-20,XAU=,"OPEN_PRC,HIGH_1,LOW_1,BID,ASK,TRDPRC_1,TRDVOL_1",1947.29,1927.6064,1929.6838,1931.2612,1930.4724999999999
2023-09-21,XAU=,"OPEN_PRC,HIGH_1,LOW_1,BID,ASK,TRDPRC_1,TRDVOL_1",1931.39,1912.7,1919.5691,1920.5759,1920.0725
2023-09-22,XAU=,"OPEN_PRC,HIGH_1,LOW_1,BID,ASK,TRDPRC_1,TRDVOL_1",1928.89,1918.9525,1924.9875,1925.6125,1925.3
2023-09-25,XAU=,"OPEN_PRC,HIGH_1,LOW_1,BID,ASK,TRDPRC_1,TRDVOL_1",1926.99,1914.6061,1915.6553,1916.4097,1916.0324999999998
2023-09-26,XAU=,"OPEN_PRC,HIGH_1,LOW_1,BID,ASK,TRDPRC_1,TRDVOL_1",1916.59,1898.9473,1900.4861,1901.1589,1900.8225
2023-09-27,XAU=,"OPEN_PRC,HIGH_1,LOW_1,BID,ASK,TRDPRC_1,TRDVOL_1",1903.79,1872.25,1874.6953,1875.4497,1875.0725
2023-09-28,XAU=,"OPEN_PRC,HIGH_1,LOW_1,BID,ASK,TRDPRC_1,TRDVOL_1",1879.39,1857.5175,1864.5591,1865.2659,1864.9125
2023-09-29,XAU=,"OPEN_PRC,HIGH_1,LOW_1,BID,ASK,TRDPRC_1,TRDVOL_1",1879.69,1846.0717,1848.3134,1848.8466,1848.58
2023-10-02,XAU=,"OPEN_PRC,HIGH_1,LOW_1,BID,ASK,TRDPRC_1,TRDVOL_1",1848.79,1825.9,1827.4033,1828.4266,1827.9149499999999
2023-10-03,XAU=,"OPEN_PRC,HIGH_1,LOW_1,BID,ASK,TRDPRC_1,TRDVOL_1",1833.19,1813.9,1822.8116,1823.5533,1823.18245
2023-10-04,XAU=,"OPEN_PRC,HIGH_1,LOW_1,BID,ASK,TRDPRC_1,TRDVOL_1",1830.39,1815.5,1821.0754,1821.7844,1821.4299
2023-10-05,XAU=,"OPEN_PRC,HIGH_1,LOW_1,BID,ASK,TRDPRC_1,TRDVOL_1",1829.09,1811.9,1820.0059,1820.7592,1820.38255
2023-10-06,XAU=,"OPEN_PRC,HIGH_1,LOW_1,BID,ASK,TRDPRC_1,TRDVOL_1",1834.79,1809.5,1832.2573,1833.2228,1832.7400499999999
2023-10-09,XAU=,"OPEN_PRC,HIGH_1,LOW_1,BID,ASK,TRDPRC_1,TRDVOL_1",1863.39,1832.145,1860.8815,1861.6635,1861.2725
2023-10-10,XAU=,"OPEN_PRC,HIGH_1,LOW_1,BID,ASK,TRDPRC_1,TRDVOL_1",1865.19,1852.1,1860.0874,1860.8625,1860.4749499999998
2023-10-11,XAU=,"OPEN_PRC,HIGH_1,LOW_1,BID,ASK,TRDPRC_1,TRDVOL_1",1876.86,1858.3918,1873.6082,1874.5968,1874.1025
2023-10-12,XAU=,"OPEN_PRC,HIGH_1,LOW_1,BID,ASK,TRDPRC_1,TRDVOL_1",1884.79,1866.17,1868.649,1869.3959,1869.02245
2023-10-13,XAU=,"OPEN_PRC,HIGH_1,LOW_1,BID,ASK,TRDPRC_1,TRDVOL_1",1932.5256,1868.39,1931.6975,1934.1975,1932.9475
2023-10-16,XAU=,"OPEN_PRC,HIGH_1,LOW_1,BID,ASK,TRDPRC_1,TRDVOL_1",1928.59,1906.9,1919.4387,1920.8413,1920.1399999999999
2023-10-17,XAU=,"OPEN_PRC,HIGH_1,LOW_1,BID,ASK,TRDPRC_1,TRDVOL_1",1931.29,1911.1,1923.0732,1924.3267,1923.6999500000002
2023-10-18,XAU=,"OPEN_PRC,HIGH_1,LOW_1,BID,ASK,TRDPRC_1,TRDVOL_1",1962.39,1922.49,1947.6886,1948.8964,1948.2925
2023-10-19,XAU=,"OPEN_PRC,HIGH_1,LOW_1,BID,ASK,TRDPRC_1,TRDVOL_1",1977.59,1944.8658,1973.7035,1974.9215,1974.3125
2023-10-20,XAU=,"OPEN_PRC,HIGH_1,LOW_1,BID,ASK,TRDPRC_1,TRDVOL_1",1997.09,1971.65,1981.0446,1981.8005,1981.42255
2023-10-23,XAU=,"OPEN_PRC,HIGH_1,LOW_1,BID,ASK,TRDPRC_1,TRDVOL_1",1982.69,1964.1158,1972.5933,1973.3466,1972.9699500000002
2023-10-24,XAU=,"OPEN_PRC,HIGH_1,LOW_1,BID,ASK,TRDPRC_1,TRDVOL_1",1980.79,1953.1,1970.11,1972.61,1971.36
2023-10-25,XAU=,"OPEN_PRC,HIGH_1,LOW_1,BID,ASK,TRDPRC_1,TRDVOL_1",1986.99,1963.09,1979.6184,1980.3267,1979.97255
2023-10-26,XAU=,"OPEN_PRC,HIGH_1,LOW_1,BID,ASK,TRDPRC_1,TRDVOL_1",1993.29,1971.1,1984.8177,1985.5272,1985.17245
2023-10-27,XAU=,"OPEN_PRC,HIGH_1,LOW_1,BID,ASK,TRDPRC_1,TRDVOL_1",2009.29,1975.7,2005.7837,2008.2837,2007.0337
2023-10-30,XAU=,"OPEN_PRC,HIGH_1,LOW_1,BID,ASK,TRDPRC_1,TRDVOL_1",2006.69,1989.8,1995.8784,1996.5865,1996.23245
2023-10-31,XAU=,"OPEN_PRC,HIGH_1,LOW_1,BID,ASK,TRDPRC_1,TRDVOL_1",2007.59,1978.69,1982.705,1983.3051,1983.00505
2023-11-01,XAU=,"OPEN_PRC,HIGH_1,LOW_1,BID,ASK,TRDPRC_1,TRDVOL_1",1991.89,1969.6082,1982.15,1982.89,1982.52
2023-11-02,XAU=,"OPEN_PRC,HIGH_1,LOW_1,BID,ASK,TRDPRC_1,TRDVOL_1",1990.89,1978.69,1985.507,1986.2629,1985.8849500000001
2023-11-03,XAU=,"OPEN_PRC,HIGH_1,LOW_1,BID,ASK,TRDPRC_1,TRDVOL_1",2003.6853,1983.024,1992.2676,1992.7889,1992.5282499999998
2023-11-06,XAU=,"OPEN_PRC,HIGH_1,LOW_1,BID,ASK,TRDPRC_1,TRDVOL_1",1992.99,1977.241,1977.6833,1978.4027,1978.0430000000001
2023-11-07,XAU=,"OPEN_PRC,HIGH_1,LOW_1,BID,ASK,TRDPRC_1,TRDVOL_1",1978.29,1955.5,1968.4049,1969.045,1968.72495
2023-11-08,XAU=,"OPEN_PRC,HIGH_1,LOW_1,BID,ASK,TRDPRC_1,TRDVOL_1",1970.89,1947.2574,1949.79,1950.2,1949.995
2023-11-09,XAU=,"OPEN_PRC,HIGH_1,LOW_1,BID,ASK,TRDPRC_1,TRDVOL_1",1965.49,1943.6,1958.19,1958.5,1958.345
2023-11-10,XAU=,"OPEN_PRC,HIGH_1,LOW_1,BID,ASK,TRDPRC_1,TRDVOL_1",1960.69,1932.95,1936.79,1937.3,1937.045
2023-11-13,XAU=,"OPEN_PRC,HIGH_1,LOW_1,BID,ASK,TRDPRC_1,TRDVOL_1",1949.09,1931.5504,1945.89,1946.4,1946.145
2023-11-14,XAU=,"OPEN_PRC,HIGH_1,LOW_1,BID,ASK,TRDPRC_1,TRDVOL_1",1970.59,1942.8,1962.674,1963.429,1963.0515
2023-11-15,XAU=,"OPEN_PRC,HIGH_1,LOW_1,BID,ASK,TRDPRC_1,TRDVOL_1",1975.19,1955.21,1959.0912,1959.7966,1959.4439
2023-11-16,XAU=,"OPEN_PRC,HIGH_1,LOW_1,BID,ASK,TRDPRC_1,TRDVOL_1",1987.79,1956.2889,1980.8512,1981.5488,1981.2
2023-11-17,XAU=,"OPEN_PRC,HIGH_1,LOW_1,BID,ASK,TRDPRC_1,TRDVOL_1",1993.29,1978.39,1980.0077,1980.7629,1980.3853
2023-11-20,XAU=,"OPEN_PRC,HIGH_1,LOW_1,BID,ASK,TRDPRC_1,TRDVOL_1",1984.99,1964.7,1977.1941,1977.937,1977.5655499999998
2023-11-21,XAU=,"OPEN_PRC,HIGH_1,LOW_1,BID,ASK,TRDPRC_1,TRDVOL_1",2007.29,1977.0732,1998.3693,1998.9207,1998.645
2023-11-22,XAU=,"OPEN_PRC,HIGH_1,LOW_1,BID,ASK,TRDPRC_1,TRDVOL_1",2006.19,1986.68,1989.7235,1990.4365,1990.08
2023-11-23,XAU=,"OPEN_PRC,HIGH_1,LOW_1,BID,ASK,TRDPRC_1,TRDVOL_1",1998.49,1988.26,1991.79,1993.0,1992.395
2023-11-24,XAU=,"OPEN_PRC,HIGH_1,LOW_1,BID,ASK,TRDPRC_1,TRDVOL_1",2003.49,1991.1,2001.97,2002.68,2002.325
2023-11-27,XAU=,"OPEN_PRC,HIGH_1,LOW_1,BID,ASK,TRDPRC_1,TRDVOL_1",2017.8209,2000.19,2013.6429,2014.397,2014.0199499999999
2023-11-28,XAU=,"OPEN_PRC,HIGH_1,LOW_1,BID,ASK,TRDPRC_1,TRDVOL_1",2042.79,2011.3,2040.89,2041.3,2041.095
2023-11-29,XAU=,"OPEN_PRC,HIGH_1,LOW_1,BID,ASK,TRDPRC_1,TRDVOL_1",2051.89,2034.5,2044.59,2044.9,2044.745
2023-11-30,XAU=,"OPEN_PRC,HIGH_1,LOW_1,BID,ASK,TRDPRC_1,TRDVOL_1",2046.99,2031.59,2035.7545,2036.3934,2036.07395
2023-12-01,XAU=,"OPEN_PRC,HIGH_1,LOW_1,BID,ASK,TRDPRC_1,TRDVOL_1",2075.09,2033.4,2070.9011,2071.5911,2071.2461000000003
2023-12-04,XAU=,"OPEN_PRC,HIGH_1,LOW_1,BID,ASK,TRDPRC_1,TRDVOL_1",2135.4,2020.09,2029.7415,2030.382,2030.06175
2023-12-05,XAU=,"OPEN_PRC,HIGH_1,LOW_1,BID,ASK,TRDPRC_1,TRDVOL_1",2041.09,2009.83,2019.4203,2020.1758,2019.7980499999999
2023-12-06,XAU=,"OPEN_PRC,HIGH_1,LOW_1,BID,ASK,TRDPRC_1,TRDVOL_1",2035.69,2017.0311,2024.8975,2025.4231,2025.1603
2023-12-07,XAU=,"OPEN_PRC,HIGH_1,LOW_1,BID,ASK,TRDPRC_1,TRDVOL_1",2039.69,2020.0201,2028.3375,2029.0925,2028.7150000000001
2023-12-08,XAU=,"OPEN_PRC,HIGH_1,LOW_1,BID,ASK,TRDPRC_1,TRDVOL_1",2033.99,1994.4894,2003.39,2003.8,2003.595
2023-12-11,XAU=,"OPEN_PRC,HIGH_1,LOW_1,BID,ASK,TRDPRC_1,TRDVOL_1",2008.3422,1975.7,1981.303,1982.057,1981.68
2023-12-12,XAU=,"OPEN_PRC,HIGH_1,LOW_1,BID,ASK,TRDPRC_1,TRDVOL_1",1996.29,1976.97,1979.4375,1980.1925,1979.815
2023-12-13,XAU=,"OPEN_PRC,HIGH_1,LOW_1,BID,ASK,TRDPRC_1,TRDVOL_1",2027.29,1972.7834,2026.39,2026.9,2026.645
2023-12-14,XAU=,"OPEN_PRC,HIGH_1,LOW_1,BID,ASK,TRDPRC_1,TRDVOL_1",2047.79,2023.79,2035.528,2036.282,2035.905
2023-12-15,XAU=,"OPEN_PRC,HIGH_1,LOW_1,BID,ASK,TRDPRC_1,TRDVOL_1",2044.79,2015.5675,2018.19,2018.6,2018.395
2023-12-18,XAU=,"OPEN_PRC,HIGH_1,LOW_1,BID,ASK,TRDPRC_1,TRDVOL_1",2033.49,2015.79,2026.9979,2027.7532,2027.3755500000002
2023-12-19,XAU=,"OPEN_PRC,HIGH_1,LOW_1,BID,ASK,TRDPRC_1,TRDVOL_1",2046.89,2021.4731,2040.1208,2040.7391,2040.42995
2023-12-20,XAU=,"OPEN_PRC,HIGH_1,LOW_1,BID,ASK,TRDPRC_1,TRDVOL_1",2043.29,2029.1359,2029.19,2029.6,2029.395
2023-12-21,XAU=,"OPEN_PRC,HIGH_1,LOW_1,BID,ASK,TRDPRC_1,TRDVOL_1",2045.89,2029.29,2045.4941,2046.2159,2045.855
2023-12-22,XAU=,"OPEN_PRC,HIGH_1,LOW_1,BID,ASK,TRDPRC_1,TRDVOL_1",2070.39,2045.39,2052.9751,2053.6147,2053.2949
2023-12-26,XAU=,"OPEN_PRC,HIGH_1,LOW_1,BID,ASK,TRDPRC_1,TRDVOL_1",2068.39,2053.19,2066.605,2067.0652,2066.8351000000002
2023-12-27,XAU=,"OPEN_PRC,HIGH_1,LOW_1,BID,ASK,TRDPRC_1,TRDVOL_1",2084.39,2060.3,2077.1589,2077.6689,2077.4139
2023-12-28,XAU=,"OPEN_PRC,HIGH_1,LOW_1,BID,ASK,TRDPRC_1,TRDVOL_1",2088.29,2065.6877,2064.8601,2065.5,2065.18005
2023-12-29,XAU=,"OPEN_PRC,HIGH_1,LOW_1,BID,ASK,TRDPRC_1,TRDVOL_1",2074.59,2057.0,2062.59,2063.0,2062.795
2024-01-02,XAU=,"OPEN_PRC,HIGH_1,LOW_1,BID,ASK,TRDPRC_1,TRDVOL_1",2078.69,2055.79,2058.8767,2059.4583,2059.1674999999996
2024-01-03,XAU=,"OPEN_PRC,HIGH_1,LOW_1,BID,ASK,TRDPRC_1,TRDVOL_1",2065.89,2030.45,2040.776,2041.484,2041.13
2024-01-04,XAU=,"OPEN_PRC,HIGH_1,LOW_1,BID,ASK,TRDPRC_1,TRDVOL_1",2050.79,2036.09,2043.2646,2044.0155,2043.64005
2024-01-05,XAU=,"OPEN_PRC,HIGH_1,LOW_1,BID,ASK,TRDPRC_1,TRDVOL_1",2063.79,2024.29,2045.4956,2046.1938,2045.8447
2024-01-08,XAU=,"OPEN_PRC,HIGH_1,LOW_1,BID,ASK,TRDPRC_1,TRDVOL_1",2046.49,2016.69,2027.843,2028.597,2028.22
2024-01-09,XAU=,"OPEN_PRC,HIGH_1,LOW_1,BID,ASK,TRDPRC_1,TRDVOL_1",2041.69,2025.928,2029.5948,2030.3489,2029.97185
2024-01-10,XAU=,"OPEN_PRC,HIGH_1,LOW_1,BID,ASK,TRDPRC_1,TRDVOL_1",2039.99,2020.2,2023.402,2024.1108,2023.7564
2024-01-11,XAU=,"OPEN_PRC,HIGH_1,LOW_1,BID,ASK,TRDPRC_1,TRDVOL_1",2039.49,2013.1381,2028.09,2028.4,2028.245
2024-01-12,XAU=,"OPEN_PRC,HIGH_1,LOW_1,BID,ASK,TRDPRC_1,TRDVOL_1",2062.19,2027.59,2048.7192,2049.3323,2049.02575
2024-01-15,XAU=,"OPEN_PRC,HIGH_1,LOW_1,BID,ASK,TRDPRC_1,TRDVOL_1",2058.49,2045.49,2054.49,2055.09,2054.79
2024-01-16,XAU=,"OPEN_PRC,HIGH_1,LOW_1,BID,ASK,TRDPRC_1,TRDVOL_1",2055.2275,2024.08,2027.59,2028.0,2027.795
2024-01-17,XAU=,"OPEN_PRC,HIGH_1,LOW_1,BID,ASK,TRDPRC_1,TRDVOL_1",2032.89,2001.72,2005.7194,2006.3351,2006.02725
2024-01-18,XAU=,"OPEN_PRC,HIGH_1,LOW_1,BID,ASK,TRDPRC_1,TRDVOL_1",2023.19,2005.0247,2022.6704,2023.2906,2022.9805000000001
2024-01-19,XAU=,"OPEN_PRC,HIGH_1,LOW_1,BID,ASK,TRDPRC_1,TRDVOL_1",2039.09,2020.1309,2029.09,2029.5,2029.295
2024-01-22,XAU=,"OPEN_PRC,HIGH_1,LOW_1,BID,ASK,TRDPRC_1,TRDVOL_1",2032.09,2016.59,2020.99,2021.4,2021.1950000000002
2024-01-23,XAU=,"OPEN_PRC,HIGH_1,LOW_1,BID,ASK,TRDPRC_1,TRDVOL_1",2037.79,2019.38,2028.69,2029.0,2028.845
2024-01-24,XAU=,"OPEN_PRC,HIGH_1,LOW_1,BID,ASK,TRDPRC_1,TRDVOL_1",2036.59,2011.0618,2012.59,2013.0,2012.795
2024-01-25,XAU=,"OPEN_PRC,HIGH_1,LOW_1,BID,ASK,TRDPRC_1,TRDVOL_1",2025.09,2009.79,2019.7518,2020.4655,2020.1086500000001
2024-01-26,XAU=,"OPEN_PRC,HIGH_1,LOW_1,BID,ASK,TRDPRC_1,TRDVOL_1",2026.39,2015.7389,2018.34,2019.07,2018.705
2024-01-29,XAU=,"OPEN_PRC,HIGH_1,LOW_1,BID,ASK,TRDPRC_1,TRDVOL_1",2036.8989,2016.245,2031.7488,2032.5009,2032.1248500000002
2024-01-30,XAU=,"OPEN_PRC,HIGH_1,LOW_1,BID,ASK,TRDPRC_1,TRDVOL_1",2048.12,2028.85,2036.1151,2036.8658,2036.49045
2024-01-31,XAU=,"OPEN_PRC,HIGH_1,LOW_1,BID,ASK,TRDPRC_1,TRDVOL_1",2055.89,2030.8037,2037.19,2037.6,2037.395
2024-02-01,XAU=,"OPEN_PRC,HIGH_1,LOW_1,BID,ASK,TRDPRC_1,TRDVOL_1",2065.19,2028.8,2054.8918,2055.4883,2055.19005
2024-02-02,XAU=,"OPEN_PRC,HIGH_1,LOW_1,BID,ASK,TRDPRC_1,TRDVOL_1",2057.49,2026.8,2038.59,2039.0,2038.795
2024-02-05,XAU=,"OPEN_PRC,HIGH_1,LOW_1,BID,ASK,TRDPRC_1,TRDVOL_1",2041.99,2013.7,2024.6707,2025.3895,2025.0301
2024-02-06,XAU=,"OPEN_PRC,HIGH_1,LOW_1,BID,ASK,TRDPRC_1,TRDVOL_1",2038.79,2022.0,2035.4623,2036.1521,2035.8072
2024-02-07,XAU=,"OPEN_PRC,HIGH_1,LOW_1,BID,ASK,TRDPRC_1,TRDVOL_1",2044.49,2030.39,2034.2186,2034.8591,2034.53885
2024-02-08,XAU=,"OPEN_PRC,HIGH_1,LOW_1,BID,ASK,TRDPRC_1,TRDVOL_1",2038.49,2019.1,2033.1779,2033.8553,2033.5166
2024-02-09,XAU=,"OPEN_PRC,HIGH_1,LOW_1,BID,ASK,TRDPRC_1,TRDVOL_1",2037.09,2020.1023,2024.157,2024.7823,2024.46965
2024-02-12,XAU=,"OPEN_PRC,HIGH_1,LOW_1,BID,ASK,TRDPRC_1,TRDVOL_1",2027.49,2011.72,2019.79,2020.1,2019.945
2024-02-13,XAU=,"OPEN_PRC,HIGH_1,LOW_1,BID,ASK,TRDPRC_1,TRDVOL_1",2029.69,1989.9757,1992.1331,1992.8246,1992.47885
2024-02-14,XAU=,"OPEN_PRC,HIGH_1,LOW_1,BID,ASK,TRDPRC_1,TRDVOL_1",1995.89,1984.09,1992.39,1992.9,1992.645
2024-02-15,XAU=,"OPEN_PRC,HIGH_1,LOW_1,BID,ASK,TRDPRC_1,TRDVOL_1",2008.09,1990.0023,2004.0875,2004.593,2004.3402500000002
2024-02-16,XAU=,"OPEN_PRC,HIGH_1,LOW_1,BID,ASK,TRDPRC_1,TRDVOL_1",2014.99,1995.0,2013.1008,2013.7574,2013.4290999999998
2024-02-19,XAU=,"OPEN_PRC,HIGH_1,LOW_1,BID,ASK,TRDPRC_1,TRDVOL_1",2022.79,2011.1924,2017.6252,2018.1512,2017.8881999999999
2024-02-20,XAU=,"OPEN_PRC,HIGH_1,LOW_1,BID,ASK,TRDPRC_1,TRDVOL_1",2030.79,2014.8433,2023.5278,2024.0128,2023.7703000000001
2024-02-21,XAU=,"OPEN_PRC,HIGH_1,LOW_1,BID,ASK,TRDPRC_1,TRDVOL_1",2031.99,2019.99,2024.99,2025.4,2025.1950000000002
2024-02-22,XAU=,"OPEN_PRC,HIGH_1,LOW_1,BID,ASK,TRDPRC_1,TRDVOL_1",2034.69,2019.5,2024.1124,2024.6375,2024.37495
2024-02-23,XAU=,"OPEN_PRC,HIGH_1,LOW_1,BID,ASK,TRDPRC_1,TRDVOL_1",2041.19,2014.7,2035.7177,2036.1876,2035.95265
2024-02-26,XAU=,"OPEN_PRC,HIGH_1,LOW_1,BID,ASK,TRDPRC_1,TRDVOL_1",2036.79,2024.91,2030.658,2031.2787,2030.96835
2024-02-27,XAU=,"OPEN_PRC,HIGH_1,LOW_1,BID,ASK,TRDPRC_1,TRDVOL_1",2039.29,2028.55,2029.6378,2030.3533,2029.99555
2024-02-28,XAU=,"OPEN_PRC,HIGH_1,LOW_1,BID,ASK,TRDPRC_1,TRDVOL_1",2037.79,2024.32,2034.62,2035.22,2034.92
2024-02-29,XAU=,"OPEN_PRC,HIGH_1,LOW_1,BID,ASK,TRDPRC_1,TRDVOL_1",2050.59,2027.2,2043.2441,2043.8309,2043.5375
2024-03-01,XAU=,"OPEN_PRC,HIGH_1,LOW_1,BID,ASK,TRDPRC_1,TRDVOL_1",2088.19,2037.8,2083.39,2083.9,2083.645
2024-03-04,XAU=,"OPEN_PRC,HIGH_1,LOW_1,BID,ASK,TRDPRC_1,TRDVOL_1",2119.69,2079.1951,2114.99,2115.4,2115.1949999999997
2024-03-05,XAU=,"OPEN_PRC,HIGH_1,LOW_1,BID,ASK,TRDPRC_1,TRDVOL_1",2141.59,2110.35,2127.5454,2128.134,2127.8397
2024-03-06,XAU=,"OPEN_PRC,HIGH_1,LOW_1,BID,ASK,TRDPRC_1,TRDVOL_1",2152.09,2123.4,2148.29,2148.7,2148.495
2024-03-07,XAU=,"OPEN_PRC,HIGH_1,LOW_1,BID,ASK,TRDPRC_1,TRDVOL_1",2164.09,2144.0835,2159.1587,2159.7615,2159.4601000000002
2024-03-08,XAU=,"OPEN_PRC,HIGH_1,LOW_1,BID,ASK,TRDPRC_1,TRDVOL_1",2194.99,2153.8645,2177.51,2178.18,2177.8450000000003
2024-03-11,XAU=,"OPEN_PRC,HIGH_1,LOW_1,BID,ASK,TRDPRC_1,TRDVOL_1",2188.6575,2174.5,2182.47,2183.07,2182.77
2024-03-12,XAU=,"OPEN_PRC,HIGH_1,LOW_1,BID,ASK,TRDPRC_1,TRDVOL_1",2184.59,2150.29,2157.99,2158.5,2158.245
2024-03-13,XAU=,"OPEN_PRC,HIGH_1,LOW_1,BID,ASK,TRDPRC_1,TRDVOL_1",2179.69,2154.99,2174.4,2175.0,2174.7
2024-03-14,XAU=,"OPEN_PRC,HIGH_1,LOW_1,BID,ASK,TRDPRC_1,TRDVOL_1",2176.89,2152.6143,2161.0149,2163.5149,2162.2649
2024-03-15,XAU=,"OPEN_PRC,HIGH_1,LOW_1,BID,ASK,TRDPRC_1,TRDVOL_1",2172.49,2154.9873,2155.5427,2156.2971,2155.9199
2024-03-18,XAU=,"OPEN_PRC,HIGH_1,LOW_1,BID,ASK,TRDPRC_1,TRDVOL_1",2163.39,2145.7,2159.9861,2160.6589,2160.3225
2024-03-19,XAU=,"OPEN_PRC,HIGH_1,LOW_1,BID,ASK,TRDPRC_1,TRDVOL_1",2162.69,2146.4,2157.2258,2157.8992,2157.5625
2024-03-20,XAU=,"OPEN_PRC,HIGH_1,LOW_1,BID,ASK,TRDPRC_1,TRDVOL_1",2188.69,2149.3987,2185.9585,2186.6665,2186.3125
2024-03-21,XAU=,"OPEN_PRC,HIGH_1,LOW_1,BID,ASK,TRDPRC_1,TRDVOL_1",2222.39,2166.29,2180.8071,2181.7278,2181.2674500000003
2024-03-22,XAU=,"OPEN_PRC,HIGH_1,LOW_1,BID,ASK,TRDPRC_1,TRDVOL_1",2185.99,2156.89,2164.145,2166.645,2165.395
2024-03-25,XAU=,"OPEN_PRC,HIGH_1,LOW_1,BID,ASK,TRDPRC_1,TRDVOL_1",2181.09,2163.2,2171.4521,2172.3928,2171.92245
2024-03-26,XAU=,"OPEN_PRC,HIGH_1,LOW_1,BID,ASK,TRDPRC_1,TRDVOL_1",2199.89,2167.49,2178.5837,2179.4363,2179.01
2024-03-27,XAU=,"OPEN_PRC,HIGH_1,LOW_1,BID,ASK,TRDPRC_1,TRDVOL_1",2197.45,2173.39,2194.0249,2194.9551,2194.49
2024-03-28,XAU=,"OPEN_PRC,HIGH_1,LOW_1,BID,ASK,TRDPRC_1,TRDVOL_1",2234.99,2187.0627,2232.3757,2233.4292,2232.90245
2024-04-01,XAU=,"OPEN_PRC,HIGH_1,LOW_1,BID,ASK,TRDPRC_1,TRDVOL_1",2265.49,2228.29,2250.3557,2251.4092,2250.88245
2024-04-02,XAU=,"OPEN_PRC,HIGH_1,LOW_1,BID,ASK,TRDPRC_1,TRDVOL_1",2280.89,2246.4722,2280.0957,2281.0244,2280.56005
2024-04-03,XAU=,"OPEN_PRC,HIGH_1,LOW_1,BID,ASK,TRDPRC_1,TRDVOL_1",2300.89,2265.1,2299.1702,2300.075,2299.6225999999997
2024-04-04,XAU=,"OPEN_PRC,HIGH_1,LOW_1,BID,ASK,TRDPRC_1,TRDVOL_1",2305.04,2279.89,2289.4287,2290.3311,2289.8799
2024-04-05,XAU=,"OPEN_PRC,HIGH_1,LOW_1,BID,ASK,TRDPRC_1,TRDVOL_1",2330.06,2267.6033,2329.5,2330.01,2329.755
2024-04-08,XAU=,"OPEN_PRC,HIGH_1,LOW_1,BID,ASK,TRDPRC_1,TRDVOL_1",2353.79,2302.5149,2338.8909,2339.5942,2339.24255
2024-04-09,XAU=,"OPEN_PRC,HIGH_1,LOW_1,BID,ASK,TRDPRC_1,TRDVOL_1",2365.09,2336.5793,2352.5767,2353.2483,2352.9125000000004
2024-04-10,XAU=,"OPEN_PRC,HIGH_1,LOW_1,BID,ASK,TRDPRC_1,TRDVOL_1",2359.89,2319.29,2332.7944,2333.5505,2333.17245
2024-04-11,XAU=,"OPEN_PRC,HIGH_1,LOW_1,BID,ASK,TRDPRC_1,TRDVOL_1",2377.59,2325.59,2373.2378,2373.947,2373.5924
2024-04-12,XAU=,"OPEN_PRC,HIGH_1,LOW_1,BID,ASK,TRDPRC_1,TRDVOL_1",2431.29,2333.69,2343.4255,2344.2844,2343.85495
2024-04-15,XAU=,"OPEN_PRC,HIGH_1,LOW_1,BID,ASK,TRDPRC_1,TRDVOL_1",2387.39,2324.29,2382.5078,2383.217,2382.8624
2024-04-16,XAU=,"OPEN_PRC,HIGH_1,LOW_1,BID,ASK,TRDPRC_1,TRDVOL_1",2398.09,2362.6,2382.8318,2383.5732,2383.2025
2024-04-17,XAU=,"OPEN_PRC,HIGH_1,LOW_1,BID,ASK,TRDPRC_1,TRDVOL_1",2395.39,2354.29,2360.8057,2361.4595,2361.1326
2024-04-18,XAU=,"OPEN_PRC,HIGH_1,LOW_1,BID,ASK,TRDPRC_1,TRDVOL_1",2392.69,2360.3674,2378.2507,2378.9392,2378.5949499999997
2024-04-19,XAU=,"OPEN_PRC,HIGH_1,LOW_1,BID,ASK,TRDPRC_1,TRDVOL_1",2417.59,2372.8125,2390.4517,2392.9517,2391.7017
2024-04-22,XAU=,"OPEN_PRC,HIGH_1,LOW_1,BID,ASK,TRDPRC_1,TRDVOL_1",2388.1348,2325.09,2326.2859,2326.959,2326.62245
2024-04-23,XAU=,"OPEN_PRC,HIGH_1,LOW_1,BID,ASK,TRDPRC_1,TRDVOL_1",2334.29,2291.19,2321.8145,2322.5706,2322.1925499999998
2024-04-24,XAU=,"OPEN_PRC,HIGH_1,LOW_1,BID,ASK,TRDPRC_1,TRDVOL_1",2336.9,2311.69,2315.822,2316.5779,2316.19995
2024-04-25,XAU=,"OPEN_PRC,HIGH_1,LOW_1,BID,ASK,TRDPRC_1,TRDVOL_1",2344.59,2304.9685,2331.782,2332.5381,2332.1600500000004
2024-04-26,XAU=,"OPEN_PRC,HIGH_1,LOW_1,BID,ASK,TRDPRC_1,TRDVOL_1",2352.39,2326.0015,2337.7151,2338.2251,2337.9701
2024-04-29,XAU=,"OPEN_PRC,HIGH_1,LOW_1,BID,ASK,TRDPRC_1,TRDVOL_1",2346.6,2319.87,2334.4358,2335.1892,2334.8125
2024-04-30,XAU=,"OPEN_PRC,HIGH_1,LOW_1,BID,ASK,TRDPRC_1,TRDVOL_1",2336.09,2284.575,2285.5732,2286.2466,2285.9098999999997
2024-05-01,XAU=,"OPEN_PRC,HIGH_1,LOW_1,BID,ASK,TRDPRC_1,TRDVOL_1",2328.17,2281.4705,2317.895,2318.6499,2318.27245
2024-05-02,XAU=,"OPEN_PRC,HIGH_1,LOW_1,BID,ASK,TRDPRC_1,TRDVOL_1",2326.39,2285.39,2303.2876,2304.0823,2303.68495
2024-05-03,XAU=,"OPEN_PRC,HIGH_1,LOW_1,BID,ASK,TRDPRC_1,TRDVOL_1",2320.78,2277.19,2301.5569,2302.1064,2301.83165
2024-05-06,XAU=,"OPEN_PRC,HIGH_1,LOW_1,BID,ASK,TRDPRC_1,TRDVOL_1",2331.8,2291.6279,2323.5674,2324.3125,2323.93995
2024-05-07,XAU=,"OPEN_PRC,HIGH_1,LOW_1,BID,ASK,TRDPRC_1,TRDVOL_1",2329.93,2309.89,2313.7852,2314.4849,2314.13505
2024-05-08,XAU=,"OPEN_PRC,HIGH_1,LOW_1,BID,ASK,TRDPRC_1,TRDVOL_1",2321.36,2303.69,2308.6455,2309.3994,2309.02245
2024-05-09,XAU=,"OPEN_PRC,HIGH_1,LOW_1,BID,ASK,TRDPRC_1,TRDVOL_1",2347.19,2306.54,2345.8845,2346.6406,2346.2625500000004
2024-05-10,XAU=,"OPEN_PRC,HIGH_1,LOW_1,BID,ASK,TRDPRC_1,TRDVOL_1",2378.23,2344.81,2360.1436,2360.9065,2360.52505
2024-05-13,XAU=,"OPEN_PRC,HIGH_1,LOW_1,BID,ASK,TRDPRC_1,TRDVOL_1",2364.48,2332.09,2336.0476,2336.7822,2336.4148999999998
2024-05-14,XAU=,"OPEN_PRC,HIGH_1,LOW_1,BID,ASK,TRDPRC_1,TRDVOL_1",2359.66,2334.18,2357.9668,2358.6531,2358.30995
2024-05-15,XAU=,"OPEN_PRC,HIGH_1,LOW_1,BID,ASK,TRDPRC_1,TRDVOL_1",2390.16,2351.59,2386.0425,2386.7874,2386.4149500000003
2024-05-16,XAU=,"OPEN_PRC,HIGH_1,LOW_1,BID,ASK,TRDPRC_1,TRDVOL_1",2397.32,2370.79,2376.4409,2377.1692,2376.80505
2024-05-17,XAU=,"OPEN_PRC,HIGH_1,LOW_1,BID,ASK,TRDPRC_1,TRDVOL_1",2422.68,2373.78,2414.89,2415.64,2415.265
2024-05-20,XAU=,"OPEN_PRC,HIGH_1,LOW_1,BID,ASK,TRDPRC_1,TRDVOL_1",2449.89,2407.08,2425.1191,2425.866,2425.49255
2024-05-21,XAU=,"OPEN_PRC,HIGH_1,LOW_1,BID,ASK,TRDPRC_1,TRDVOL_1",2433.79,2406.1,2421.6377,2422.4072,2422.0224500000004
2024-05-22,XAU=,"OPEN_PRC,HIGH_1,LOW_1,BID,ASK,TRDPRC_1,TRDVOL_1",2426.48,2374.7529,2378.2471,2378.958,2378.60255
2024-05-23,XAU=,"OPEN_PRC,HIGH_1,LOW_1,BID,ASK,TRDPRC_1,TRDVOL_1",2383.69,2326.79,2328.3704,2329.1145,2328.7424499999997
2024-05-24,XAU=,"OPEN_PRC,HIGH_1,LOW_1,BID,ASK,TRDPRC_1,TRDVOL_1",2347.32,2325.19,2333.7642,2334.386,2334.0751
2024-05-27,XAU=,"OPEN_PRC,HIGH_1,LOW_1,BID,ASK,TRDPRC_1,TRDVOL_1",2358.34,2331.9651,2350.74,2351.25,2350.995
2024-05-28,XAU=,"OPEN_PRC,HIGH_1,LOW_1,BID,ASK,TRDPRC_1,TRDVOL_1",2363.89,2339.9,2360.9546,2361.6553,2361.3049499999997
2024-05-29,XAU=,"OPEN_PRC,HIGH_1,LOW_1,BID,ASK,TRDPRC_1,TRDVOL_1",2362.49,2334.49,2338.7659,2339.4441,2339.105
2024-05-30,XAU=,"OPEN_PRC,HIGH_1,LOW_1,BID,ASK,TRDPRC_1,TRDVOL_1",2351.66,2322.5,2342.9983,2343.6714,2343.33485
2024-05-31,XAU=,"OPEN_PRC,HIGH_1,LOW_1,BID,ASK,TRDPRC_1,TRDVOL_1",2359.53,2320.3408,2326.9663,2327.5835,2327.2749000000003
2024-06-03,XAU=,"OPEN_PRC,HIGH_1,LOW_1,BID,ASK,TRDPRC_1,TRDVOL_1",2354.59,2314.57,2350.3513,2351.0586,2350.70495
2024-06-04,XAU=,"OPEN_PRC,HIGH_1,LOW_1,BID,ASK,TRDPRC_1,TRDVOL_1",2351.62,2315.2,2327.6816,2328.3984,2328.04
2024-06-05,XAU=,"OPEN_PRC,HIGH_1,LOW_1,BID,ASK,TRDPRC_1,TRDVOL_1",2357.82,2325.7,2354.7773,2355.5327,2355.155
2024-06-06,XAU=,"OPEN_PRC,HIGH_1,LOW_1,BID,ASK,TRDPRC_1,TRDVOL_1",2378.36,2353.3,2375.6052,2376.3596,2375.9824
2024-06-07,XAU=,"OPEN_PRC,HIGH_1,LOW_1,BID,ASK,TRDPRC_1,TRDVOL_1",2387.67,2286.5027,2292.7051,2295.2051,2293.9551
2024-06-10,XAU=,"OPEN_PRC,HIGH_1,LOW_1,BID,ASK,TRDPRC_1,TRDVOL_1",2313.64,2286.69,2310.6008,2311.4043,2311.00255
2024-06-11,XAU=,"OPEN_PRC,HIGH_1,LOW_1,BID,ASK,TRDPRC_1,TRDVOL_1",2319.83,2297.55,2316.2656,2317.1443,2316.7049500000003
2024-06-12,XAU=,"OPEN_PRC,HIGH_1,LOW_1,BID,ASK,TRDPRC_1,TRDVOL_1",2341.5,2310.6,2322.55,2323.45,2323.0
2024-06-13,XAU=,"OPEN_PRC,HIGH_1,LOW_1,BID,ASK,TRDPRC_1,TRDVOL_1",2326.49,2295.48,2303.1887,2303.9363,2303.5625
2024-06-14,XAU=,"OPEN_PRC,HIGH_1,LOW_1,BID,ASK,TRDPRC_1,TRDVOL_1",2336.44,2301.05,2332.52,2333.03,2332.775
2024-06-17,XAU=,"OPEN_PRC,HIGH_1,LOW_1,BID,ASK,TRDPRC_1,TRDVOL_1",2332.5928,2309.84,2318.8735,2319.5764,2319.22495
2024-06-18,XAU=,"OPEN_PRC,HIGH_1,LOW_1,BID,ASK,TRDPRC_1,TRDVOL_1",2332.99,2306.45,2328.3301,2330.4998,2329.4149500000003
2024-06-19,XAU=,"OPEN_PRC,HIGH_1,LOW_1,BID,ASK,TRDPRC_1,TRDVOL_1",2334.92,2323.6399,2327.475,2327.975,2327.725
2024-06-20,XAU=,"OPEN_PRC,HIGH_1,LOW_1,BID,ASK,TRDPRC_1,TRDVOL_1",2365.35,2327.05,2359.6277,2360.3325,2359.9800999999998
2024-06-21,XAU=,"OPEN_PRC,HIGH_1,LOW_1,BID,ASK,TRDPRC_1,TRDVOL_1",2368.6,2316.5669,2320.345,2322.845,2321.595
2024-06-24,XAU=,"OPEN_PRC,HIGH_1,LOW_1,BID,ASK,TRDPRC_1,TRDVOL_1",2334.68,2316.9,2332.9282,2333.6616,2333.2949
2024-06-25,XAU=,"OPEN_PRC,HIGH_1,LOW_1,BID,ASK,TRDPRC_1,TRDVOL_1",2337.07,2315.4,2319.0095,2319.7004,2319.35495
2024-06-26,XAU=,"OPEN_PRC,HIGH_1,LOW_1,BID,ASK,TRDPRC_1,TRDVOL_1",2323.5,2293.49,2297.9146,2298.6704,2298.2925
2024-06-27,XAU=,"OPEN_PRC,HIGH_1,LOW_1,BID,ASK,TRDPRC_1,TRDVOL_1",2330.8,2296.35,2327.446,2328.179,2327.8125
2024-06-28,XAU=,"OPEN_PRC,HIGH_1,LOW_1,BID,ASK,TRDPRC_1,TRDVOL_1",2339.58,2318.99,2325.7051,2328.2051,2326.9551
2024-07-01,XAU=,"OPEN_PRC,HIGH_1,LOW_1,BID,ASK,TRDPRC_1,TRDVOL_1",2338.52,2318.36,2331.6963,2332.4038,2332.05005
2024-07-02,XAU=,"OPEN_PRC,HIGH_1,LOW_1,BID,ASK,TRDPRC_1,TRDVOL_1",2336.69,2318.97,2329.283,2329.957,2329.62
2024-07-03,XAU=,"OPEN_PRC,HIGH_1,LOW_1,BID,ASK,TRDPRC_1,TRDVOL_1",2364.89,2326.79,2356.0562,2356.804,2356.4301
2024-07-04,XAU=,"OPEN_PRC,HIGH_1,LOW_1,BID,ASK,TRDPRC_1,TRDVOL_1",2362.44,2350.59,2356.12,2356.62,2356.37
2024-07-05,XAU=,"OPEN_PRC,HIGH_1,LOW_1,BID,ASK,TRDPRC_1,TRDVOL_1",2392.84,2353.57,2391.4563,2392.0803,2391.7682999999997
2024-07-08,XAU=,"OPEN_PRC,HIGH_1,LOW_1,BID,ASK,TRDPRC_1,TRDVOL_1",2391.4226,2350.95,2358.7983,2359.5017,2359.1499999999996
2024-07-09,XAU=,"OPEN_PRC,HIGH_1,LOW_1,BID,ASK,TRDPRC_1,TRDVOL_1",2371.24,2349.39,2363.5845,2364.2957,2363.9401
2024-07-10,XAU=,"OPEN_PRC,HIGH_1,LOW_1,BID,ASK,TRDPRC_1,TRDVOL_1",2386.53,2362.35,2371.071,2371.7788,2371.4249
2024-07-11,XAU=,"OPEN_PRC,HIGH_1,LOW_1,BID,ASK,TRDPRC_1,TRDVOL_1",2424.44,2370.59,2414.7786,2415.4814,2415.13
2024-07-12,XAU=,"OPEN_PRC,HIGH_1,LOW_1,BID,ASK,TRDPRC_1,TRDVOL_1",2418.19,2391.35,2411.2744,2412.0354,2411.6549
2024-07-15,XAU=,"OPEN_PRC,HIGH_1,LOW_1,BID,ASK,TRDPRC_1,TRDVOL_1",2439.59,2401.17,2422.074,2422.7561,2422.41505
2024-07-16,XAU=,"OPEN_PRC,HIGH_1,LOW_1,BID,ASK,TRDPRC_1,TRDVOL_1",2469.59,2423.39,2468.573,2469.3169,2468.94495
2024-07-17,XAU=,"OPEN_PRC,HIGH_1,LOW_1,BID,ASK,TRDPRC_1,TRDVOL_1",2483.6,2451.39,2458.3838,2459.1365,2458.76015
2024-07-18,XAU=,"OPEN_PRC,HIGH_1,LOW_1,BID,ASK,TRDPRC_1,TRDVOL_1",2474.82,2440.21,2444.9688,2445.7112,2445.34
2024-07-19,XAU=,"OPEN_PRC,HIGH_1,LOW_1,BID,ASK,TRDPRC_1,TRDVOL_1",2445.59,2393.69,2400.79,2401.6,2401.1949999999997
2024-07-22,XAU=,"OPEN_PRC,HIGH_1,LOW_1,BID,ASK,TRDPRC_1,TRDVOL_1",2412.09,2383.79,2397.6475,2398.3726,2398.01005
2024-07-23,XAU=,"OPEN_PRC,HIGH_1,LOW_1,BID,ASK,TRDPRC_1,TRDVOL_1",2411.97,2388.05,2409.2073,2409.9226,2409.56495
2024-07-24,XAU=,"OPEN_PRC,HIGH_1,LOW_1,BID,ASK,TRDPRC_1,TRDVOL_1",2431.89,2395.99,2397.5859,2398.304,2397.94495
2024-07-25,XAU=,"OPEN_PRC,HIGH_1,LOW_1,BID,ASK,TRDPRC_1,TRDVOL_1",2401.09,2352.99,2364.4995,2365.2405,2364.87
2024-07-26,XAU=,"OPEN_PRC,HIGH_1,LOW_1,BID,ASK,TRDPRC_1,TRDVOL_1",2390.61,2355.69,2385.575,2388.075,2386.825
2024-07-29,XAU=,"OPEN_PRC,HIGH_1,LOW_1,BID,ASK,TRDPRC_1,TRDVOL_1",2402.89,2369.59,2383.5371,2384.2927,2383.9148999999998
2024-07-30,XAU=,"OPEN_PRC,HIGH_1,LOW_1,BID,ASK,TRDPRC_1,TRDVOL_1",2412.7,2376.35,2408.43,2408.88,2408.6549999999997
2024-07-31,XAU=,"OPEN_PRC,HIGH_1,LOW_1,BID,ASK,TRDPRC_1,TRDVOL_1",2450.79,2407.84,2448.0989,2448.811,2448.4549500000003
2024-08-01,XAU=,"OPEN_PRC,HIGH_1,LOW_1,BID,ASK,TRDPRC_1,TRDVOL_1",2462.09,2430.09,2445.4197,2446.1753,2445.7974999999997
2024-08-02,XAU=,"OPEN_PRC,HIGH_1,LOW_1,BID,ASK,TRDPRC_1,TRDVOL_1",2477.54,2410.64,2443.2947,2443.8054,2443.55005
2024-08-05,XAU=,"OPEN_PRC,HIGH_1,LOW_1,BID,ASK,TRDPRC_1,TRDVOL_1",2458.6,2364.19,2407.6475,2408.3726,2408.01005
2024-08-06,XAU=,"OPEN_PRC,HIGH_1,LOW_1,BID,ASK,TRDPRC_1,TRDVOL_1",2418.12,2381.59,2389.37,2389.97,2389.67
2024-08-07,XAU=,"OPEN_PRC,HIGH_1,LOW_1,BID,ASK,TRDPRC_1,TRDVOL_1",2406.8,2378.8066,2381.5349,2384.0349,2382.7849
2024-08-08,XAU=,"OPEN_PRC,HIGH_1,LOW_1,BID,ASK,TRDPRC_1,TRDVOL_1",2427.64,2379.99,2426.7478,2427.4373,2427.0925500000003
2024-08-09,XAU=,"OPEN_PRC,HIGH_1,LOW_1,BID,ASK,TRDPRC_1,TRDVOL_1",2436.95,2416.75,2430.9258,2431.4893,2431.20755
2024-08-12,XAU=,"OPEN_PRC,HIGH_1,LOW_1,BID,ASK,TRDPRC_1,TRDVOL_1",2472.96,2423.6755,2472.2507,2472.9993,2472.625
2024-08-13,XAU=,"OPEN_PRC,HIGH_1,LOW_1,BID,ASK,TRDPRC_1,TRDVOL_1",2476.86,2458.3,2465.0293,2465.7705,2465.3999000000003
2024-08-14,XAU=,"OPEN_PRC,HIGH_1,LOW_1,BID,ASK,TRDPRC_1,TRDVOL_1",2478.27,2437.9309,2447.6421,2448.6477,2448.1449000000002
2024-08-15,XAU=,"OPEN_PRC,HIGH_1,LOW_1,BID,ASK,TRDPRC_1,TRDVOL_1",2469.99,2431.9,2456.1023,2457.0276,2456.56495
2024-08-16,XAU=,"OPEN_PRC,HIGH_1,LOW_1,BID,ASK,TRDPRC_1,TRDVOL_1",2509.65,2450.5664,2507.2825,2508.9143,2508.0984
2024-08-19,XAU=,"OPEN_PRC,HIGH_1,LOW_1,BID,ASK,TRDPRC_1,TRDVOL_1",2509.59,2485.66,2503.9241,2504.5608,2504.24245
2024-08-20,XAU=,"OPEN_PRC,HIGH_1,LOW_1,BID,ASK,TRDPRC_1,TRDVOL_1",2531.6,2497.16,2513.739,2514.3459,2514.04245
2024-08-21,XAU=,"OPEN_PRC,HIGH_1,LOW_1,BID,ASK,TRDPRC_1,TRDVOL_1",2519.89,2493.9,2511.9492,2512.5559,2512.25255
2024-08-22,XAU=,"OPEN_PRC,HIGH_1,LOW_1,BID,ASK,TRDPRC_1,TRDVOL_1",2514.69,2470.6162,2483.2949,2485.7949,2484.5449
2024-08-23,XAU=,"OPEN_PRC,HIGH_1,LOW_1,BID,ASK,TRDPRC_1,TRDVOL_1",2518.2,2480.9,2512.0728,2512.8374,2512.4551
2024-08-26,XAU=,"OPEN_PRC,HIGH_1,LOW_1,BID,ASK,TRDPRC_1,TRDVOL_1",2526.73,2508.53,2516.885,2519.385,2518.135
2024-08-27,XAU=,"OPEN_PRC,HIGH_1,LOW_1,BID,ASK,TRDPRC_1,TRDVOL_1",2526.02,2503.1,2524.5657,2525.2744,2524.9200499999997
2024-08-28,XAU=,"OPEN_PRC,HIGH_1,LOW_1,BID,ASK,TRDPRC_1,TRDVOL_1",2528.99,2493.45,2502.2495,2502.8904,2502.56995
2024-08-29,XAU=,"OPEN_PRC,HIGH_1,LOW_1,BID,ASK,TRDPRC_1,TRDVOL_1",2528.55,2503.43,2521.1772,2521.9229,2521.55005
2024-08-30,XAU=,"OPEN_PRC,HIGH_1,LOW_1,BID,ASK,TRDPRC_1,TRDVOL_1",2526.82,2494.15,2503.0322,2503.678,2503.3550999999998
2024-09-02,XAU=,"OPEN_PRC,HIGH_1,LOW_1,BID,ASK,TRDPRC_1,TRDVOL_1",2507.19,2489.93,2499.29,2499.8,2499.545
2024-09-03,XAU=,"OPEN_PRC,HIGH_1,LOW_1,BID,ASK,TRDPRC_1,TRDVOL_1",2506.19,2472.6,2492.7649,2493.5203,2493.1426
2024-09-04,XAU=,"OPEN_PRC,HIGH_1,LOW_1,BID,ASK,TRDPRC_1,TRDVOL_1",2499.99,2471.8,2494.188,2494.917,2494.5525
2024-09-05,XAU=,"OPEN_PRC,HIGH_1,LOW_1,BID,ASK,TRDPRC_1,TRDVOL_1",2523.29,2493.59,2516.3191,2517.0659,2516.6925
2024-09-06,XAU=,"OPEN_PRC,HIGH_1,LOW_1,BID,ASK,TRDPRC_1,TRDVOL_1",2529.07,2484.99,2497.0254,2497.6096,2497.3175
2024-09-09,XAU=,"OPEN_PRC,HIGH_1,LOW_1,BID,ASK,TRDPRC_1,TRDVOL_1",2507.09,2485.396,2505.2549,2507.7549,2506.5049
2024-09-10,XAU=,"OPEN_PRC,HIGH_1,LOW_1,BID,ASK,TRDPRC_1,TRDVOL_1",2518.39,2499.9546,2516.1191,2516.8257,2516.4723999999997
2024-09-11,XAU=,"OPEN_PRC,HIGH_1,LOW_1,BID,ASK,TRDPRC_1,TRDVOL_1",2528.79,2500.8,2511.4404,2512.1846,2511.8125
2024-09-12,XAU=,"OPEN_PRC,HIGH_1,LOW_1,BID,ASK,TRDPRC_1,TRDVOL_1",2560.01,2510.84,2558.7546,2559.4905,2559.12255
2024-09-13,XAU=,"OPEN_PRC,HIGH_1,LOW_1,BID,ASK,TRDPRC_1,TRDVOL_1",2585.99,2556.22,2576.4954,2578.5613,2577.5283499999996
2024-09-16,XAU=,"OPEN_PRC,HIGH_1,LOW_1,BID,ASK,TRDPRC_1,TRDVOL_1",2589.59,2575.19,2582.5791,2583.3411,2582.9601000000002
2024-09-17,XAU=,"OPEN_PRC,HIGH_1,LOW_1,BID,ASK,TRDPRC_1,TRDVOL_1",2586.79,2560.59,2569.5249,2570.4751,2570.0
2024-09-18,XAU=,"OPEN_PRC,HIGH_1,LOW_1,BID,ASK,TRDPRC_1,TRDVOL_1",2599.92,2546.69,2558.7954,2559.5046,2559.15
2024-09-19,XAU=,"OPEN_PRC,HIGH_1,LOW_1,BID,ASK,TRDPRC_1,TRDVOL_1",2594.71,2550.9929,2586.4756,2587.1494,2586.8125
2024-09-20,XAU=,"OPEN_PRC,HIGH_1,LOW_1,BID,ASK,TRDPRC_1,TRDVOL_1",2625.59,2584.69,2621.9568,2622.5083,2622.2325499999997
2024-09-23,XAU=,"OPEN_PRC,HIGH_1,LOW_1,BID,ASK,TRDPRC_1,TRDVOL_1",2635.29,2613.2,2628.3987,2629.1465,2628.7726000000002
2024-09-24,XAU=,"OPEN_PRC,HIGH_1,LOW_1,BID,ASK,TRDPRC_1,TRDVOL_1",2664.25,2622.29,2656.6992,2657.4209,2657.06005
2024-09-25,XAU=,"OPEN_PRC,HIGH_1,LOW_1,BID,ASK,TRDPRC_1,TRDVOL_1",2670.43,2649.59,2656.821,2657.5439,2657.1824500000002
2024-09-26,XAU=,"OPEN_PRC,HIGH_1,LOW_1,BID,ASK,TRDPRC_1,TRDVOL_1",2685.42,2654.09,2670.2,2670.8,2670.5
2024-09-27,XAU=,"OPEN_PRC,HIGH_1,LOW_1,BID,ASK,TRDPRC_1,TRDVOL_1",2674.19,2642.97,2657.9675,2658.7576,2658.36255
2024-09-30,XAU=,"OPEN_PRC,HIGH_1,LOW_1,BID,ASK,TRDPRC_1,TRDVOL_1",2665.91,2624.58,2634.4939,2635.2158,2634.8548499999997
2024-10-01,XAU=,"OPEN_PRC,HIGH_1,LOW_1,BID,ASK,TRDPRC_1,TRDVOL_1",2672.99,2630.99,2662.8213,2663.5186,2663.16995
2024-10-02,XAU=,"OPEN_PRC,HIGH_1,LOW_1,BID,ASK,TRDPRC_1,TRDVOL_1",2663.21,2640.97,2657.7549,2660.2549,2659.0049
2024-10-03,XAU=,"OPEN_PRC,HIGH_1,LOW_1,BID,ASK,TRDPRC_1,TRDVOL_1",2662.9,2639.52,2655.896,2656.6091,2656.25255
2024-10-04,XAU=,"OPEN_PRC,HIGH_1,LOW_1,BID,ASK,TRDPRC_1,TRDVOL_1",2669.9,2631.79,2652.2451,2654.7451,2653.4951
2024-10-07,XAU=,"OPEN_PRC,HIGH_1,LOW_1,BID,ASK,TRDPRC_1,TRDVOL_1",2659.51,2637.4,2643.5784,2644.2915,2643.93495
2024-10-08,XAU=,"OPEN_PRC,HIGH_1,LOW_1,BID,ASK,TRDPRC_1,TRDVOL_1",2652.94,2604.55,2621.9448,2622.6851,2622.31495
2024-10-09,XAU=,"OPEN_PRC,HIGH_1,LOW_1,BID,ASK,TRDPRC_1,TRDVOL_1",2624.39,2604.9697,2607.7705,2608.5146,2608.14255
2024-10-10,XAU=,"OPEN_PRC,HIGH_1,LOW_1,BID,ASK,TRDPRC_1,TRDVOL_1",2631.45,2603.4,2629.4802,2630.1897,2629.83495
2024-10-11,XAU=,"OPEN_PRC,HIGH_1,LOW_1,BID,ASK,TRDPRC_1,TRDVOL_1",2661.33,2626.99,2655.9976,2658.4976,2657.2476
2024-10-14,XAU=,"OPEN_PRC,HIGH_1,LOW_1,BID,ASK,TRDPRC_1,TRDVOL_1",2666.72,2643.0208,2651.05,2651.95,2651.5
2024-10-15,XAU=,"OPEN_PRC,HIGH_1,LOW_1,BID,ASK,TRDPRC_1,TRDVOL_1",2668.82,2638.1377,2660.9875,2661.7124,2661.34995
2024-10-16,XAU=,"OPEN_PRC,HIGH_1,LOW_1,BID,ASK,TRDPRC_1,TRDVOL_1",2685.16,2658.5405,2673.2385,2674.0913,2673.6648999999998
2024-10-17,XAU=,"OPEN_PRC,HIGH_1,LOW_1,BID,ASK,TRDPRC_1,TRDVOL_1",2696.59,2672.58,2692.5471,2693.2578,2692.9024499999996
2024-10-18,XAU=,"OPEN_PRC,HIGH_1,LOW_1,BID,ASK,TRDPRC_1,TRDVOL_1",2722.54,2691.03,2720.2473,2722.6228,2721.43505
2024-10-21,XAU=,"OPEN_PRC,HIGH_1,LOW_1,BID,ASK,TRDPRC_1,TRDVOL_1",2740.37,2713.99,2719.6453,2720.3997,2720.0225
2024-10-22,XAU=,"OPEN_PRC,HIGH_1,LOW_1,BID,ASK,TRDPRC_1,TRDVOL_1",2748.78,2718.49,2748.3833,2749.0566,2748.7199499999997
2024-10-23,XAU=,"OPEN_PRC,HIGH_1,LOW_1,BID,ASK,TRDPRC_1,TRDVOL_1",2758.37,2708.58,2717.54,2718.44,2717.99
2024-10-24,XAU=,"OPEN_PRC,HIGH_1,LOW_1,BID,ASK,TRDPRC_1,TRDVOL_1",2743.12,2715.09,2735.6956,2736.3694,2736.0325000000003
2024-10-25,XAU=,"OPEN_PRC,HIGH_1,LOW_1,BID,ASK,TRDPRC_1,TRDVOL_1",2747.6936,2716.6721,2747.6936,2748.2166,2747.9551
2024-10-28,XAU=,"OPEN_PRC,HIGH_1,LOW_1,BID,ASK,TRDPRC_1,TRDVOL_1",2745.83,2724.5486,2741.9771,2742.668,2742.32255
2024-10-29,XAU=,"OPEN_PRC,HIGH_1,LOW_1,BID,ASK,TRDPRC_1,TRDVOL_1",2775.1345,2739.37,2775.1345,2775.8906,2775.5125500000004
2024-10-30,XAU=,"OPEN_PRC,HIGH_1,LOW_1,BID,ASK,TRDPRC_1,TRDVOL_1",2789.89,2770.2,2786.1897,2786.9353,2786.5625
2024-10-31,XAU=,"OPEN_PRC,HIGH_1,LOW_1,BID,ASK,TRDPRC_1,TRDVOL_1",2790.15,2731.5,2743.8047,2744.4751,2744.1399
2024-11-01,XAU=,"OPEN_PRC,HIGH_1,LOW_1,BID,ASK,TRDPRC_1,TRDVOL_1",2761.99,2732.9961,2735.155,2737.655,2736.405
2024-11-04,XAU=,"OPEN_PRC,HIGH_1,LOW_1,BID,ASK,TRDPRC_1,TRDVOL_1",2748.09,2728.62,2736.39,2736.8,2736.5950000000003
2024-11-05,XAU=,"OPEN_PRC,HIGH_1,LOW_1,BID,ASK,TRDPRC_1,TRDVOL_1",2749.89,2724.55,2743.59,2744.1,2743.8450000000003
2024-11-06,XAU=,"OPEN_PRC,HIGH_1,LOW_1,BID,ASK,TRDPRC_1,TRDVOL_1",2749.63,2652.19,2659.24,2659.5,2659.37
2024-11-07,XAU=,"OPEN_PRC,HIGH_1,LOW_1,BID,ASK,TRDPRC_1,TRDVOL_1",2709.99,2643.3,2706.99,2707.6,2707.295
2024-11-08,XAU=,"OPEN_PRC,HIGH_1,LOW_1,BID,ASK,TRDPRC_1,TRDVOL_1",2710.32,2680.19,2683.77,2684.01,2683.8900000000003
2024-11-11,XAU=,"OPEN_PRC,HIGH_1,LOW_1,BID,ASK,TRDPRC_1,TRDVOL_1",2685.98,2610.4419,2620.2,2620.44,2620.3199999999997
2024-11-12,XAU=,"OPEN_PRC,HIGH_1,LOW_1,BID,ASK,TRDPRC_1,TRDVOL_1",2627.07,2589.59,2597.27,2597.57,2597.42
2024-11-13,XAU=,"OPEN_PRC,HIGH_1,LOW_1,BID,ASK,TRDPRC_1,TRDVOL_1",2618.74,2572.8132,2573.78,2574.06,2573.92
2024-11-14,XAU=,"OPEN_PRC,HIGH_1,LOW_1,BID,ASK,TRDPRC_1,TRDVOL_1",2581.23,2536.71,2566.19,2566.7,2566.4449999999997
2024-11-15,XAU=,"OPEN_PRC,HIGH_1,LOW_1,BID,ASK,TRDPRC_1,TRDVOL_1",2575.89,2554.43,2561.24,2561.99,2561.615
2024-11-18,XAU=,"OPEN_PRC,HIGH_1,LOW_1,BID,ASK,TRDPRC_1,TRDVOL_1",2614.99,2561.0901,2612.2,2612.42,2612.31
2024-11-19,XAU=,"OPEN_PRC,HIGH_1,LOW_1,BID,ASK,TRDPRC_1,TRDVOL_1",2639.37,2609.8601,2631.68,2631.92,2631.8
2024-11-20,XAU=,"OPEN_PRC,HIGH_1,LOW_1,BID,ASK,TRDPRC_1,TRDVOL_1",2655.31,2618.3,2650.05,2650.3,2650.175
2024-11-21,XAU=,"OPEN_PRC,HIGH_1,LOW_1,BID,ASK,TRDPRC_1,TRDVOL_1",2673.42,2647.5713,2669.69,2669.95,2669.8199999999997
2024-11-22,XAU=,"OPEN_PRC,HIGH_1,LOW_1,BID,ASK,TRDPRC_1,TRDVOL_1",2712.69,2666.7451,2712.55,2713.0,2712.775
2024-11-25,XAU=,"OPEN_PRC,HIGH_1,LOW_1,BID,ASK,TRDPRC_1,TRDVOL_1",2721.2,2615.5,2625.26,2625.53,2625.3950000000004
2024-11-26,XAU=,"OPEN_PRC,HIGH_1,LOW_1,BID,ASK,TRDPRC_1,TRDVOL_1",2641.89,2604.99,2631.89,2632.5,2632.1949999999997
2024-11-27,XAU=,"OPEN_PRC,HIGH_1,LOW_1,BID,ASK,TRDPRC_1,TRDVOL_1",2658.09,2626.89,2635.51,2635.96,2635.735
2024-11-28,XAU=,"OPEN_PRC,HIGH_1,LOW_1,BID,ASK,TRDPRC_1,TRDVOL_1",2649.64,2620.69,2640.96,2641.61,2641.285
2024-11-29,XAU=,"OPEN_PRC,HIGH_1,LOW_1,BID,ASK,TRDPRC_1,TRDVOL_1",2666.12,2633.99,2653.5459,2654.0942,2653.8200500000003
2024-12-02,XAU=,"OPEN_PRC,HIGH_1,LOW_1,BID,ASK,TRDPRC_1,TRDVOL_1",2655.83,2621.69,2638.93,2639.21,2639.0699999999997
2024-12-03,XAU=,"OPEN_PRC,HIGH_1,LOW_1,BID,ASK,TRDPRC_1,TRDVOL_1",2655.32,2633.9121,2643.44,2643.68,2643.56
2024-12-04,XAU=,"OPEN_PRC,HIGH_1,LOW_1,BID,ASK,TRDPRC_1,TRDVOL_1",2657.03,2632.29,2649.79,2650.05,2649.92
2024-12-05,XAU=,"OPEN_PRC,HIGH_1,LOW_1,BID,ASK,TRDPRC_1,TRDVOL_1",2655.39,2623.3584,2632.05,2632.35,2632.2
2024-12-06,XAU=,"OPEN_PRC,HIGH_1,LOW_1,BID,ASK,TRDPRC_1,TRDVOL_1",2645.49,2613.31,2632.91,2633.16,2633.035
2024-12-09,XAU=,"OPEN_PRC,HIGH_1,LOW_1,BID,ASK,TRDPRC_1,TRDVOL_1",2676.25,2627.32,2658.78,2659.04,2658.91
2024-12-10,XAU=,"OPEN_PRC,HIGH_1,LOW_1,BID,ASK,TRDPRC_1,TRDVOL_1",2695.49,2657.56,2693.64,2693.9,2693.77
2024-12-11,XAU=,"OPEN_PRC,HIGH_1,LOW_1,BID,ASK,TRDPRC_1,TRDVOL_1",2720.96,2673.99,2717.93,2718.21,2718.0699999999997
2024-12-12,XAU=,"OPEN_PRC,HIGH_1,LOW_1,BID,ASK,TRDPRC_1,TRDVOL_1",2725.79,2674.69,2681.33,2681.59,2681.46
2024-12-13,XAU=,"OPEN_PRC,HIGH_1,LOW_1,BID,ASK,TRDPRC_1,TRDVOL_1",2692.6,2645.4314,2648.39,2649.2,2648.795
2024-12-16,XAU=,"OPEN_PRC,HIGH_1,LOW_1,BID,ASK,TRDPRC_1,TRDVOL_1",2664.37,2642.8694,2652.5,2652.75,2652.625
2024-12-17,XAU=,"OPEN_PRC,HIGH_1,LOW_1,BID,ASK,TRDPRC_1,TRDVOL_1",2658.63,2632.739,2645.54,2645.84,2645.69
2024-12-18,XAU=,"OPEN_PRC,HIGH_1,LOW_1,BID,ASK,TRDPRC_1,TRDVOL_1",2651.69,2585.958,2587.63,2588.15,2587.8900000000003
2024-12-19,XAU=,"OPEN_PRC,HIGH_1,LOW_1,BID,ASK,TRDPRC_1,TRDVOL_1",2626.38,2582.6187,2593.85,2594.15,2594.0
2024-12-20,XAU=,"OPEN_PRC,HIGH_1,LOW_1,BID,ASK,TRDPRC_1,TRDVOL_1",2631.54,2589.241,2620.77,2621.97,2621.37
2024-12-23,XAU=,"OPEN_PRC,HIGH_1,LOW_1,BID,ASK,TRDPRC_1,TRDVOL_1",2633.23,2607.53,2612.93,2613.17,2613.05
2024-12-24,XAU=,"OPEN_PRC,HIGH_1,LOW_1,BID,ASK,TRDPRC_1,TRDVOL_1",2621.42,2609.5334,2613.2,2614.62,2613.91
2024-12-26,XAU=,"OPEN_PRC,HIGH_1,LOW_1,BID,ASK,TRDPRC_1,TRDVOL_1",2639.03,2613.75,2634.43,2634.73,2634.58
2024-12-27,XAU=,"OPEN_PRC,HIGH_1,LOW_1,BID,ASK,TRDPRC_1,TRDVOL_1",2638.08,2610.8,2620.0,2620.6,2620.3
2024-12-30,XAU=,"OPEN_PRC,HIGH_1,LOW_1,BID,ASK,TRDPRC_1,TRDVOL_1",2628.04,2595.5408,2605.39,2606.5,2605.9449999999997
2024-12-31,XAU=,"OPEN_PRC,HIGH_1,LOW_1,BID,ASK,TRDPRC_1,TRDVOL_1",2627.4,2602.1,2623.812,2625.448,2624.63
2025-01-02,XAU=,"OPEN_PRC,HIGH_1,LOW_1,BID,ASK,TRDPRC_1,TRDVOL_1",2660.43,2620.99,2657.16,2657.42,2657.29
2025-01-03,XAU=,"OPEN_PRC,HIGH_1,LOW_1,BID,ASK,TRDPRC_1,TRDVOL_1",2665.1,2635.9,2639.12,2639.87,2639.495
2025-01-06,XAU=,"OPEN_PRC,HIGH_1,LOW_1,BID,ASK,TRDPRC_1,TRDVOL_1",2649.24,2613.9,2635.3257,2636.8245,2636.0751
2025-01-07,XAU=,"OPEN_PRC,HIGH_1,LOW_1,BID,ASK,TRDPRC_1,TRDVOL_1",2664.19,2632.1743,2649.49,2650.4,2649.9449999999997
2025-01-08,XAU=,"OPEN_PRC,HIGH_1,LOW_1,BID,ASK,TRDPRC_1,TRDVOL_1",2670.1,2644.667,2662.06,2662.34,2662.2
2025-01-09,XAU=,"OPEN_PRC,HIGH_1,LOW_1,BID,ASK,TRDPRC_1,TRDVOL_1",2675.06,2662.06,2670.19,2671.1,2670.645
2025-01-10,XAU=,"OPEN_PRC,HIGH_1,LOW_1,BID,ASK,TRDPRC_1,TRDVOL_1",2697.83,2663.09,2689.63,2690.38,2690.005
2025-01-13,XAU=,"OPEN_PRC,HIGH_1,LOW_1,BID,ASK,TRDPRC_1,TRDVOL_1",2693.27,2656.3008,2662.12,2662.87,2662.495
2025-01-14,XAU=,"OPEN_PRC,HIGH_1,LOW_1,BID,ASK,TRDPRC_1,TRDVOL_1",2678.08,2659.39,2677.16,2677.42,2677.29
2025-01-15,XAU=,"OPEN_PRC,HIGH_1,LOW_1,BID,ASK,TRDPRC_1,TRDVOL_1",2697.5,2668.5081,2695.82,2696.07,2695.945
2025-01-16,XAU=,"OPEN_PRC,HIGH_1,LOW_1,BID,ASK,TRDPRC_1,TRDVOL_1",2724.55,2689.8,2713.77,2714.04,2713.9049999999997
2025-01-17,XAU=,"OPEN_PRC,HIGH_1,LOW_1,BID,ASK,TRDPRC_1,TRDVOL_1",2717.45,2697.59,2701.55,2702.3,2701.925
2025-01-20,XAU=,"OPEN_PRC,HIGH_1,LOW_1,BID,ASK,TRDPRC_1,TRDVOL_1",2713.7,2688.8928,2708.0559,2709.2542,2708.65505
2025-01-21,XAU=,"OPEN_PRC,HIGH_1,LOW_1,BID,ASK,TRDPRC_1,TRDVOL_1",2745.95,2702.09,2744.39,2746.0,2745.1949999999997
2025-01-22,XAU=,"OPEN_PRC,HIGH_1,LOW_1,BID,ASK,TRDPRC_1,TRDVOL_1",2763.43,2741.29,2755.0225,2756.2046,2755.61355
2025-01-23,XAU=,"OPEN_PRC,HIGH_1,LOW_1,BID,ASK,TRDPRC_1,TRDVOL_1",2758.8,2735.39,2753.69,2754.4,2754.045
2025-01-24,XAU=,"OPEN_PRC,HIGH_1,LOW_1,BID,ASK,TRDPRC_1,TRDVOL_1",2785.79,2752.18,2771.3,2771.57,2771.4350000000004
2025-01-27,XAU=,"OPEN_PRC,HIGH_1,LOW_1,BID,ASK,TRDPRC_1,TRDVOL_1",2772.73,2729.3,2741.1,2741.7,2741.3999999999996
2025-01-28,XAU=,"OPEN_PRC,HIGH_1,LOW_1,BID,ASK,TRDPRC_1,TRDVOL_1",2764.86,2734.35,2763.11,2763.86,2763.485
2025-01-29,XAU=,"OPEN_PRC,HIGH_1,LOW_1,BID,ASK,TRDPRC_1,TRDVOL_1",2766.16,2744.31,2757.71,2758.08,2757.895
2025-01-30,XAU=,"OPEN_PRC,HIGH_1,LOW_1,BID,ASK,TRDPRC_1,TRDVOL_1",2798.4,2756.79,2793.88,2794.2,2794.04
2025-01-31,XAU=,"OPEN_PRC,HIGH_1,LOW_1,BID,ASK,TRDPRC_1,TRDVOL_1",2817.23,2790.49,2801.0,2801.36,2801.1800000000003
2025-02-03,XAU=,"OPEN_PRC,HIGH_1,LOW_1,BID,ASK,TRDPRC_1,TRDVOL_1",2830.49,2771.29,2813.49,2815.2,2814.345
2025-02-04,XAU=,"OPEN_PRC,HIGH_1,LOW_1,BID,ASK,TRDPRC_1,TRDVOL_1",2845.14,2806.354,2841.94,2842.21,2842.075
2025-02-05,XAU=,"OPEN_PRC,HIGH_1,LOW_1,BID,ASK,TRDPRC_1,TRDVOL_1",2882.16,2839.05,2865.09,2865.41,2865.25
2025-02-06,XAU=,"OPEN_PRC,HIGH_1,LOW_1,BID,ASK,TRDPRC_1,TRDVOL_1",2873.38,2833.99,2856.5,2856.77,2856.635
2025-02-07,XAU=,"OPEN_PRC,HIGH_1,LOW_1,BID,ASK,TRDPRC_1,TRDVOL_1",2886.62,2852.09,2860.39,2861.8,2861.0950000000003
2025-02-10,XAU=,"OPEN_PRC,HIGH_1,LOW_1,BID,ASK,TRDPRC_1,TRDVOL_1",2911.3,2853.8889,2907.34,2907.61,2907.4750000000004
2025-02-11,XAU=,"OPEN_PRC,HIGH_1,LOW_1,BID,ASK,TRDPRC_1,TRDVOL_1",2942.7,2881.36,2898.3391,2899.3699,2898.8545000000004
2025-02-12,XAU=,"OPEN_PRC,HIGH_1,LOW_1,BID,ASK,TRDPRC_1,TRDVOL_1",2908.86,2863.63,2903.66,2903.97,2903.8149999999996
2025-02-13,XAU=,"OPEN_PRC,HIGH_1,LOW_1,BID,ASK,TRDPRC_1,TRDVOL_1",2929.48,2899.99,2929.03,2929.32,2929.175
2025-02-14,XAU=,"OPEN_PRC,HIGH_1,LOW_1,BID,ASK,TRDPRC_1,TRDVOL_1",2939.97,2876.69,2883.18,2883.93,2883.555
2025-02-17,XAU=,"OPEN_PRC,HIGH_1,LOW_1,BID,ASK,TRDPRC_1,TRDVOL_1",2906.38,2877.19,2897.655,2898.2056,2897.9303
2025-02-18,XAU=,"OPEN_PRC,HIGH_1,LOW_1,BID,ASK,TRDPRC_1,TRDVOL_1",2937.2,2891.59,2935.58,2935.86,2935.7200000000003
2025-02-19,XAU=,"OPEN_PRC,HIGH_1,LOW_1,BID,ASK,TRDPRC_1,TRDVOL_1",2946.85,2918.09,2932.64,2932.95,2932.795
2025-02-20,XAU=,"OPEN_PRC,HIGH_1,LOW_1,BID,ASK,TRDPRC_1,TRDVOL_1",2954.69,2923.99,2938.7,2939.3,2939.0
2025-02-21,XAU=,"OPEN_PRC,HIGH_1,LOW_1,BID,ASK,TRDPRC_1,TRDVOL_1",2949.72,2916.39,2936.03,2936.78,2936.405
2025-02-24,XAU=,"OPEN_PRC,HIGH_1,LOW_1,BID,ASK,TRDPRC_1,TRDVOL_1",2956.15,2920.09,2951.19,2952.7,2951.9449999999997
2025-02-25,XAU=,"OPEN_PRC,HIGH_1,LOW_1,BID,ASK,TRDPRC_1,TRDVOL_1",2953.87,2887.7134,2915.12,2915.72,2915.42
2025-02-26,XAU=,"OPEN_PRC,HIGH_1,LOW_1,BID,ASK,TRDPRC_1,TRDVOL_1",2929.92,2890.6704,2916.19,2917.5,2916.8450000000003
2025-02-27,XAU=,"OPEN_PRC,HIGH_1,LOW_1,BID,ASK,TRDPRC_1,TRDVOL_1",2920.7,2867.6267,2876.19,2878.3,2877.245
2025-02-28,XAU=,"OPEN_PRC,HIGH_1,LOW_1,BID,ASK,TRDPRC_1,TRDVOL_1",2885.05,2832.29,2858.6,2858.94,2858.77
2025-03-03,XAU=,"OPEN_PRC,HIGH_1,LOW_1,BID,ASK,TRDPRC_1,TRDVOL_1",2894.99,2855.18,2893.71,2894.08,2893.895
2025-03-04,XAU=,"OPEN_PRC,HIGH_1,LOW_1,BID,ASK,TRDPRC_1,TRDVOL_1",2927.93,2881.49,2917.49,2917.83,2917.66
2025-03-05,XAU=,"OPEN_PRC,HIGH_1,LOW_1,BID,ASK,TRDPRC_1,TRDVOL_1",2929.67,2893.8,2918.84,2919.15,2918.995
2025-03-06,XAU=,"OPEN_PRC,HIGH_1,LOW_1,BID,ASK,TRDPRC_1,TRDVOL_1",2926.64,2891.01,2909.99,2911.3,2910.645
2025-03-07,XAU=,"OPEN_PRC,HIGH_1,LOW_1,BID,ASK,TRDPRC_1,TRDVOL_1",2930.33,2895.99,2910.79,2912.1,2911.4449999999997
2025-03-10,XAU=,"OPEN_PRC,HIGH_1,LOW_1,BID,ASK,TRDPRC_1,TRDVOL_1",2918.19,2879.99,2889.3975,2890.4675,2889.9325
2025-03-11,XAU=,"OPEN_PRC,HIGH_1,LOW_1,BID,ASK,TRDPRC_1,TRDVOL_1",2921.93,2880.07,2916.0376,2917.1025,2916.5700500000003
2025-03-12,XAU=,"OPEN_PRC,HIGH_1,LOW_1,BID,ASK,TRDPRC_1,TRDVOL_1",2940.64,2906.04,2932.0569,2933.2649,2932.6609
2025-03-13,XAU=,"OPEN_PRC,HIGH_1,LOW_1,BID,ASK,TRDPRC_1,TRDVOL_1",2989.31,2931.58,2987.7546,2988.9954,2988.375
2025-03-14,XAU=,"OPEN_PRC,HIGH_1,LOW_1,BID,ASK,TRDPRC_1,TRDVOL_1",3004.86,2978.09,2984.416,2985.0405,2984.72825
2025-03-17,XAU=,"OPEN_PRC,HIGH_1,LOW_1,BID,ASK,TRDPRC_1,TRDVOL_1",3001.87,2981.76,3001.4695,3002.0703,3001.7699000000002
2025-03-18,XAU=,"OPEN_PRC,HIGH_1,LOW_1,BID,ASK,TRDPRC_1,TRDVOL_1",3038.26,2998.73,3033.9475,3034.4824,3034.21495
2025-03-19,XAU=,"OPEN_PRC,HIGH_1,LOW_1,BID,ASK,TRDPRC_1,TRDVOL_1",3051.99,3022.39,3047.1799,3047.8,3047.48995
2025-03-20,XAU=,"OPEN_PRC,HIGH_1,LOW_1,BID,ASK,TRDPRC_1,TRDVOL_1",3057.21,3025.34,3044.4087,3045.0564,3044.7325499999997
2025-03-21,XAU=,"OPEN_PRC,HIGH_1,LOW_1,BID,ASK,TRDPRC_1,TRDVOL_1",3047.32,2999.0793,3023.6294,3024.2871,3023.9582499999997
2025-03-24,XAU=,"OPEN_PRC,HIGH_1,LOW_1,BID,ASK,TRDPRC_1,TRDVOL_1",3033.07,3002.09,3012.2722,3013.0078,3012.64
2025-03-25,XAU=,"OPEN_PRC,HIGH_1,LOW_1,BID,ASK,TRDPRC_1,TRDVOL_1",3035.71,3007.29,3019.855,3020.615,3020.2349999999997
2025-03-26,XAU=,"OPEN_PRC,HIGH_1,LOW_1,BID,ASK,TRDPRC_1,TRDVOL_1",3031.96,3012.0613,3019.2876,3019.8325,3019.56005
2025-03-27,XAU=,"OPEN_PRC,HIGH_1,LOW_1,BID,ASK,TRDPRC_1,TRDVOL_1",3059.3,3016.59,3056.0974,3056.6125,3056.35495
2025-03-28,XAU=,"OPEN_PRC,HIGH_1,LOW_1,BID,ASK,TRDPRC_1,TRDVOL_1",3086.7,3053.39,3084.0283,3086.5283,3085.2783
2025-03-31,XAU=,"OPEN_PRC,HIGH_1,LOW_1,BID,ASK,TRDPRC_1,TRDVOL_1",3128.06,3076.09,3123.0549,3123.655,3123.35495
2025-04-01,XAU=,"OPEN_PRC,HIGH_1,LOW_1,BID,ASK,TRDPRC_1,TRDVOL_1",3148.88,3100.5918,3110.55,3111.45,3111.0
2025-04-02,XAU=,"OPEN_PRC,HIGH_1,LOW_1,BID,ASK,TRDPRC_1,TRDVOL_1",3139.27,3104.49,3133.5713,3134.7488,3134.16005
2025-04-03,XAU=,"OPEN_PRC,HIGH_1,LOW_1,BID,ASK,TRDPRC_1,TRDVOL_1",3167.57,3053.8706,3112.8335,3113.4766,3113.1550500000003
2025-04-04,XAU=,"OPEN_PRC,HIGH_1,LOW_1,BID,ASK,TRDPRC_1,TRDVOL_1",3136.39,3015.29,3037.3562,3038.6838,3038.02
2025-04-07,XAU=,"OPEN_PRC,HIGH_1,LOW_1,BID,ASK,TRDPRC_1,TRDVOL_1",3055.22,2955.89,2982.5398,2984.2407,2983.39025
2025-04-08,XAU=,"OPEN_PRC,HIGH_1,LOW_1,BID,ASK,TRDPRC_1,TRDVOL_1",3022.47,2973.89,2983.7825,2984.3774,2984.07995
2025-04-09,XAU=,"OPEN_PRC,HIGH_1,LOW_1,BID,ASK,TRDPRC_1,TRDVOL_1",3099.51,2969.71,3082.1814,3083.6238,3082.9026
2025-04-10,XAU=,"OPEN_PRC,HIGH_1,LOW_1,BID,ASK,TRDPRC_1,TRDVOL_1",3176.64,3070.29,3173.917,3174.4529,3174.18495
2025-04-11,XAU=,"OPEN_PRC,HIGH_1,LOW_1,BID,ASK,TRDPRC_1,TRDVOL_1",3245.28,3173.84,3236.2124,3238.4878,3237.3500999999997
2025-04-14,XAU=,"OPEN_PRC,HIGH_1,LOW_1,BID,ASK,TRDPRC_1,TRDVOL_1",3245.42,3192.99,3209.2849,3209.7949,3209.5398999999998
2025-04-15,XAU=,"OPEN_PRC,HIGH_1,LOW_1,BID,ASK,TRDPRC_1,TRDVOL_1",3233.51,3208.9082,3227.605,3229.155,3228.38
2025-04-16,XAU=,"OPEN_PRC,HIGH_1,LOW_1,BID,ASK,TRDPRC_1,TRDVOL_1",3344.78,3225.87,3343.2224,3345.5974,3344.4099
2025-04-17,XAU=,"OPEN_PRC,HIGH_1,LOW_1,BID,ASK,TRDPRC_1,TRDVOL_1",3357.4,3283.49,3327.54,3328.05,3327.795
2025-04-21,XAU=,"OPEN_PRC,HIGH_1,LOW_1,BID,ASK,TRDPRC_1,TRDVOL_1",3430.46,3327.56,3424.3025,3426.5576,3425.43005
2025-04-22,XAU=,"OPEN_PRC,HIGH_1,LOW_1,BID,ASK,TRDPRC_1,TRDVOL_1",3500.05,3366.36,3381.4954,3383.5945,3382.54495
2025-04-23,XAU=,"OPEN_PRC,HIGH_1,LOW_1,BID,ASK,TRDPRC_1,TRDVOL_1",3386.46,3259.99,3287.4878,3289.0322,3288.26
2025-04-24,XAU=,"OPEN_PRC,HIGH_1,LOW_1,BID,ASK,TRDPRC_1,TRDVOL_1",3367.04,3287.01,3348.2314,3349.9734,3349.1023999999998
2025-04-25,XAU=,"OPEN_PRC,HIGH_1,LOW_1,BID,ASK,TRDPRC_1,TRDVOL_1",3370.062,3264.79,3318.2,3320.7,3319.45
2025-04-28,XAU=,"OPEN_PRC,HIGH_1,LOW_1,BID,ASK,TRDPRC_1,TRDVOL_1",3352.86,3267.0149,3341.365,3341.9651,3341.6650499999996
2025-04-29,XAU=,"OPEN_PRC,HIGH_1,LOW_1,BID,ASK,TRDPRC_1,TRDVOL_1",3348.36,3298.69,3316.1089,3318.261,3317.18495
2025-04-30,XAU=,"OPEN_PRC,HIGH_1,LOW_1,BID,ASK,TRDPRC_1,TRDVOL_1",3327.91,3266.79,3287.7195,3289.4556,3288.58755
2025-05-01,XAU=,"OPEN_PRC,HIGH_1,LOW_1,BID,ASK,TRDPRC_1,TRDVOL_1",3290.49,3201.69,3240.2869,3241.7134,3241.00015
2025-05-02,XAU=,"OPEN_PRC,HIGH_1,LOW_1,BID,ASK,TRDPRC_1,TRDVOL_1",3269.04,3222.3389,3240.0769,3241.6733,3240.8751
2025-05-05,XAU=,"OPEN_PRC,HIGH_1,LOW_1,BID,ASK,TRDPRC_1,TRDVOL_1",3337.5,3236.42,3333.5957,3335.4043,3334.5
2025-05-06,XAU=,"OPEN_PRC,HIGH_1,LOW_1,BID,ASK,TRDPRC_1,TRDVOL_1",3434.8,3322.29,3429.3203,3431.0996,3430.20995
2025-05-07,XAU=,"OPEN_PRC,HIGH_1,LOW_1,BID,ASK,TRDPRC_1,TRDVOL_1",3437.78,3359.7815,3364.3225,3366.1074,3365.21495
2025-05-08,XAU=,"OPEN_PRC,HIGH_1,LOW_1,BID,ASK,TRDPRC_1,TRDVOL_1",3414.5,3288.39,3305.2539,3305.7771,3305.5155
2025-05-09,XAU=,"OPEN_PRC,HIGH_1,LOW_1,BID,ASK,TRDPRC_1,TRDVOL_1",3347.25,3274.38,3324.2231,3325.0269,3324.625
2025-05-12,XAU=,"OPEN_PRC,HIGH_1,LOW_1,BID,ASK,TRDPRC_1,TRDVOL_1",3324.73,3207.304,3233.7229,3235.6772,3234.7000500000004
2025-05-13,XAU=,"OPEN_PRC,HIGH_1,LOW_1,BID,ASK,TRDPRC_1,TRDVOL_1",3265.18,3215.4336,3247.4001,3249.5432,3248.47165
2025-05-14,XAU=,"OPEN_PRC,HIGH_1,LOW_1,BID,ASK,TRDPRC_1,TRDVOL_1",3256.87,3167.69,3178.4951,3179.0049,3178.75
2025-05-15,XAU=,"OPEN_PRC,HIGH_1,LOW_1,BID,ASK,TRDPRC_1,TRDVOL_1",3240.57,3120.14,3239.8015,3241.9436,3240.87255
2025-05-16,XAU=,"OPEN_PRC,HIGH_1,LOW_1,BID,ASK,TRDPRC_1,TRDVOL_1",3251.82,3153.99,3202.2839,3203.2659,3202.7749
2025-05-19,XAU=,"OPEN_PRC,HIGH_1,LOW_1,BID,ASK,TRDPRC_1,TRDVOL_1",3249.0195,3204.97,3228.9602,3230.7397,3229.84995
2025-05-20,XAU=,"OPEN_PRC,HIGH_1,LOW_1,BID,ASK,TRDPRC_1,TRDVOL_1",3295.52,3204.0464,3289.0066,3291.2383,3290.12245
2025-05-21,XAU=,"OPEN_PRC,HIGH_1,LOW_1,BID,ASK,TRDPRC_1,TRDVOL_1",3324.75,3285.09,3313.9365,3316.0483,3314.9924
2025-05-22,XAU=,"OPEN_PRC,HIGH_1,LOW_1,BID,ASK,TRDPRC_1,TRDVOL_1",3345.19,3279.09,3294.0984,3295.9016,3295.0
2025-05-23,XAU=,"OPEN_PRC,HIGH_1,LOW_1,BID,ASK,TRDPRC_1,TRDVOL_1",3365.76,3286.8892,3356.9939,3357.856,3357.42495
2025-05-26,XAU=,"OPEN_PRC,HIGH_1,LOW_1,BID,ASK,TRDPRC_1,TRDVOL_1",3356.35,3323.59,3342.79,3343.09,3342.94
2025-05-27,XAU=,"OPEN_PRC,HIGH_1,LOW_1,BID,ASK,TRDPRC_1,TRDVOL_1",3349.8,3285.19,3299.5574,3301.8081,3300.68275
2025-05-28,XAU=,"OPEN_PRC,HIGH_1,LOW_1,BID,ASK,TRDPRC_1,TRDVOL_1",3325.29,3275.49,3289.31,3290.21,3289.76
2025-05-29,XAU=,"OPEN_PRC,HIGH_1,LOW_1,BID,ASK,TRDPRC_1,TRDVOL_1",3330.43,3245.09,3315.8972,3318.1477,3317.02245
2025-05-30,XAU=,"OPEN_PRC,HIGH_1,LOW_1,BID,ASK,TRDPRC_1,TRDVOL_1",3322.52,3271.29,3289.1499,3289.6599,3289.4049
2025-06-02,XAU=,"OPEN_PRC,HIGH_1,LOW_1,BID,ASK,TRDPRC_1,TRDVOL_1",3382.73,3288.75,3379.0601,3381.3601,3380.2101000000002
2025-06-03,XAU=,"OPEN_PRC,HIGH_1,LOW_1,BID,ASK,TRDPRC_1,TRDVOL_1",3392.03,3332.6616,3351.9775,3352.5125,3352.245
2025-06-04,XAU=,"OPEN_PRC,HIGH_1,LOW_1,BID,ASK,TRDPRC_1,TRDVOL_1",3384.42,3343.375,3375.42,3377.6631,3376.54155
2025-06-05,XAU=,"OPEN_PRC,HIGH_1,LOW_1,BID,ASK,TRDPRC_1,TRDVOL_1",3403.15,3338.29,3353.1167,3355.2085,3354.1626
2025-06-06,XAU=,"OPEN_PRC,HIGH_1,LOW_1,BID,ASK,TRDPRC_1,TRDVOL_1",3375.29,3306.3264,3309.6743,3310.6609,3310.1675999999998
2025-06-09,XAU=,"OPEN_PRC,HIGH_1,LOW_1,BID,ASK,TRDPRC_1,TRDVOL_1",3337.96,3293.29,3327.58,3329.08,3328.33
2025-06-10,XAU=,"OPEN_PRC,HIGH_1,LOW_1,BID,ASK,TRDPRC_1,TRDVOL_1",3348.89,3301.5369,3322.1704,3322.8694,3322.5199000000002
2025-06-11,XAU=,"OPEN_PRC,HIGH_1,LOW_1,BID,ASK,TRDPRC_1,TRDVOL_1",3360.44,3314.59,3353.2603,3354.4199,3353.8401
2025-06-12,XAU=,"OPEN_PRC,HIGH_1,LOW_1,BID,ASK,TRDPRC_1,TRDVOL_1",3398.86,3338.29,3384.0449,3386.5449,3385.2949
2025-06-13,XAU=,"OPEN_PRC,HIGH_1,LOW_1,BID,ASK,TRDPRC_1,TRDVOL_1",3446.62,3379.3159,3432.1865,3433.0884,3432.63745
2025-06-16,XAU=,"OPEN_PRC,HIGH_1,LOW_1,BID,ASK,TRDPRC_1,TRDVOL_1",3451.04,3381.69,3382.9275,3383.4824,3383.20495
2025-06-17,XAU=,"OPEN_PRC,HIGH_1,LOW_1,BID,ASK,TRDPRC_1,TRDVOL_1",3403.08,3365.79,3388.3706,3389.1145,3388.74255
2025-06-18,XAU=,"OPEN_PRC,HIGH_1,LOW_1,BID,ASK,TRDPRC_1,TRDVOL_1",3399.79,3362.19,3368.7351,3369.4451,3369.0901
2025-06-19,XAU=,"OPEN_PRC,HIGH_1,LOW_1,BID,ASK,TRDPRC_1,TRDVOL_1",3387.74,3347.19,3370.3977,3371.1072,3370.75245
2025-06-20,XAU=,"OPEN_PRC,HIGH_1,LOW_1,BID,ASK,TRDPRC_1,TRDVOL_1",3374.36,3340.09,3367.98,3368.49,3368.2349999999997
2025-06-23,XAU=,"OPEN_PRC,HIGH_1,LOW_1,BID,ASK,TRDPRC_1,TRDVOL_1",3398.5,3346.79,3368.5085,3369.2563,3368.8824
2025-06-24,XAU=,"OPEN_PRC,HIGH_1,LOW_1,BID,ASK,TRDPRC_1,TRDVOL_1",3370.56,3294.99,3323.75,3324.65,3324.2
2025-06-25,XAU=,"OPEN_PRC,HIGH_1,LOW_1,BID,ASK,TRDPRC_1,TRDVOL_1",3336.95,3311.69,3332.1125,3332.8174,3332.46495
2025-06-26,XAU=,"OPEN_PRC,HIGH_1,LOW_1,BID,ASK,TRDPRC_1,TRDVOL_1",3350.09,3309.73,3327.7891,3328.3408,3328.06495
2025-06-27,XAU=,"OPEN_PRC,HIGH_1,LOW_1,BID,ASK,TRDPRC_1,TRDVOL_1",3328.16,3255.3591,3272.9983,3275.4983,3274.2483
2025-06-30,XAU=,"OPEN_PRC,HIGH_1,LOW_1,BID,ASK,TRDPRC_1,TRDVOL_1",3309.35,3247.11,3303.312,3304.0681,3303.69005
2025-07-01,XAU=,"OPEN_PRC,HIGH_1,LOW_1,BID,ASK,TRDPRC_1,TRDVOL_1",3357.78,3301.07,3338.8276,3339.5833,3339.20545
2025-07-02,XAU=,"OPEN_PRC,HIGH_1,LOW_1,BID,ASK,TRDPRC_1,TRDVOL_1",3359.75,3327.29,3357.0762,3357.6338,3357.355
2025-07-03,XAU=,"OPEN_PRC,HIGH_1,LOW_1,BID,ASK,TRDPRC_1,TRDVOL_1",3365.43,3311.39,3326.3076,3326.8225,3326.56505
2025-07-04,XAU=,"OPEN_PRC,HIGH_1,LOW_1,BID,ASK,TRDPRC_1,TRDVOL_1",3344.9,3323.09,3336.34,3336.94,3336.6400000000003
2025-07-07,XAU=,"OPEN_PRC,HIGH_1,LOW_1,BID,ASK,TRDPRC_1,TRDVOL_1",3342.46,3296.09,3335.241,3335.979,3335.6099999999997
2025-07-08,XAU=,"OPEN_PRC,HIGH_1,LOW_1,BID,ASK,TRDPRC_1,TRDVOL_1",3345.47,3286.94,3300.4451,3300.9551,3300.7001
2025-07-09,XAU=,"OPEN_PRC,HIGH_1,LOW_1,BID,ASK,TRDPRC_1,TRDVOL_1",3316.79,3282.49,3313.3472,3314.0979,3313.7225500000004
2025-07-10,XAU=,"OPEN_PRC,HIGH_1,LOW_1,BID,ASK,TRDPRC_1,TRDVOL_1",3330.21,3309.89,3322.6924,3323.4475,3323.06995
2025-07-11,XAU=,"OPEN_PRC,HIGH_1,LOW_1,BID,ASK,TRDPRC_1,TRDVOL_1",3368.59,3320.59,3355.4839,3356.3262,3355.9050500000003
2025-07-14,XAU=,"OPEN_PRC,HIGH_1,LOW_1,BID,ASK,TRDPRC_1,TRDVOL_1",3374.65,3340.79,3343.5242,3344.0757,3343.7999499999996
2025-07-15,XAU=,"OPEN_PRC,HIGH_1,LOW_1,BID,ASK,TRDPRC_1,TRDVOL_1",3366.25,3319.99,3322.18,3323.08,3322.63
2025-07-16,XAU=,"OPEN_PRC,HIGH_1,LOW_1,BID,ASK,TRDPRC_1,TRDVOL_1",3376.99,3319.39,3346.3196,3346.8503,3346.58495
2025-07-17,XAU=,"OPEN_PRC,HIGH_1,LOW_1,BID,ASK,TRDPRC_1,TRDVOL_1",3352.19,3309.59,3338.5791,3339.3259,3338.9525
2025-07-18,XAU=,"OPEN_PRC,HIGH_1,LOW_1,BID,ASK,TRDPRC_1,TRDVOL_1",3361.11,3331.39,3349.2607,3351.5293,3350.395
2025-07-21,XAU=,"OPEN_PRC,HIGH_1,LOW_1,BID,ASK,TRDPRC_1,TRDVOL_1",3401.29,3343.49,3395.3208,3396.2791,3395.79995
2025-07-22,XAU=,"OPEN_PRC,HIGH_1,LOW_1,BID,ASK,TRDPRC_1,TRDVOL_1",3433.32,3382.99,3431.1194,3431.8755,3431.49745
2025-07-23,XAU=,"OPEN_PRC,HIGH_1,LOW_1,BID,ASK,TRDPRC_1,TRDVOL_1",3438.67,3381.09,3387.4155,3388.1543,3387.7849
2025-07-24,XAU=,"OPEN_PRC,HIGH_1,LOW_1,BID,ASK,TRDPRC_1,TRDVOL_1",3393.12,3350.99,3367.8064,3368.5034,3368.1549
2025-07-25,XAU=,"OPEN_PRC,HIGH_1,LOW_1,BID,ASK,TRDPRC_1,TRDVOL_1",3373.25,3324.78,3335.925,3338.425,3337.175
2025-07-28,XAU=,"OPEN_PRC,HIGH_1,LOW_1,BID,ASK,TRDPRC_1,TRDVOL_1",3345.22,3301.29,3314.0376,3315.2522,3314.6449000000002
2025-07-29,XAU=,"OPEN_PRC,HIGH_1,LOW_1,BID,ASK,TRDPRC_1,TRDVOL_1",3333.91,3307.59,3326.314,3327.3711,3326.84255
2025-07-30,XAU=,"OPEN_PRC,HIGH_1,LOW_1,BID,ASK,TRDPRC_1,TRDVOL_1",3333.94,3267.79,3274.7478,3275.7573,3275.25255
2025-07-31,XAU=,"OPEN_PRC,HIGH_1,LOW_1,BID,ASK,TRDPRC_1,TRDVOL_1",3314.65,3272.99,3290.0249,3290.625,3290.32495
2025-08-01,XAU=,"OPEN_PRC,HIGH_1,LOW_1,BID,ASK,TRDPRC_1,TRDVOL_1",3363.1956,3281.19,3362.5129,3363.2522,3362.8825500000003
2025-08-04,XAU=,"OPEN_PRC,HIGH_1,LOW_1,BID,ASK,TRDPRC_1,TRDVOL_1",3385.29,3344.6265,3372.7939,3373.9558,3373.37485
2025-08-05,XAU=,"OPEN_PRC,HIGH_1,LOW_1,BID,ASK,TRDPRC_1,TRDVOL_1",3390.29,3349.55,3380.7319,3381.7981,3381.2650000000003
2025-08-06,XAU=,"OPEN_PRC,HIGH_1,LOW_1,BID,ASK,TRDPRC_1,TRDVOL_1",3384.89,3357.99,3368.5061,3369.5789,3369.0425
2025-08-07,XAU=,"OPEN_PRC,HIGH_1,LOW_1,BID,ASK,TRDPRC_1,TRDVOL_1",3401.92,3363.7,3397.01,3397.6101,3397.31005
2025-08-08,XAU=,"OPEN_PRC,HIGH_1,LOW_1,BID,ASK,TRDPRC_1,TRDVOL_1",3408.06,3378.8,3398.4092,3399.1506,3398.7799
2025-08-11,XAU=,"OPEN_PRC,HIGH_1,LOW_1,BID,ASK,TRDPRC_1,TRDVOL_1",3404.19,3340.09,3344.1487,3345.5164,3344.83255
2025-08-12,XAU=,"OPEN_PRC,HIGH_1,LOW_1,BID,ASK,TRDPRC_1,TRDVOL_1",3358.85,3330.7483,3345.0,3347.4,3346.2
2025-08-13,XAU=,"OPEN_PRC,HIGH_1,LOW_1,BID,ASK,TRDPRC_1,TRDVOL_1",3370.59,3342.29,3354.4275,3355.0325,3354.7299999999996
2025-08-14,XAU=,"OPEN_PRC,HIGH_1,LOW_1,BID,ASK,TRDPRC_1,TRDVOL_1",3374.49,3329.61,3335.7,3337.3,3336.5
2025-08-15,XAU=,"OPEN_PRC,HIGH_1,LOW_1,BID,ASK,TRDPRC_1,TRDVOL_1",3348.74,3331.63,3334.9846,3335.7954,3335.39
2025-08-18,XAU=,"OPEN_PRC,HIGH_1,LOW_1,BID,ASK,TRDPRC_1,TRDVOL_1",3358.24,3322.92,3330.2451,3330.845,3330.5450499999997
2025-08-19,XAU=,"OPEN_PRC,HIGH_1,LOW_1,BID,ASK,TRDPRC_1,TRDVOL_1",3345.09,3314.63,3315.1875,3315.7424,3315.46495
2025-08-20,XAU=,"OPEN_PRC,HIGH_1,LOW_1,BID,ASK,TRDPRC_1,TRDVOL_1",3350.2,3311.19,3346.7534,3347.4568,3347.1050999999998
2025-08-21,XAU=,"OPEN_PRC,HIGH_1,LOW_1,BID,ASK,TRDPRC_1,TRDVOL_1",3352.873,3325.04,3338.4629,3339.167,3338.81495
2025-08-22,XAU=,"OPEN_PRC,HIGH_1,LOW_1,BID,ASK,TRDPRC_1,TRDVOL_1",3378.69,3321.1763,3371.668,3372.542,3372.105
2025-08-25,XAU=,"OPEN_PRC,HIGH_1,LOW_1,BID,ASK,TRDPRC_1,TRDVOL_1",3376.2,3359.364,3366.2451,3367.335,3366.79005
2025-08-26,XAU=,"OPEN_PRC,HIGH_1,LOW_1,BID,ASK,TRDPRC_1,TRDVOL_1",3393.6699,3350.89,3392.3333,3393.4167,3392.875
2025-08-27,XAU=,"OPEN_PRC,HIGH_1,LOW_1,BID,ASK,TRDPRC_1,TRDVOL_1",3398.68,3373.49,3396.8875,3397.9624,3397.4249499999996
2025-08-28,XAU=,"OPEN_PRC,HIGH_1,LOW_1,BID,ASK,TRDPRC_1,TRDVOL_1",3423.16,3384.09,3416.6885,3417.7117,3417.2001
2025-08-29,XAU=,"OPEN_PRC,HIGH_1,LOW_1,BID,ASK,TRDPRC_1,TRDVOL_1",3453.76,3404.0505,3446.7451,3449.2451,3447.9951
2025-09-01,XAU=,"OPEN_PRC,HIGH_1,LOW_1,BID,ASK,TRDPRC_1,TRDVOL_1",3489.51,3436.19,3475.87,3477.07,3476.4700000000003
2025-09-02,XAU=,"OPEN_PRC,HIGH_1,LOW_1,BID,ASK,TRDPRC_1,TRDVOL_1",3540.28,3469.8694,3532.9294,3534.5405,3533.73495
2025-09-03,XAU=,"OPEN_PRC,HIGH_1,LOW_1,BID,ASK,TRDPRC_1,TRDVOL_1",3578.5,3525.49,3558.7222,3560.1477,3559.43495
2025-09-04,XAU=,"OPEN_PRC,HIGH_1,LOW_1,BID,ASK,TRDPRC_1,TRDVOL_1",3563.65,3510.29,3545.3333,3547.0068,3546.1700499999997
2025-09-05,XAU=,"OPEN_PRC,HIGH_1,LOW_1,BID,ASK,TRDPRC_1,TRDVOL_1",3599.89,3539.29,3586.3591,3587.2708,3586.81495
2025-09-08,XAU=,"OPEN_PRC,HIGH_1,LOW_1,BID,ASK,TRDPRC_1,TRDVOL_1",3646.29,3579.41,3635.3601,3636.3298,3635.8449499999997
2025-09-09,XAU=,"OPEN_PRC,HIGH_1,LOW_1,BID,ASK,TRDPRC_1,TRDVOL_1",3673.95,3624.53,3626.136,3626.824,3626.48
2025-09-10,XAU=,"OPEN_PRC,HIGH_1,LOW_1,BID,ASK,TRDPRC_1,TRDVOL_1",3657.34,3618.78,3640.386,3641.0989,3640.7424499999997
2025-09-11,XAU=,"OPEN_PRC,HIGH_1,LOW_1,BID,ASK,TRDPRC_1,TRDVOL_1",3648.93,3613.47,3633.7388,3634.4463,3634.0925500000003
2025-09-12,XAU=,"OPEN_PRC,HIGH_1,LOW_1,BID,ASK,TRDPRC_1,TRDVOL_1",3656.64,3629.95,3642.6284,3643.6216,3643.125
2025-09-15,XAU=,"OPEN_PRC,HIGH_1,LOW_1,BID,ASK,TRDPRC_1,TRDVOL_1",3685.39,3626.29,3678.7805,3679.4844,3679.13245
2025-09-16,XAU=,"OPEN_PRC,HIGH_1,LOW_1,BID,ASK,TRDPRC_1,TRDVOL_1",3702.95,3674.29,3689.4661,3690.1389,3689.8025
2025-09-17,XAU=,"OPEN_PRC,HIGH_1,LOW_1,BID,ASK,TRDPRC_1,TRDVOL_1",3707.4,3644.39,3659.6714,3660.4138,3660.0425999999998
2025-09-18,XAU=,"OPEN_PRC,HIGH_1,LOW_1,BID,ASK,TRDPRC_1,TRDVOL_1",3672.76,3627.54,3644.0095,3644.7153,3644.3624
2025-09-19,XAU=,"OPEN_PRC,HIGH_1,LOW_1,BID,ASK,TRDPRC_1,TRDVOL_1",3685.16,3632.02,3683.7251,3686.2251,3684.9751
2025-09-22,XAU=,"OPEN_PRC,HIGH_1,LOW_1,BID,ASK,TRDPRC_1,TRDVOL_1",3748.7,3682.79,3746.2075,3746.7424,3746.47495
2025-09-23,XAU=,"OPEN_PRC,HIGH_1,LOW_1,BID,ASK,TRDPRC_1,TRDVOL_1",3790.82,3736.42,3763.821,3764.564,3764.1925
2025-09-24,XAU=,"OPEN_PRC,HIGH_1,LOW_1,BID,ASK,TRDPRC_1,TRDVOL_1",3779.17,3717.1,3735.9199,3736.665,3736.29245
2025-09-25,XAU=,"OPEN_PRC,HIGH_1,LOW_1,BID,ASK,TRDPRC_1,TRDVOL_1",3761.38,3721.65,3748.8196,3749.9204,3749.37
2025-09-26,XAU=,"OPEN_PRC,HIGH_1,LOW_1,BID,ASK,TRDPRC_1,TRDVOL_1",3783.55,3734.25,3759.6377,3760.8325,3760.2351
2025-09-29,XAU=,"OPEN_PRC,HIGH_1,LOW_1,BID,ASK,TRDPRC_1,TRDVOL_1",3833.89,3756.79,3833.553,3834.312,3833.9325
2025-09-30,XAU=,"OPEN_PRC,HIGH_1,LOW_1,BID,ASK,TRDPRC_1,TRDVOL_1",3871.45,3792.79,3858.1787,3858.8464,3858.51255
2025-10-01,XAU=,"OPEN_PRC,HIGH_1,LOW_1,BID,ASK,TRDPRC_1,TRDVOL_1",3895.09,3853.04,3865.4495,3866.1555,3865.8025
2025-10-02,XAU=,"OPEN_PRC,HIGH_1,LOW_1,BID,ASK,TRDPRC_1,TRDVOL_1",3896.49,3819.09,3856.0125,3857.0476,3856.53005
2025-10-03,XAU=,"OPEN_PRC,HIGH_1,LOW_1,BID,ASK,TRDPRC_1,TRDVOL_1",3891.49,3837.63,3885.9905,3887.6794,3886.83495
2025-10-06,XAU=,"OPEN_PRC,HIGH_1,LOW_1,BID,ASK,TRDPRC_1,TRDVOL_1",3969.91,3882.86,3960.4097,3961.7703,3961.09
2025-10-07,XAU=,"OPEN_PRC,HIGH_1,LOW_1,BID,ASK,TRDPRC_1,TRDVOL_1",3990.85,3940.19,3983.5459,3984.0947,3983.8203000000003
2025-10-08,XAU=,"OPEN_PRC,HIGH_1,LOW_1,BID,ASK,TRDPRC_1,TRDVOL_1",4059.05,3982.14,4037.9,4039.9,4038.9
2025-10-09,XAU=,"OPEN_PRC,HIGH_1,LOW_1,BID,ASK,TRDPRC_1,TRDVOL_1",4057.79,3944.29,3975.0449,3977.5449,3976.2949
2025-10-10,XAU=,"OPEN_PRC,HIGH_1,LOW_1,BID,ASK,TRDPRC_1,TRDVOL_1",4022.52,3946.29,4017.343,4019.2495,4018.29625
2025-10-13,XAU=,"OPEN_PRC,HIGH_1,LOW_1,BID,ASK,TRDPRC_1,TRDVOL_1",4116.77,4007.39,4110.1182,4111.2866,4110.7024
2025-10-14,XAU=,"OPEN_PRC,HIGH_1,LOW_1,BID,ASK,TRDPRC_1,TRDVOL_1",4179.48,4089.93,4141.4697,4143.1602,4142.31495
2025-10-15,XAU=,"OPEN_PRC,HIGH_1,LOW_1,BID,ASK,TRDPRC_1,TRDVOL_1",4217.95,4139.19,4207.5146,4209.6553,4208.58495
2025-10-16,XAU=,"OPEN_PRC,HIGH_1,LOW_1,BID,ASK,TRDPRC_1,TRDVOL_1",4330.42,4198.59,4325.3467,4327.0186,4326.182650000001
2025-10-17,XAU=,"OPEN_PRC,HIGH_1,LOW_1,BID,ASK,TRDPRC_1,TRDVOL_1",4378.69,4186.28,4248.7251,4251.2251,4249.9751
2025-10-20,XAU=,"OPEN_PRC,HIGH_1,LOW_1,BID,ASK,TRDPRC_1,TRDVOL_1",4381.21,4217.89,4355.2549,4357.7549,4356.5049
2025-10-21,XAU=,"OPEN_PRC,HIGH_1,LOW_1,BID,ASK,TRDPRC_1,TRDVOL_1",4374.79,4085.39,4123.8525,4126.3525,4125.1025
2025-10-22,XAU=,"OPEN_PRC,HIGH_1,LOW_1,BID,ASK,TRDPRC_1,TRDVOL_1",4161.17,4003.39,4093.77,4094.3701,4094.0700500000003
2025-10-23,XAU=,"OPEN_PRC,HIGH_1,LOW_1,BID,ASK,TRDPRC_1,TRDVOL_1",4154.42,4064.51,4125.0024,4127.3423,4126.172350000001
2025-10-24,XAU=,"OPEN_PRC,HIGH_1,LOW_1,BID,ASK,TRDPRC_1,TRDVOL_1",4144.22,4043.69,4111.5181,4112.687,4112.10255
2025-10-27,XAU=,"OPEN_PRC,HIGH_1,LOW_1,BID,ASK,TRDPRC_1,TRDVOL_1",4108.24,3970.81,3980.5481,3982.637,3981.5925500000003
2025-10-28,XAU=,"OPEN_PRC,HIGH_1,LOW_1,BID,ASK,TRDPRC_1,TRDVOL_1",4019.56,3886.02,3951.5649,3953.605,3952.58495
2025-10-29,XAU=,"OPEN_PRC,HIGH_1,LOW_1,BID,ASK,TRDPRC_1,TRDVOL_1",4030.07,3915.9,3929.3633,3931.3967,3930.38
2025-10-30,XAU=,"OPEN_PRC,HIGH_1,LOW_1,BID,ASK,TRDPRC_1,TRDVOL_1",4026.92,3914.5869,4023.22,4025.72,4024.47
2025-10-31,XAU=,"OPEN_PRC,HIGH_1,LOW_1,BID,ASK,TRDPRC_1,TRDVOL_1",4045.09,3971.8242,4001.7798,4002.7803,4002.28005
2025-11-03,XAU=,"OPEN_PRC,HIGH_1,LOW_1,BID,ASK,TRDPRC_1,TRDVOL_1",4030.15,3962.16,4001.42,4001.92,4001.67
2025-11-04,XAU=,"OPEN_PRC,HIGH_1,LOW_1,BID,ASK,TRDPRC_1,TRDVOL_1",4004.9932,3928.19,3931.78,3932.31,3932.045
2025-11-05,XAU=,"OPEN_PRC,HIGH_1,LOW_1,BID,ASK,TRDPRC_1,TRDVOL_1",3990.1,3929.01,3982.4,3982.83,3982.615
2025-11-06,XAU=,"OPEN_PRC,HIGH_1,LOW_1,BID,ASK,TRDPRC_1,TRDVOL_1",4019.37,3963.89,3977.63,3978.1,3977.865
2025-11-07,XAU=,"OPEN_PRC,HIGH_1,LOW_1,BID,ASK,TRDPRC_1,TRDVOL_1",4027.25,3973.19,3998.72,4000.72,3999.72
2025-11-10,XAU=,"OPEN_PRC,HIGH_1,LOW_1,BID,ASK,TRDPRC_1,TRDVOL_1",4115.81,3996.59,4115.66,4116.13,4115.895
2025-11-11,XAU=,"OPEN_PRC,HIGH_1,LOW_1,BID,ASK,TRDPRC_1,TRDVOL_1",4148.75,4096.59,4126.44,4126.93,4126.6849999999995
2025-11-12,XAU=,"OPEN_PRC,HIGH_1,LOW_1,BID,ASK,TRDPRC_1,TRDVOL_1",4211.51,4098.29,4198.44,4199.03,4198.735
2025-11-13,XAU=,"OPEN_PRC,HIGH_1,LOW_1,BID,ASK,TRDPRC_1,TRDVOL_1",4244.94,4144.89,4171.1,4171.82,4171.46
2025-11-14,XAU=,"OPEN_PRC,HIGH_1,LOW_1,BID,ASK,TRDPRC_1,TRDVOL_1",4211.06,4031.8848,4079.25,4079.91,4079.58
2025-11-17,XAU=,"OPEN_PRC,HIGH_1,LOW_1,BID,ASK,TRDPRC_1,TRDVOL_1",4105.85,4006.3042,4044.25,4044.96,4044.605
2025-11-18,XAU=,"OPEN_PRC,HIGH_1,LOW_1,BID,ASK,TRDPRC_1,TRDVOL_1",4082.27,3997.5627,4067.6,4068.15,4067.875
2025-11-19,XAU=,"OPEN_PRC,HIGH_1,LOW_1,BID,ASK,TRDPRC_1,TRDVOL_1",4132.68,4054.49,4080.66,4082.66,4081.66
2025-11-20,XAU=,"OPEN_PRC,HIGH_1,LOW_1,BID,ASK,TRDPRC_1,TRDVOL_1",4109.54,4038.29,4076.99,4078.0,4077.495
2025-11-21,XAU=,"OPEN_PRC,HIGH_1,LOW_1,BID,ASK,TRDPRC_1,TRDVOL_1",4101.04,4022.09,4065.39,4066.4,4065.895
2025-11-24,XAU=,"OPEN_PRC,HIGH_1,LOW_1,BID,ASK,TRDPRC_1,TRDVOL_1",4139.8,4039.44,4139.19,4140.2,4139.695
2025-11-25,XAU=,"OPEN_PRC,HIGH_1,LOW_1,BID,ASK,TRDPRC_1,TRDVOL_1",4159.09,4109.09,4129.95,4132.35,4131.15
2025-11-26,XAU=,"OPEN_PRC,HIGH_1,LOW_1,BID,ASK,TRDPRC_1,TRDVOL_1",4173.2,4128.18,4163.99,4165.2,4164.594999999999
2025-11-27,XAU=,"OPEN_PRC,HIGH_1,LOW_1,BID,ASK,TRDPRC_1,TRDVOL_1",4168.2,4142.09,4157.27,4157.8701,4157.57005
2025-11-28,XAU=,"OPEN_PRC,HIGH_1,LOW_1,BID,ASK,TRDPRC_1,TRDVOL_1",4230.89,4156.46,4230.37,4230.88,4230.625
2025-12-01,XAU=,"OPEN_PRC,HIGH_1,LOW_1,BID,ASK,TRDPRC_1,TRDVOL_1",4264.29,4204.89,4232.45,4233.0,4232.725
2025-12-02,XAU=,"OPEN_PRC,HIGH_1,LOW_1,BID,ASK,TRDPRC_1,TRDVOL_1",4235.39,4161.99,4207.14,4209.14,4208.14
2025-12-03,XAU=,"OPEN_PRC,HIGH_1,LOW_1,BID,ASK,TRDPRC_1,TRDVOL_1",4241.29,4193.9307,4205.98,4206.45,4206.215
2025-12-04,XAU=,"OPEN_PRC,HIGH_1,LOW_1,BID,ASK,TRDPRC_1,TRDVOL_1",4218.99,4173.79,4207.69,4209.69,4208.69
2025-12-05,XAU=,"OPEN_PRC,HIGH_1,LOW_1,BID,ASK,TRDPRC_1,TRDVOL_1",4259.1,4191.4395,4196.53,4197.73,4197.129999999999
2025-12-08,XAU=,"OPEN_PRC,HIGH_1,LOW_1,BID,ASK,TRDPRC_1,TRDVOL_1",4218.71,4175.89,4188.59,4189.5,4189.045
2025-12-09,XAU=,"OPEN_PRC,HIGH_1,LOW_1,BID,ASK,TRDPRC_1,TRDVOL_1",4221.09,4169.5288,4209.32,4209.76,4209.54
2025-12-10,XAU=,"OPEN_PRC,HIGH_1,LOW_1,BID,ASK,TRDPRC_1,TRDVOL_1",4238.49,4181.09,4227.99,4229.1,4228.545
2025-12-11,XAU=,"OPEN_PRC,HIGH_1,LOW_1,BID,ASK,TRDPRC_1,TRDVOL_1",4285.79,4203.49,4283.0,4283.56,4283.280000000001
2025-12-12,XAU=,"OPEN_PRC,HIGH_1,LOW_1,BID,ASK,TRDPRC_1,TRDVOL_1",4353.04,4256.89,4302.13,4302.73,4302.43
2025-12-15,XAU=,"OPEN_PRC,HIGH_1,LOW_1,BID,ASK,TRDPRC_1,TRDVOL_1",4350.1,4284.83,4302.19,4303.2,4302.695
2025-12-16,XAU=,"OPEN_PRC,HIGH_1,LOW_1,BID,ASK,TRDPRC_1,TRDVOL_1",4334.89,4270.79,4303.53,4304.07,4303.799999999999
2025-12-17,XAU=,"OPEN_PRC,HIGH_1,LOW_1,BID,ASK,TRDPRC_1,TRDVOL_1",4348.66,4300.39,4340.81,4341.35,4341.08
2025-12-18,XAU=,"OPEN_PRC,HIGH_1,LOW_1,BID,ASK,TRDPRC_1,TRDVOL_1",4374.38,4308.18,4331.89,4332.9,4332.395
2025-12-19,XAU=,"OPEN_PRC,HIGH_1,LOW_1,BID,ASK,TRDPRC_1,TRDVOL_1",4356.3,4308.29,4337.99,4339.1,4338.545
2025-12-22,XAU=,"OPEN_PRC,HIGH_1,LOW_1,BID,ASK,TRDPRC_1,TRDVOL_1",4448.89,4336.91,4445.39,4446.5,4445.945
2025-12-23,XAU=,"OPEN_PRC,HIGH_1,LOW_1,BID,ASK,TRDPRC_1,TRDVOL_1",4499.57,4428.59,4487.81,4489.82,4488.8150000000005
2025-12-24,XAU=,"OPEN_PRC,HIGH_1,LOW_1,BID,ASK,TRDPRC_1,TRDVOL_1",4525.186,4447.67,4479.38,4479.89,4479.635
2025-12-26,XAU=,"OPEN_PRC,HIGH_1,LOW_1,BID,ASK,TRDPRC_1,TRDVOL_1",4549.71,4474.7813,4532.28,4532.97,4532.625
2025-12-29,XAU=,"OPEN_PRC,HIGH_1,LOW_1,BID,ASK,TRDPRC_1,TRDVOL_1",4548.92,4302.59,4331.68,4332.48,4332.08
2025-12-30,XAU=,"OPEN_PRC,HIGH_1,LOW_1,BID,ASK,TRDPRC_1,TRDVOL_1",4404.01,4322.53,4346.2,4346.82,4346.51
2025-12-31,XAU=,"OPEN_PRC,HIGH_1,LOW_1,BID,ASK,TRDPRC_1,TRDVOL_1",4372.97,4273.9336,4314.12,4316.07,4315.094999999999
2026-01-02,XAU=,"OPEN_PRC,HIGH_1,LOW_1,BID,ASK,TRDPRC_1,TRDVOL_1",4402.06,4309.59,4329.89,4331.1,4330.495000000001
2026-01-05,XAU=,"OPEN_PRC,HIGH_1,LOW_1,BID,ASK,TRDPRC_1,TRDVOL_1",4455.39,4343.88,4448.19,4448.75,4448.469999999999
2026-01-06,XAU=,"OPEN_PRC,HIGH_1,LOW_1,BID,ASK,TRDPRC_1,TRDVOL_1",4497.18,4426.09,4496.79,4497.9,4497.344999999999
2026-01-07,XAU=,"OPEN_PRC,HIGH_1,LOW_1,BID,ASK,TRDPRC_1,TRDVOL_1",4499.89,4422.89,4452.77,4453.31,4453.040000000001
2026-01-08,XAU=,"OPEN_PRC,HIGH_1,LOW_1,BID,ASK,TRDPRC_1,TRDVOL_1",4479.27,4406.89,4475.73,4477.73,4476.73
2026-01-09,XAU=,"OPEN_PRC,HIGH_1,LOW_1,BID,ASK,TRDPRC_1,TRDVOL_1",4516.99,4452.0698,4509.79,4511.1,4510.445
2026-01-12,XAU=,"OPEN_PRC,HIGH_1,LOW_1,BID,ASK,TRDPRC_1,TRDVOL_1",4629.94,4512.37,4593.49,4594.5,4593.995
2026-01-13,XAU=,"OPEN_PRC,HIGH_1,LOW_1,BID,ASK,TRDPRC_1,TRDVOL_1",4634.33,4568.49,4587.39,4588.6,4587.995000000001
2026-01-14,XAU=,"OPEN_PRC,HIGH_1,LOW_1,BID,ASK,TRDPRC_1,TRDVOL_1",4642.72,4584.4707,4620.48,4621.19,4620.834999999999
2026-01-15,XAU=,"OPEN_PRC,HIGH_1,LOW_1,BID,ASK,TRDPRC_1,TRDVOL_1",4631.44,4580.49,4614.62,4615.19,4614.905
2026-01-16,XAU=,"OPEN_PRC,HIGH_1,LOW_1,BID,ASK,TRDPRC_1,TRDVOL_1",4620.34,4536.49,4594.79,4595.41,4595.1
2026-01-19,XAU=,"OPEN_PRC,HIGH_1,LOW_1,BID,ASK,TRDPRC_1,TRDVOL_1",4689.39,4628.6,4669.6955,4672.3405,4671.018
2026-01-20,XAU=,"OPEN_PRC,HIGH_1,LOW_1,BID,ASK,TRDPRC_1,TRDVOL_1",4766.06,4658.89,4763.21,4763.77,4763.49
2026-01-21,XAU=,"OPEN_PRC,HIGH_1,LOW_1,BID,ASK,TRDPRC_1,TRDVOL_1",4887.82,4754.69,4836.17,4837.17,4836.67
2026-01-22,XAU=,"OPEN_PRC,HIGH_1,LOW_1,BID,ASK,TRDPRC_1,TRDVOL_1",4940.4,4771.78,4936.29,4937.2,4936.745
2026-01-23,XAU=,"OPEN_PRC,HIGH_1,LOW_1,BID,ASK,TRDPRC_1,TRDVOL_1",4989.61,4899.15,4982.57,4983.24,4982.905
2026-01-26,XAU=,"OPEN_PRC,HIGH_1,LOW_1,BID,ASK,TRDPRC_1,TRDVOL_1",5110.5044,4989.15,5014.29,5016.4,5015.344999999999
2026-01-27,XAU=,"OPEN_PRC,HIGH_1,LOW_1,BID,ASK,TRDPRC_1,TRDVOL_1",5189.89,5005.19,5188.95,5190.29,5189.62
2026-01-28,XAU=,"OPEN_PRC,HIGH_1,LOW_1,BID,ASK,TRDPRC_1,TRDVOL_1",5400.91,5156.39,5399.29,5401.2,5400.245
2026-01-29,XAU=,"OPEN_PRC,HIGH_1,LOW_1,BID,ASK,TRDPRC_1,TRDVOL_1",5594.82,5109.62,5394.88,5396.88,5395.88
2026-01-30,XAU=,"OPEN_PRC,HIGH_1,LOW_1,BID,ASK,TRDPRC_1,TRDVOL_1",5450.32,4680.53,4864.35,4866.35,4865.35
2026-02-02,XAU=,"OPEN_PRC,HIGH_1,LOW_1,BID,ASK,TRDPRC_1,TRDVOL_1",4883.88,4403.24,4665.27,4667.27,4666.27
2026-02-03,XAU=,"OPEN_PRC,HIGH_1,LOW_1,BID,ASK,TRDPRC_1,TRDVOL_1",4993.6,4646.39,4938.51,4940.14,4939.325000000001
2026-02-04,XAU=,"OPEN_PRC,HIGH_1,LOW_1,BID,ASK,TRDPRC_1,TRDVOL_1",5092.05,4853.59,4962.39,4964.8,4963.595
2026-02-05,XAU=,"OPEN_PRC,HIGH_1,LOW_1,BID,ASK,TRDPRC_1,TRDVOL_1",5023.39,4759.2163,4769.89,4772.0,4770.945
2026-02-06,XAU=,"OPEN_PRC,HIGH_1,LOW_1,BID,ASK,TRDPRC_1,TRDVOL_1",4971.42,4654.29,4960.39,4961.9,4961.145
2026-02-09,XAU=,"OPEN_PRC,HIGH_1,LOW_1,BID,ASK,TRDPRC_1,TRDVOL_1",5085.81,4957.9702,5064.49,5066.6,5065.545
2026-02-10,XAU=,"OPEN_PRC,HIGH_1,LOW_1,BID,ASK,TRDPRC_1,TRDVOL_1",5077.99,4985.99,5022.98,5023.95,5023.465
2026-02-11,XAU=,"OPEN_PRC,HIGH_1,LOW_1,BID,ASK,TRDPRC_1,TRDVOL_1",5118.47,5018.47,5078.5,5079.41,5078.955
2026-02-12,XAU=,"OPEN_PRC,HIGH_1,LOW_1,BID,ASK,TRDPRC_1,TRDVOL_1",5098.99,4877.59,4919.69,4920.95,4920.32
2026-02-13,XAU=,"OPEN_PRC,HIGH_1,LOW_1,BID,ASK,TRDPRC_1,TRDVOL_1",5045.96,4887.51,5042.11,5044.11,5043.11
2026-02-16,XAU=,"OPEN_PRC,HIGH_1,LOW_1,BID,ASK,TRDPRC_1,TRDVOL_1",5036.65,4965.69,4992.0884,4992.6436,4992.366
2026-02-17,XAU=,"OPEN_PRC,HIGH_1,LOW_1,BID,ASK,TRDPRC_1,TRDVOL_1",5000.41,4841.74,4877.26,4878.13,4877.695
2026-02-18,XAU=,"OPEN_PRC,HIGH_1,LOW_1,BID,ASK,TRDPRC_1,TRDVOL_1",5010.63,4853.1162,4979.07,4979.82,4979.445
2026-02-19,XAU=,"OPEN_PRC,HIGH_1,LOW_1,BID,ASK,TRDPRC_1,TRDVOL_1",5021.74,4959.5361,4998.96,4999.75,4999.355
2026-02-20,XAU=,"OPEN_PRC,HIGH_1,LOW_1,BID,ASK,TRDPRC_1,TRDVOL_1",5104.2607,4980.39,5103.49,5105.2,5104.344999999999
2026-02-23,XAU=,"OPEN_PRC,HIGH_1,LOW_1,BID,ASK,TRDPRC_1,TRDVOL_1",5237.54,5100.76,5231.2,5231.89,5231.545
2026-02-24,XAU=,"OPEN_PRC,HIGH_1,LOW_1,BID,ASK,TRDPRC_1,TRDVOL_1",5248.89,5093.19,5147.8,5148.57,5148.1849999999995
2026-02-25,XAU=,"OPEN_PRC,HIGH_1,LOW_1,BID,ASK,TRDPRC_1,TRDVOL_1",5217.48,5126.18,5170.63,5171.69,5171.16
2026-02-26,XAU=,"OPEN_PRC,HIGH_1,LOW_1,BID,ASK,TRDPRC_1,TRDVOL_1",5205.23,5129.8672,5186.86,5187.66,5187.26
2026-02-27,XAU=,"OPEN_PRC,HIGH_1,LOW_1,BID,ASK,TRDPRC_1,TRDVOL_1",5278.78,5165.79,5277.29,5278.5,5277.895
2026-03-02,XAU=,"OPEN_PRC,HIGH_1,LOW_1,BID,ASK,TRDPRC_1,TRDVOL_1",5418.5,5260.34,5326.82,5328.02,5327.42
2026-03-03,XAU=,"OPEN_PRC,HIGH_1,LOW_1,BID,ASK,TRDPRC_1,TRDVOL_1",5379.65,4995.19,5086.47,5088.47,5087.47
2026-03-04,XAU=,"OPEN_PRC,HIGH_1,LOW_1,BID,ASK,TRDPRC_1,TRDVOL_1",5205.56,5082.22,5135.32,5136.52,5135.92
2026-03-05,XAU=,"OPEN_PRC,HIGH_1,LOW_1,BID,ASK,TRDPRC_1,TRDVOL_1",5194.59,5050.41,5076.59,5078.19,5077.389999999999
2026-03-06,XAU=,"OPEN_PRC,HIGH_1,LOW_1,BID,ASK,TRDPRC_1,TRDVOL_1",5174.45,5062.09,5169.92,5172.32,5171.12
2026-03-09,XAU=,"OPEN_PRC,HIGH_1,LOW_1,BID,ASK,TRDPRC_1,TRDVOL_1",5196.37,5014.02,5136.9121,5142.2075,5139.5598
2026-03-10,XAU=,"OPEN_PRC,HIGH_1,LOW_1,BID,ASK,TRDPRC_1,TRDVOL_1",5238.06,5116.69,5191.3076,5194.5625,5192.93505
2026-03-11,XAU=,"OPEN_PRC,HIGH_1,LOW_1,BID,ASK,TRDPRC_1,TRDVOL_1",5222.9,5149.39,5175.4507,5178.6992,5177.07495
2026-03-12,XAU=,"OPEN_PRC,HIGH_1,LOW_1,BID,ASK,TRDPRC_1,TRDVOL_1",5191.58,5053.99,5078.8926,5081.2573,5080.07495
2026-03-13,XAU=,"OPEN_PRC,HIGH_1,LOW_1,BID,ASK,TRDPRC_1,TRDVOL_1",5128.32,5008.9971,5018.4277,5020.0669,5019.2473
2026-03-16,XAU=,"OPEN_PRC,HIGH_1,LOW_1,BID,ASK,TRDPRC_1,TRDVOL_1",5037.36,4966.39,5005.248,5007.6216,5006.4348
2026-03-17,XAU=,"OPEN_PRC,HIGH_1,LOW_1,BID,ASK,TRDPRC_1,TRDVOL_1",5044.25,4973.09,5004.3809,5007.6289,5006.0049
2026-03-18,XAU=,"OPEN_PRC,HIGH_1,LOW_1,BID,ASK,TRDPRC_1,TRDVOL_1",5015.97,4806.0977,4817.6299,4820.0,4818.81495
2026-03-19,XAU=,"OPEN_PRC,HIGH_1,LOW_1,BID,ASK,TRDPRC_1,TRDVOL_1",4867.01,4501.5889,4648.2251,4655.2251,4651.7251
2026-03-20,XAU=,"OPEN_PRC,HIGH_1,LOW_1,BID,ASK,TRDPRC_1,TRDVOL_1",4735.59,4477.18,4487.65,4494.65,4491.15
2026-03-23,XAU=,"OPEN_PRC,HIGH_1,LOW_1,BID,ASK,TRDPRC_1,TRDVOL_1",4534.92,4097.99,4405.7681,4409.4619,4407.615
2026-03-24,XAU=,"OPEN_PRC,HIGH_1,LOW_1,BID,ASK,TRDPRC_1,TRDVOL_1",4483.32,4304.99,4473.585,4475.2852,4474.435100000001
2026-03-25,XAU=,"OPEN_PRC,HIGH_1,LOW_1,BID,ASK,TRDPRC_1,TRDVOL_1",4601.84,4454.93,4505.061,4508.0488,4506.554899999999
2026-03-26,XAU=,"OPEN_PRC,HIGH_1,LOW_1,BID,ASK,TRDPRC_1,TRDVOL_1",4543.91,4349.99,4379.0068,4381.0435,4380.0251499999995
2026-03-27,XAU=,"OPEN_PRC,HIGH_1,LOW_1,BID,ASK,TRDPRC_1,TRDVOL_1",4554.39,4374.5801,4492.4766,4493.5088,4492.9927
2026-03-30,XAU=,"OPEN_PRC,HIGH_1,LOW_1,BID,ASK,TRDPRC_1,TRDVOL_1",4580.13,4418.4365,4510.2373,4512.2725,4511.2549
2026-03-31,XAU=,"OPEN_PRC,HIGH_1,LOW_1,BID,ASK,TRDPRC_1,TRDVOL_1",4686.67,4481.79,4669.5566,4674.4639,4672.010249999999
2026-04-01,XAU=,"OPEN_PRC,HIGH_1,LOW_1,BID,ASK,TRDPRC_1,TRDVOL_1",4792.88,4660.79,4757.2959,4760.2339,4758.7649
2026-04-02,XAU=,"OPEN_PRC,HIGH_1,LOW_1,BID,ASK,TRDPRC_1,TRDVOL_1",4799.99,4553.19,4675.6709,4677.1592,4676.41505
2026-04-06,XAU=,"OPEN_PRC,HIGH_1,LOW_1,BID,ASK,TRDPRC_1,TRDVOL_1",4705.9,4600.06,4647.3877,4654.3877,4650.8877
2026-04-07,XAU=,"OPEN_PRC,HIGH_1,LOW_1,BID,ASK,TRDPRC_1,TRDVOL_1",4717.19,4606.74,4702.5049,4709.5049,4706.0049
2026-04-08,XAU=,"OPEN_PRC,HIGH_1,LOW_1,BID,ASK,TRDPRC_1,TRDVOL_1",4853.89,4698.79,4716.1206,4722.6094,4719.365
2026-04-09,XAU=,"OPEN_PRC,HIGH_1,LOW_1,BID,ASK,TRDPRC_1,TRDVOL_1",4801.02,4697.7251,4763.6235,4768.3862,4766.004849999999
2026-04-10,XAU=,"OPEN_PRC,HIGH_1,LOW_1,BID,ASK,TRDPRC_1,TRDVOL_1",4794.9,4730.39,4747.4883,4748.874,4748.18115
2026-04-13,XAU=,"OPEN_PRC,HIGH_1,LOW_1,BID,ASK,TRDPRC_1,TRDVOL_1",4749.88,4643.0024,4739.1782,4744.207,4741.6926
2026-04-14,XAU=,"OPEN_PRC,HIGH_1,LOW_1,BID,ASK,TRDPRC_1,TRDVOL_1",4846.3,4740.0718,4840.34,4841.94,4841.139999999999
2026-04-15,XAU=,"OPEN_PRC,HIGH_1,LOW_1,BID,ASK,TRDPRC_1,TRDVOL_1",4870.79,4785.46,4789.94,4792.34,4791.139999999999
2026-04-16,XAU=,"OPEN_PRC,HIGH_1,LOW_1,BID,ASK,TRDPRC_1,TRDVOL_1",4838.16,4771.69,4787.78,4789.38,4788.58
2026-04-17,XAU=,"OPEN_PRC,HIGH_1,LOW_1,BID,ASK,TRDPRC_1,TRDVOL_1",4888.89,4766.9004,4828.3003,4832.5664,4830.433349999999
2026-04-20,XAU=,"OPEN_PRC,HIGH_1,LOW_1,BID,ASK,TRDPRC_1,TRDVOL_1",4827.41,4735.3867,4819.6421,4822.0181,4820.8301
2026-04-21,XAU=,"OPEN_PRC,HIGH_1,LOW_1,BID,ASK,TRDPRC_1,TRDVOL_1",4832.29,4666.79,4711.667,4714.0332,4712.8501
2026-04-22,XAU=,"OPEN_PRC,HIGH_1,LOW_1,BID,ASK,TRDPRC_1,TRDVOL_1",4772.08,4700.29,4737.78,4739.78,4738.78
2026-04-23,XAU=,"OPEN_PRC,HIGH_1,LOW_1,BID,ASK,TRDPRC_1,TRDVOL_1",4752.1,4663.69,4692.6919,4695.0581,4693.875
2026-04-24,XAU=,"OPEN_PRC,HIGH_1,LOW_1,BID,ASK,TRDPRC_1,TRDVOL_1",4740.05,4657.0674,4708.686,4709.8193,4709.25265
2026-04-27,XAU=,"OPEN_PRC,HIGH_1,LOW_1,BID,ASK,TRDPRC_1,TRDVOL_1",4729.75,4666.3276,4681.8501,4682.3599,4682.105
2026-04-28,XAU=,"OPEN_PRC,HIGH_1,LOW_1,BID,ASK,TRDPRC_1,TRDVOL_1",4701.05,4554.0,4594.51,4596.51,4595.51
2026-04-29,XAU=,"OPEN_PRC,HIGH_1,LOW_1,BID,ASK,TRDPRC_1,TRDVOL_1",4609.83,4509.4302,4541.75,4546.48,4544.115
2026-04-30,XAU=,"OPEN_PRC,HIGH_1,LOW_1,BID,ASK,TRDPRC_1,TRDVOL_1",4646.33,4538.1821,4621.59,4623.59,4622.59
2026-05-01,XAU=,"OPEN_PRC,HIGH_1,LOW_1,BID,ASK,TRDPRC_1,TRDVOL_1",4660.07,4559.48,4613.6201,4616.2817,4614.9509
2026-05-04,XAU=,"OPEN_PRC,HIGH_1,LOW_1,BID,ASK,TRDPRC_1,TRDVOL_1",4628.79,4500.09,4520.3999,4527.3999,4523.8999
2026-05-05,XAU=,"OPEN_PRC,HIGH_1,LOW_1,BID,ASK,TRDPRC_1,TRDVOL_1",4586.38,4512.5757,4556.04,4558.4102,4557.2251
2026-05-06,XAU=,"OPEN_PRC,HIGH_1,LOW_1,BID,ASK,TRDPRC_1,TRDVOL_1",4722.19,4545.3408,4689.05,4691.45,4690.25
2026-05-07,XAU=,"OPEN_PRC,HIGH_1,LOW_1,BID,ASK,TRDPRC_1,TRDVOL_1",4764.53,4683.0752,4685.1777,4688.4326,4686.80515
2026-05-08,XAU=,"OPEN_PRC,HIGH_1,LOW_1,BID,ASK,TRDPRC_1,TRDVOL_1",4749.19,4677.2,4714.4146,4715.3555,4714.88505
2026-05-11,XAU=,"OPEN_PRC,HIGH_1,LOW_1,BID,ASK,TRDPRC_1,TRDVOL_1",4748.26,4646.9067,4734.0894,4736.4556,4735.2725
2026-05-12,XAU=,"OPEN_PRC,HIGH_1,LOW_1,BID,ASK,TRDPRC_1,TRDVOL_1",4773.14,4637.6523,4713.6509,4716.8989,4715.2749
2026-05-13,XAU=,"OPEN_PRC,HIGH_1,LOW_1,BID,ASK,TRDPRC_1,TRDVOL_1",4726.43,4668.9893,4687.4365,4689.8135,4688.625
2026-05-14,XAU=,"OPEN_PRC,HIGH_1,LOW_1,BID,ASK,TRDPRC_1,TRDVOL_1",4718.47,4643.1934,4649.4751,4654.4551,4651.965099999999
2026-05-15,XAU=,"OPEN_PRC,HIGH_1,LOW_1,BID,ASK,TRDPRC_1,TRDVOL_1",4665.15,4510.99,4538.0151,4542.1196,4540.067349999999
2026-05-18,XAU=,"OPEN_PRC,HIGH_1,LOW_1,BID,ASK,TRDPRC_1,TRDVOL_1",4583.94,4479.5449,4565.9819,4569.248,4567.614949999999
2026-05-19,XAU=,"OPEN_PRC,HIGH_1,LOW_1,BID,ASK,TRDPRC_1,TRDVOL_1",4588.99,4464.99,4481.2764,4483.6533,4482.46485
2026-05-20,XAU=,"OPEN_PRC,HIGH_1,LOW_1,BID,ASK,TRDPRC_1,TRDVOL_1",4552.24,4452.3862,4543.5298,4546.7852,4545.1575
2026-05-21,XAU=,"OPEN_PRC,HIGH_1,LOW_1,BID,ASK,TRDPRC_1,TRDVOL_1",4570.51,4488.99,4544.0,4546.3652,4545.1826
2026-05-22,XAU=,"OPEN_PRC,HIGH_1,LOW_1,BID,ASK,TRDPRC_1,TRDVOL_1",4545.7329,4491.37,4508.7275,4510.0371,4509.382299999999
2026-05-25,XAU=,"OPEN_PRC,HIGH_1,LOW_1,BID,ASK,TRDPRC_1,TRDVOL_1",4579.79,4530.78,4570.56,4571.75,4571.155000000001
2026-05-26,XAU=,"OPEN_PRC,HIGH_1,LOW_1,BID,ASK,TRDPRC_1,TRDVOL_1",4579.94,4481.93,4506.0073,4509.0078,4507.50755
2026-05-27,XAU=,"OPEN_PRC,HIGH_1,LOW_1,BID,ASK,TRDPRC_1,TRDVOL_1",4537.59,4400.8901,4457.0273,4459.3975,4458.2124
