Date,RIC,fields_requested,Bid,Ask,Mid
2020-01-01,MXN=,"OPEN_PRC,HIGH_1,LOW_1,BID,ASK,TRDPRC_1,TRDVOL_1",18.925,18.94,18.9325
2020-01-02,MXN=,"OPEN_PRC,HIGH_1,LOW_1,BID,ASK,TRDPRC_1,TRDVOL_1",18.832,18.847,18.8395
2020-01-03,MXN=,"OPEN_PRC,HIGH_1,LOW_1,BID,ASK,TRDPRC_1,TRDVOL_1",18.917,18.932,18.924500000000002
2020-01-06,MXN=,"OPEN_PRC,HIGH_1,LOW_1,BID,ASK,TRDPRC_1,TRDVOL_1",18.837,18.852,18.8445
2020-01-07,MXN=,"OPEN_PRC,HIGH_1,LOW_1,BID,ASK,TRDPRC_1,TRDVOL_1",18.898,18.913,18.9055
2020-01-08,MXN=,"OPEN_PRC,HIGH_1,LOW_1,BID,ASK,TRDPRC_1,TRDVOL_1",18.808,18.823,18.8155
2020-01-09,MXN=,"OPEN_PRC,HIGH_1,LOW_1,BID,ASK,TRDPRC_1,TRDVOL_1",18.832,18.848,18.84
2020-01-10,MXN=,"OPEN_PRC,HIGH_1,LOW_1,BID,ASK,TRDPRC_1,TRDVOL_1",18.781,18.8,18.7905
2020-01-13,MXN=,"OPEN_PRC,HIGH_1,LOW_1,BID,ASK,TRDPRC_1,TRDVOL_1",18.7931,18.8081,18.8006
2020-01-14,MXN=,"OPEN_PRC,HIGH_1,LOW_1,BID,ASK,TRDPRC_1,TRDVOL_1",18.7753,18.7903,18.7828
2020-01-15,MXN=,"OPEN_PRC,HIGH_1,LOW_1,BID,ASK,TRDPRC_1,TRDVOL_1",18.7831,18.7981,18.7906
2020-01-16,MXN=,"OPEN_PRC,HIGH_1,LOW_1,BID,ASK,TRDPRC_1,TRDVOL_1",18.7722,18.7872,18.7797
2020-01-17,MXN=,"OPEN_PRC,HIGH_1,LOW_1,BID,ASK,TRDPRC_1,TRDVOL_1",18.6549,18.6699,18.662399999999998
2020-01-20,MXN=,"OPEN_PRC,HIGH_1,LOW_1,BID,ASK,TRDPRC_1,TRDVOL_1",18.6586,18.6692,18.663899999999998
2020-01-21,MXN=,"OPEN_PRC,HIGH_1,LOW_1,BID,ASK,TRDPRC_1,TRDVOL_1",18.7625,18.783,18.772750000000002
2020-01-22,MXN=,"OPEN_PRC,HIGH_1,LOW_1,BID,ASK,TRDPRC_1,TRDVOL_1",18.6807,18.6963,18.6885
2020-01-23,MXN=,"OPEN_PRC,HIGH_1,LOW_1,BID,ASK,TRDPRC_1,TRDVOL_1",18.757,18.777,18.767000000000003
2020-01-24,MXN=,"OPEN_PRC,HIGH_1,LOW_1,BID,ASK,TRDPRC_1,TRDVOL_1",18.79,18.791,18.7905
2020-01-27,MXN=,"OPEN_PRC,HIGH_1,LOW_1,BID,ASK,TRDPRC_1,TRDVOL_1",18.905,18.9203,18.91265
2020-01-28,MXN=,"OPEN_PRC,HIGH_1,LOW_1,BID,ASK,TRDPRC_1,TRDVOL_1",18.7155,18.7307,18.7231
2020-01-29,MXN=,"OPEN_PRC,HIGH_1,LOW_1,BID,ASK,TRDPRC_1,TRDVOL_1",18.6915,18.7065,18.698999999999998
2020-01-30,MXN=,"OPEN_PRC,HIGH_1,LOW_1,BID,ASK,TRDPRC_1,TRDVOL_1",18.7726,18.7876,18.7801
2020-01-31,MXN=,"OPEN_PRC,HIGH_1,LOW_1,BID,ASK,TRDPRC_1,TRDVOL_1",18.8353,18.8503,18.8428
2020-02-03,MXN=,"OPEN_PRC,HIGH_1,LOW_1,BID,ASK,TRDPRC_1,TRDVOL_1",18.809,18.824,18.8165
2020-02-04,MXN=,"OPEN_PRC,HIGH_1,LOW_1,BID,ASK,TRDPRC_1,TRDVOL_1",18.658,18.676,18.667
2020-02-05,MXN=,"OPEN_PRC,HIGH_1,LOW_1,BID,ASK,TRDPRC_1,TRDVOL_1",18.591,18.61,18.6005
2020-02-06,MXN=,"OPEN_PRC,HIGH_1,LOW_1,BID,ASK,TRDPRC_1,TRDVOL_1",18.6542,18.6663,18.660249999999998
2020-02-07,MXN=,"OPEN_PRC,HIGH_1,LOW_1,BID,ASK,TRDPRC_1,TRDVOL_1",18.7608,18.7758,18.7683
2020-02-10,MXN=,"OPEN_PRC,HIGH_1,LOW_1,BID,ASK,TRDPRC_1,TRDVOL_1",18.6972,18.6982,18.697699999999998
2020-02-11,MXN=,"OPEN_PRC,HIGH_1,LOW_1,BID,ASK,TRDPRC_1,TRDVOL_1",18.6544,18.6644,18.659399999999998
2020-02-12,MXN=,"OPEN_PRC,HIGH_1,LOW_1,BID,ASK,TRDPRC_1,TRDVOL_1",18.6123,18.6273,18.6198
2020-02-13,MXN=,"OPEN_PRC,HIGH_1,LOW_1,BID,ASK,TRDPRC_1,TRDVOL_1",18.59,18.61,18.6
2020-02-14,MXN=,"OPEN_PRC,HIGH_1,LOW_1,BID,ASK,TRDPRC_1,TRDVOL_1",18.5334,18.5484,18.5409
2020-02-17,MXN=,"OPEN_PRC,HIGH_1,LOW_1,BID,ASK,TRDPRC_1,TRDVOL_1",18.548,18.563,18.5555
2020-02-18,MXN=,"OPEN_PRC,HIGH_1,LOW_1,BID,ASK,TRDPRC_1,TRDVOL_1",18.5872,18.5972,18.5922
2020-02-19,MXN=,"OPEN_PRC,HIGH_1,LOW_1,BID,ASK,TRDPRC_1,TRDVOL_1",18.5585,18.5685,18.563499999999998
2020-02-20,MXN=,"OPEN_PRC,HIGH_1,LOW_1,BID,ASK,TRDPRC_1,TRDVOL_1",18.827,18.8383,18.83265
2020-02-21,MXN=,"OPEN_PRC,HIGH_1,LOW_1,BID,ASK,TRDPRC_1,TRDVOL_1",18.8949,18.9099,18.9024
2020-02-24,MXN=,"OPEN_PRC,HIGH_1,LOW_1,BID,ASK,TRDPRC_1,TRDVOL_1",19.0599,19.08,19.06995
2020-02-25,MXN=,"OPEN_PRC,HIGH_1,LOW_1,BID,ASK,TRDPRC_1,TRDVOL_1",19.08,19.1,19.09
2020-02-26,MXN=,"OPEN_PRC,HIGH_1,LOW_1,BID,ASK,TRDPRC_1,TRDVOL_1",19.282,19.283,19.2825
2020-02-27,MXN=,"OPEN_PRC,HIGH_1,LOW_1,BID,ASK,TRDPRC_1,TRDVOL_1",19.508,19.518,19.512999999999998
2020-02-28,MXN=,"OPEN_PRC,HIGH_1,LOW_1,BID,ASK,TRDPRC_1,TRDVOL_1",19.611,19.626,19.6185
2020-03-02,MXN=,"OPEN_PRC,HIGH_1,LOW_1,BID,ASK,TRDPRC_1,TRDVOL_1",19.4,19.41,19.405
2020-03-03,MXN=,"OPEN_PRC,HIGH_1,LOW_1,BID,ASK,TRDPRC_1,TRDVOL_1",19.448,19.462,19.455
2020-03-04,MXN=,"OPEN_PRC,HIGH_1,LOW_1,BID,ASK,TRDPRC_1,TRDVOL_1",19.5289,19.5439,19.5364
2020-03-05,MXN=,"OPEN_PRC,HIGH_1,LOW_1,BID,ASK,TRDPRC_1,TRDVOL_1",19.8445,19.8545,19.8495
2020-03-06,MXN=,"OPEN_PRC,HIGH_1,LOW_1,BID,ASK,TRDPRC_1,TRDVOL_1",20.1024,20.1174,20.1099
2020-03-09,MXN=,"OPEN_PRC,HIGH_1,LOW_1,BID,ASK,TRDPRC_1,TRDVOL_1",20.784,20.859,20.8215
2020-03-10,MXN=,"OPEN_PRC,HIGH_1,LOW_1,BID,ASK,TRDPRC_1,TRDVOL_1",20.8435,20.8445,20.844
2020-03-11,MXN=,"OPEN_PRC,HIGH_1,LOW_1,BID,ASK,TRDPRC_1,TRDVOL_1",21.3805,21.3905,21.3855
2020-03-12,MXN=,"OPEN_PRC,HIGH_1,LOW_1,BID,ASK,TRDPRC_1,TRDVOL_1",21.901,21.941,21.921
2020-03-13,MXN=,"OPEN_PRC,HIGH_1,LOW_1,BID,ASK,TRDPRC_1,TRDVOL_1",21.902,21.949,21.9255
2020-03-16,MXN=,"OPEN_PRC,HIGH_1,LOW_1,BID,ASK,TRDPRC_1,TRDVOL_1",22.85,22.92,22.885
2020-03-17,MXN=,"OPEN_PRC,HIGH_1,LOW_1,BID,ASK,TRDPRC_1,TRDVOL_1",22.9367,22.982,22.95935
2020-03-18,MXN=,"OPEN_PRC,HIGH_1,LOW_1,BID,ASK,TRDPRC_1,TRDVOL_1",23.7064,23.75,23.7282
2020-03-19,MXN=,"OPEN_PRC,HIGH_1,LOW_1,BID,ASK,TRDPRC_1,TRDVOL_1",24.0225,24.0325,24.0275
2020-03-20,MXN=,"OPEN_PRC,HIGH_1,LOW_1,BID,ASK,TRDPRC_1,TRDVOL_1",24.4215,24.4225,24.422
2020-03-23,MXN=,"OPEN_PRC,HIGH_1,LOW_1,BID,ASK,TRDPRC_1,TRDVOL_1",25.338,25.3832,25.360599999999998
2020-03-24,MXN=,"OPEN_PRC,HIGH_1,LOW_1,BID,ASK,TRDPRC_1,TRDVOL_1",24.827,24.858,24.8425
2020-03-25,MXN=,"OPEN_PRC,HIGH_1,LOW_1,BID,ASK,TRDPRC_1,TRDVOL_1",23.931,23.965,23.948
2020-03-26,MXN=,"OPEN_PRC,HIGH_1,LOW_1,BID,ASK,TRDPRC_1,TRDVOL_1",22.93,22.956,22.942999999999998
2020-03-27,MXN=,"OPEN_PRC,HIGH_1,LOW_1,BID,ASK,TRDPRC_1,TRDVOL_1",23.301,23.385,23.343
2020-03-30,MXN=,"OPEN_PRC,HIGH_1,LOW_1,BID,ASK,TRDPRC_1,TRDVOL_1",23.788,23.855,23.8215
2020-03-31,MXN=,"OPEN_PRC,HIGH_1,LOW_1,BID,ASK,TRDPRC_1,TRDVOL_1",23.714,23.724,23.719
2020-04-01,MXN=,"OPEN_PRC,HIGH_1,LOW_1,BID,ASK,TRDPRC_1,TRDVOL_1",24.201,24.279,24.240000000000002
2020-04-02,MXN=,"OPEN_PRC,HIGH_1,LOW_1,BID,ASK,TRDPRC_1,TRDVOL_1",24.221,24.231,24.226
2020-04-03,MXN=,"OPEN_PRC,HIGH_1,LOW_1,BID,ASK,TRDPRC_1,TRDVOL_1",24.961,25.064,25.0125
2020-04-06,MXN=,"OPEN_PRC,HIGH_1,LOW_1,BID,ASK,TRDPRC_1,TRDVOL_1",24.6266,24.6366,24.6316
2020-04-07,MXN=,"OPEN_PRC,HIGH_1,LOW_1,BID,ASK,TRDPRC_1,TRDVOL_1",24.295,24.328,24.311500000000002
2020-04-08,MXN=,"OPEN_PRC,HIGH_1,LOW_1,BID,ASK,TRDPRC_1,TRDVOL_1",24.0075,24.0175,24.0125
2020-04-09,MXN=,"OPEN_PRC,HIGH_1,LOW_1,BID,ASK,TRDPRC_1,TRDVOL_1",23.56,23.58,23.57
2020-04-10,MXN=,"OPEN_PRC,HIGH_1,LOW_1,BID,ASK,TRDPRC_1,TRDVOL_1",23.33,23.41,23.369999999999997
2020-04-13,MXN=,"OPEN_PRC,HIGH_1,LOW_1,BID,ASK,TRDPRC_1,TRDVOL_1",23.586,23.679,23.6325
2020-04-14,MXN=,"OPEN_PRC,HIGH_1,LOW_1,BID,ASK,TRDPRC_1,TRDVOL_1",23.37,23.4,23.384999999999998
2020-04-15,MXN=,"OPEN_PRC,HIGH_1,LOW_1,BID,ASK,TRDPRC_1,TRDVOL_1",23.974,24.0232,23.9986
2020-04-16,MXN=,"OPEN_PRC,HIGH_1,LOW_1,BID,ASK,TRDPRC_1,TRDVOL_1",24.001,24.05,24.0255
2020-04-17,MXN=,"OPEN_PRC,HIGH_1,LOW_1,BID,ASK,TRDPRC_1,TRDVOL_1",23.671,23.7473,23.70915
2020-04-20,MXN=,"OPEN_PRC,HIGH_1,LOW_1,BID,ASK,TRDPRC_1,TRDVOL_1",24.038,24.056,24.047
2020-04-21,MXN=,"OPEN_PRC,HIGH_1,LOW_1,BID,ASK,TRDPRC_1,TRDVOL_1",24.393,24.394,24.3935
2020-04-22,MXN=,"OPEN_PRC,HIGH_1,LOW_1,BID,ASK,TRDPRC_1,TRDVOL_1",24.467,24.521,24.494
2020-04-23,MXN=,"OPEN_PRC,HIGH_1,LOW_1,BID,ASK,TRDPRC_1,TRDVOL_1",24.806,24.831,24.8185
2020-04-24,MXN=,"OPEN_PRC,HIGH_1,LOW_1,BID,ASK,TRDPRC_1,TRDVOL_1",24.949,25.019,24.984
2020-04-27,MXN=,"OPEN_PRC,HIGH_1,LOW_1,BID,ASK,TRDPRC_1,TRDVOL_1",24.6759,24.7117,24.6938
2020-04-28,MXN=,"OPEN_PRC,HIGH_1,LOW_1,BID,ASK,TRDPRC_1,TRDVOL_1",24.271,24.318,24.2945
2020-04-29,MXN=,"OPEN_PRC,HIGH_1,LOW_1,BID,ASK,TRDPRC_1,TRDVOL_1",23.738,23.745,23.741500000000002
2020-04-30,MXN=,"OPEN_PRC,HIGH_1,LOW_1,BID,ASK,TRDPRC_1,TRDVOL_1",24.151,24.188,24.1695
2020-05-01,MXN=,"OPEN_PRC,HIGH_1,LOW_1,BID,ASK,TRDPRC_1,TRDVOL_1",24.5681,24.5831,24.5756
2020-05-04,MXN=,"OPEN_PRC,HIGH_1,LOW_1,BID,ASK,TRDPRC_1,TRDVOL_1",24.06,24.08,24.07
2020-05-05,MXN=,"OPEN_PRC,HIGH_1,LOW_1,BID,ASK,TRDPRC_1,TRDVOL_1",23.986,24.02,24.003
2020-05-06,MXN=,"OPEN_PRC,HIGH_1,LOW_1,BID,ASK,TRDPRC_1,TRDVOL_1",24.353,24.413,24.383000000000003
2020-05-07,MXN=,"OPEN_PRC,HIGH_1,LOW_1,BID,ASK,TRDPRC_1,TRDVOL_1",24.031,24.091,24.061
2020-05-08,MXN=,"OPEN_PRC,HIGH_1,LOW_1,BID,ASK,TRDPRC_1,TRDVOL_1",23.621,23.704,23.6625
2020-05-11,MXN=,"OPEN_PRC,HIGH_1,LOW_1,BID,ASK,TRDPRC_1,TRDVOL_1",23.921,23.949,23.935000000000002
2020-05-12,MXN=,"OPEN_PRC,HIGH_1,LOW_1,BID,ASK,TRDPRC_1,TRDVOL_1",24.355,24.439,24.397
2020-05-13,MXN=,"OPEN_PRC,HIGH_1,LOW_1,BID,ASK,TRDPRC_1,TRDVOL_1",24.2009,24.2109,24.2059
2020-05-14,MXN=,"OPEN_PRC,HIGH_1,LOW_1,BID,ASK,TRDPRC_1,TRDVOL_1",23.86,23.882,23.871000000000002
2020-05-15,MXN=,"OPEN_PRC,HIGH_1,LOW_1,BID,ASK,TRDPRC_1,TRDVOL_1",23.9282,23.9432,23.9357
2020-05-18,MXN=,"OPEN_PRC,HIGH_1,LOW_1,BID,ASK,TRDPRC_1,TRDVOL_1",23.746,23.772,23.759
2020-05-19,MXN=,"OPEN_PRC,HIGH_1,LOW_1,BID,ASK,TRDPRC_1,TRDVOL_1",23.681,23.682,23.6815
2020-05-20,MXN=,"OPEN_PRC,HIGH_1,LOW_1,BID,ASK,TRDPRC_1,TRDVOL_1",23.191,23.208,23.1995
2020-05-21,MXN=,"OPEN_PRC,HIGH_1,LOW_1,BID,ASK,TRDPRC_1,TRDVOL_1",22.8644,22.8654,22.8649
2020-05-22,MXN=,"OPEN_PRC,HIGH_1,LOW_1,BID,ASK,TRDPRC_1,TRDVOL_1",22.725,22.74,22.7325
2020-05-25,MXN=,"OPEN_PRC,HIGH_1,LOW_1,BID,ASK,TRDPRC_1,TRDVOL_1",22.5342,22.5646,22.5494
2020-05-26,MXN=,"OPEN_PRC,HIGH_1,LOW_1,BID,ASK,TRDPRC_1,TRDVOL_1",22.186,22.213,22.1995
2020-05-27,MXN=,"OPEN_PRC,HIGH_1,LOW_1,BID,ASK,TRDPRC_1,TRDVOL_1",22.288,22.32,22.304000000000002
2020-05-28,MXN=,"OPEN_PRC,HIGH_1,LOW_1,BID,ASK,TRDPRC_1,TRDVOL_1",22.2179,22.2189,22.218400000000003
2020-05-29,MXN=,"OPEN_PRC,HIGH_1,LOW_1,BID,ASK,TRDPRC_1,TRDVOL_1",22.1675,22.1825,22.175
2020-06-01,MXN=,"OPEN_PRC,HIGH_1,LOW_1,BID,ASK,TRDPRC_1,TRDVOL_1",22.024,22.042,22.033
2020-06-02,MXN=,"OPEN_PRC,HIGH_1,LOW_1,BID,ASK,TRDPRC_1,TRDVOL_1",21.7817,21.7917,21.7867
2020-06-03,MXN=,"OPEN_PRC,HIGH_1,LOW_1,BID,ASK,TRDPRC_1,TRDVOL_1",21.7579,21.7835,21.770699999999998
2020-06-04,MXN=,"OPEN_PRC,HIGH_1,LOW_1,BID,ASK,TRDPRC_1,TRDVOL_1",21.928,21.95,21.939
2020-06-05,MXN=,"OPEN_PRC,HIGH_1,LOW_1,BID,ASK,TRDPRC_1,TRDVOL_1",21.5844,21.5944,21.589399999999998
2020-06-08,MXN=,"OPEN_PRC,HIGH_1,LOW_1,BID,ASK,TRDPRC_1,TRDVOL_1",21.492,21.511,21.5015
2020-06-09,MXN=,"OPEN_PRC,HIGH_1,LOW_1,BID,ASK,TRDPRC_1,TRDVOL_1",21.9017,21.9326,21.91715
2020-06-10,MXN=,"OPEN_PRC,HIGH_1,LOW_1,BID,ASK,TRDPRC_1,TRDVOL_1",21.857,21.892,21.874499999999998
2020-06-11,MXN=,"OPEN_PRC,HIGH_1,LOW_1,BID,ASK,TRDPRC_1,TRDVOL_1",22.7368,22.7896,22.763199999999998
2020-06-12,MXN=,"OPEN_PRC,HIGH_1,LOW_1,BID,ASK,TRDPRC_1,TRDVOL_1",22.2189,22.2339,22.226399999999998
2020-06-15,MXN=,"OPEN_PRC,HIGH_1,LOW_1,BID,ASK,TRDPRC_1,TRDVOL_1",22.2139,22.2339,22.2239
2020-06-16,MXN=,"OPEN_PRC,HIGH_1,LOW_1,BID,ASK,TRDPRC_1,TRDVOL_1",22.3095,22.3366,22.323050000000002
2020-06-17,MXN=,"OPEN_PRC,HIGH_1,LOW_1,BID,ASK,TRDPRC_1,TRDVOL_1",22.301,22.327,22.314
2020-06-18,MXN=,"OPEN_PRC,HIGH_1,LOW_1,BID,ASK,TRDPRC_1,TRDVOL_1",22.7418,22.7641,22.75295
2020-06-19,MXN=,"OPEN_PRC,HIGH_1,LOW_1,BID,ASK,TRDPRC_1,TRDVOL_1",22.6328,22.6478,22.6403
2020-06-22,MXN=,"OPEN_PRC,HIGH_1,LOW_1,BID,ASK,TRDPRC_1,TRDVOL_1",22.486,22.516,22.500999999999998
2020-06-23,MXN=,"OPEN_PRC,HIGH_1,LOW_1,BID,ASK,TRDPRC_1,TRDVOL_1",22.4082,22.4197,22.41395
2020-06-24,MXN=,"OPEN_PRC,HIGH_1,LOW_1,BID,ASK,TRDPRC_1,TRDVOL_1",22.7772,22.793,22.7851
2020-06-25,MXN=,"OPEN_PRC,HIGH_1,LOW_1,BID,ASK,TRDPRC_1,TRDVOL_1",22.6452,22.6796,22.662399999999998
2020-06-26,MXN=,"OPEN_PRC,HIGH_1,LOW_1,BID,ASK,TRDPRC_1,TRDVOL_1",23.0485,23.0635,23.056
2020-06-29,MXN=,"OPEN_PRC,HIGH_1,LOW_1,BID,ASK,TRDPRC_1,TRDVOL_1",23.0595,23.0833,23.0714
2020-06-30,MXN=,"OPEN_PRC,HIGH_1,LOW_1,BID,ASK,TRDPRC_1,TRDVOL_1",22.9889,23.0085,22.9987
2020-07-01,MXN=,"OPEN_PRC,HIGH_1,LOW_1,BID,ASK,TRDPRC_1,TRDVOL_1",22.666,22.683,22.674500000000002
2020-07-02,MXN=,"OPEN_PRC,HIGH_1,LOW_1,BID,ASK,TRDPRC_1,TRDVOL_1",22.465,22.489,22.477
2020-07-03,MXN=,"OPEN_PRC,HIGH_1,LOW_1,BID,ASK,TRDPRC_1,TRDVOL_1",22.3915,22.3925,22.392
2020-07-06,MXN=,"OPEN_PRC,HIGH_1,LOW_1,BID,ASK,TRDPRC_1,TRDVOL_1",22.3259,22.3466,22.33625
2020-07-07,MXN=,"OPEN_PRC,HIGH_1,LOW_1,BID,ASK,TRDPRC_1,TRDVOL_1",22.841,22.877,22.859
2020-07-08,MXN=,"OPEN_PRC,HIGH_1,LOW_1,BID,ASK,TRDPRC_1,TRDVOL_1",22.655,22.713,22.684
2020-07-09,MXN=,"OPEN_PRC,HIGH_1,LOW_1,BID,ASK,TRDPRC_1,TRDVOL_1",22.626,22.663,22.6445
2020-07-10,MXN=,"OPEN_PRC,HIGH_1,LOW_1,BID,ASK,TRDPRC_1,TRDVOL_1",22.4435,22.4445,22.444000000000003
2020-07-13,MXN=,"OPEN_PRC,HIGH_1,LOW_1,BID,ASK,TRDPRC_1,TRDVOL_1",22.7615,22.7625,22.762
2020-07-14,MXN=,"OPEN_PRC,HIGH_1,LOW_1,BID,ASK,TRDPRC_1,TRDVOL_1",22.443,22.453,22.448
2020-07-15,MXN=,"OPEN_PRC,HIGH_1,LOW_1,BID,ASK,TRDPRC_1,TRDVOL_1",22.322,22.332,22.326999999999998
2020-07-16,MXN=,"OPEN_PRC,HIGH_1,LOW_1,BID,ASK,TRDPRC_1,TRDVOL_1",22.4119,22.4356,22.42375
2020-07-17,MXN=,"OPEN_PRC,HIGH_1,LOW_1,BID,ASK,TRDPRC_1,TRDVOL_1",22.54,22.555,22.5475
2020-07-20,MXN=,"OPEN_PRC,HIGH_1,LOW_1,BID,ASK,TRDPRC_1,TRDVOL_1",22.479,22.509,22.494
2020-07-21,MXN=,"OPEN_PRC,HIGH_1,LOW_1,BID,ASK,TRDPRC_1,TRDVOL_1",22.3327,22.3427,22.337699999999998
2020-07-22,MXN=,"OPEN_PRC,HIGH_1,LOW_1,BID,ASK,TRDPRC_1,TRDVOL_1",22.358,22.378,22.368000000000002
2020-07-23,MXN=,"OPEN_PRC,HIGH_1,LOW_1,BID,ASK,TRDPRC_1,TRDVOL_1",22.489,22.535,22.512
2020-07-24,MXN=,"OPEN_PRC,HIGH_1,LOW_1,BID,ASK,TRDPRC_1,TRDVOL_1",22.259,22.3,22.2795
2020-07-27,MXN=,"OPEN_PRC,HIGH_1,LOW_1,BID,ASK,TRDPRC_1,TRDVOL_1",21.914,21.931,21.9225
2020-07-28,MXN=,"OPEN_PRC,HIGH_1,LOW_1,BID,ASK,TRDPRC_1,TRDVOL_1",21.925,21.961,21.942999999999998
2020-07-29,MXN=,"OPEN_PRC,HIGH_1,LOW_1,BID,ASK,TRDPRC_1,TRDVOL_1",21.961,21.989,21.975
2020-07-30,MXN=,"OPEN_PRC,HIGH_1,LOW_1,BID,ASK,TRDPRC_1,TRDVOL_1",22.004,22.049,22.0265
2020-07-31,MXN=,"OPEN_PRC,HIGH_1,LOW_1,BID,ASK,TRDPRC_1,TRDVOL_1",22.2714,22.2864,22.2789
2020-08-03,MXN=,"OPEN_PRC,HIGH_1,LOW_1,BID,ASK,TRDPRC_1,TRDVOL_1",22.6246,22.6529,22.63875
2020-08-04,MXN=,"OPEN_PRC,HIGH_1,LOW_1,BID,ASK,TRDPRC_1,TRDVOL_1",22.647,22.688,22.667499999999997
2020-08-05,MXN=,"OPEN_PRC,HIGH_1,LOW_1,BID,ASK,TRDPRC_1,TRDVOL_1",22.3576,22.3892,22.3734
2020-08-06,MXN=,"OPEN_PRC,HIGH_1,LOW_1,BID,ASK,TRDPRC_1,TRDVOL_1",22.368,22.429,22.3985
2020-08-07,MXN=,"OPEN_PRC,HIGH_1,LOW_1,BID,ASK,TRDPRC_1,TRDVOL_1",22.3576,22.3726,22.365099999999998
2020-08-10,MXN=,"OPEN_PRC,HIGH_1,LOW_1,BID,ASK,TRDPRC_1,TRDVOL_1",22.447,22.496,22.4715
2020-08-11,MXN=,"OPEN_PRC,HIGH_1,LOW_1,BID,ASK,TRDPRC_1,TRDVOL_1",22.386,22.414,22.4
2020-08-12,MXN=,"OPEN_PRC,HIGH_1,LOW_1,BID,ASK,TRDPRC_1,TRDVOL_1",22.342,22.365,22.353499999999997
2020-08-13,MXN=,"OPEN_PRC,HIGH_1,LOW_1,BID,ASK,TRDPRC_1,TRDVOL_1",22.132,22.213,22.1725
2020-08-14,MXN=,"OPEN_PRC,HIGH_1,LOW_1,BID,ASK,TRDPRC_1,TRDVOL_1",21.9742,21.9892,21.9817
2020-08-17,MXN=,"OPEN_PRC,HIGH_1,LOW_1,BID,ASK,TRDPRC_1,TRDVOL_1",22.167,22.202,22.1845
2020-08-18,MXN=,"OPEN_PRC,HIGH_1,LOW_1,BID,ASK,TRDPRC_1,TRDVOL_1",22.1496,22.1683,22.158949999999997
2020-08-19,MXN=,"OPEN_PRC,HIGH_1,LOW_1,BID,ASK,TRDPRC_1,TRDVOL_1",22.1231,22.1532,22.13815
2020-08-20,MXN=,"OPEN_PRC,HIGH_1,LOW_1,BID,ASK,TRDPRC_1,TRDVOL_1",22.074,22.082,22.078000000000003
2020-08-21,MXN=,"OPEN_PRC,HIGH_1,LOW_1,BID,ASK,TRDPRC_1,TRDVOL_1",21.9598,21.9748,21.9673
2020-08-24,MXN=,"OPEN_PRC,HIGH_1,LOW_1,BID,ASK,TRDPRC_1,TRDVOL_1",21.979,22.009,21.994
2020-08-25,MXN=,"OPEN_PRC,HIGH_1,LOW_1,BID,ASK,TRDPRC_1,TRDVOL_1",21.885,21.917,21.901000000000003
2020-08-26,MXN=,"OPEN_PRC,HIGH_1,LOW_1,BID,ASK,TRDPRC_1,TRDVOL_1",21.931,21.953,21.942
2020-08-27,MXN=,"OPEN_PRC,HIGH_1,LOW_1,BID,ASK,TRDPRC_1,TRDVOL_1",22.1338,22.1651,22.14945
2020-08-28,MXN=,"OPEN_PRC,HIGH_1,LOW_1,BID,ASK,TRDPRC_1,TRDVOL_1",21.7523,21.7673,21.7598
2020-08-31,MXN=,"OPEN_PRC,HIGH_1,LOW_1,BID,ASK,TRDPRC_1,TRDVOL_1",21.8785,21.8971,21.8878
2020-09-01,MXN=,"OPEN_PRC,HIGH_1,LOW_1,BID,ASK,TRDPRC_1,TRDVOL_1",21.79,21.791,21.7905
2020-09-02,MXN=,"OPEN_PRC,HIGH_1,LOW_1,BID,ASK,TRDPRC_1,TRDVOL_1",21.71,21.74,21.725
2020-09-03,MXN=,"OPEN_PRC,HIGH_1,LOW_1,BID,ASK,TRDPRC_1,TRDVOL_1",21.66,21.682,21.671
2020-09-04,MXN=,"OPEN_PRC,HIGH_1,LOW_1,BID,ASK,TRDPRC_1,TRDVOL_1",21.566,21.581,21.5735
2020-09-07,MXN=,"OPEN_PRC,HIGH_1,LOW_1,BID,ASK,TRDPRC_1,TRDVOL_1",21.6195,21.6295,21.624499999999998
2020-09-08,MXN=,"OPEN_PRC,HIGH_1,LOW_1,BID,ASK,TRDPRC_1,TRDVOL_1",21.76,21.788,21.774
2020-09-09,MXN=,"OPEN_PRC,HIGH_1,LOW_1,BID,ASK,TRDPRC_1,TRDVOL_1",21.352,21.379,21.3655
2020-09-10,MXN=,"OPEN_PRC,HIGH_1,LOW_1,BID,ASK,TRDPRC_1,TRDVOL_1",21.436,21.449,21.442500000000003
2020-09-11,MXN=,"OPEN_PRC,HIGH_1,LOW_1,BID,ASK,TRDPRC_1,TRDVOL_1",21.2663,21.2813,21.2738
2020-09-14,MXN=,"OPEN_PRC,HIGH_1,LOW_1,BID,ASK,TRDPRC_1,TRDVOL_1",21.074,21.103,21.088500000000003
2020-09-15,MXN=,"OPEN_PRC,HIGH_1,LOW_1,BID,ASK,TRDPRC_1,TRDVOL_1",21.143,21.168,21.1555
2020-09-16,MXN=,"OPEN_PRC,HIGH_1,LOW_1,BID,ASK,TRDPRC_1,TRDVOL_1",20.929,20.959,20.944
2020-09-17,MXN=,"OPEN_PRC,HIGH_1,LOW_1,BID,ASK,TRDPRC_1,TRDVOL_1",20.851,20.881,20.866
2020-09-18,MXN=,"OPEN_PRC,HIGH_1,LOW_1,BID,ASK,TRDPRC_1,TRDVOL_1",21.1272,21.1422,21.1347
2020-09-21,MXN=,"OPEN_PRC,HIGH_1,LOW_1,BID,ASK,TRDPRC_1,TRDVOL_1",21.346,21.375,21.360500000000002
2020-09-22,MXN=,"OPEN_PRC,HIGH_1,LOW_1,BID,ASK,TRDPRC_1,TRDVOL_1",21.723,21.757,21.740000000000002
2020-09-23,MXN=,"OPEN_PRC,HIGH_1,LOW_1,BID,ASK,TRDPRC_1,TRDVOL_1",22.3812,22.3859,22.38355
2020-09-24,MXN=,"OPEN_PRC,HIGH_1,LOW_1,BID,ASK,TRDPRC_1,TRDVOL_1",22.147,22.196,22.1715
2020-09-25,MXN=,"OPEN_PRC,HIGH_1,LOW_1,BID,ASK,TRDPRC_1,TRDVOL_1",22.3389,22.3539,22.3464
2020-09-28,MXN=,"OPEN_PRC,HIGH_1,LOW_1,BID,ASK,TRDPRC_1,TRDVOL_1",22.395,22.439,22.417
2020-09-29,MXN=,"OPEN_PRC,HIGH_1,LOW_1,BID,ASK,TRDPRC_1,TRDVOL_1",22.464,22.521,22.4925
2020-09-30,MXN=,"OPEN_PRC,HIGH_1,LOW_1,BID,ASK,TRDPRC_1,TRDVOL_1",22.099,22.114,22.1065
2020-10-01,MXN=,"OPEN_PRC,HIGH_1,LOW_1,BID,ASK,TRDPRC_1,TRDVOL_1",21.823,21.841,21.832
2020-10-02,MXN=,"OPEN_PRC,HIGH_1,LOW_1,BID,ASK,TRDPRC_1,TRDVOL_1",21.6103,21.6253,21.6178
2020-10-05,MXN=,"OPEN_PRC,HIGH_1,LOW_1,BID,ASK,TRDPRC_1,TRDVOL_1",21.383,21.417,21.4
2020-10-06,MXN=,"OPEN_PRC,HIGH_1,LOW_1,BID,ASK,TRDPRC_1,TRDVOL_1",21.721,21.74,21.7305
2020-10-07,MXN=,"OPEN_PRC,HIGH_1,LOW_1,BID,ASK,TRDPRC_1,TRDVOL_1",21.454,21.5,21.477
2020-10-08,MXN=,"OPEN_PRC,HIGH_1,LOW_1,BID,ASK,TRDPRC_1,TRDVOL_1",21.372,21.386,21.378999999999998
2020-10-09,MXN=,"OPEN_PRC,HIGH_1,LOW_1,BID,ASK,TRDPRC_1,TRDVOL_1",21.1396,21.1546,21.147100000000002
2020-10-12,MXN=,"OPEN_PRC,HIGH_1,LOW_1,BID,ASK,TRDPRC_1,TRDVOL_1",21.226,21.252,21.238999999999997
2020-10-13,MXN=,"OPEN_PRC,HIGH_1,LOW_1,BID,ASK,TRDPRC_1,TRDVOL_1",21.347,21.373,21.36
2020-10-14,MXN=,"OPEN_PRC,HIGH_1,LOW_1,BID,ASK,TRDPRC_1,TRDVOL_1",21.333,21.347,21.34
2020-10-15,MXN=,"OPEN_PRC,HIGH_1,LOW_1,BID,ASK,TRDPRC_1,TRDVOL_1",21.2749,21.2761,21.2755
2020-10-16,MXN=,"OPEN_PRC,HIGH_1,LOW_1,BID,ASK,TRDPRC_1,TRDVOL_1",21.123,21.138,21.1305
2020-10-19,MXN=,"OPEN_PRC,HIGH_1,LOW_1,BID,ASK,TRDPRC_1,TRDVOL_1",21.188,21.213,21.200499999999998
2020-10-20,MXN=,"OPEN_PRC,HIGH_1,LOW_1,BID,ASK,TRDPRC_1,TRDVOL_1",21.1211,21.1223,21.121699999999997
2020-10-21,MXN=,"OPEN_PRC,HIGH_1,LOW_1,BID,ASK,TRDPRC_1,TRDVOL_1",21.098,21.12,21.109
2020-10-22,MXN=,"OPEN_PRC,HIGH_1,LOW_1,BID,ASK,TRDPRC_1,TRDVOL_1",20.948,20.972,20.96
2020-10-23,MXN=,"OPEN_PRC,HIGH_1,LOW_1,BID,ASK,TRDPRC_1,TRDVOL_1",20.868,20.883,20.8755
2020-10-26,MXN=,"OPEN_PRC,HIGH_1,LOW_1,BID,ASK,TRDPRC_1,TRDVOL_1",20.915,20.95,20.932499999999997
2020-10-27,MXN=,"OPEN_PRC,HIGH_1,LOW_1,BID,ASK,TRDPRC_1,TRDVOL_1",21.029,21.05,21.0395
2020-10-28,MXN=,"OPEN_PRC,HIGH_1,LOW_1,BID,ASK,TRDPRC_1,TRDVOL_1",21.28,21.3,21.29
2020-10-29,MXN=,"OPEN_PRC,HIGH_1,LOW_1,BID,ASK,TRDPRC_1,TRDVOL_1",21.387,21.3882,21.3876
2020-10-30,MXN=,"OPEN_PRC,HIGH_1,LOW_1,BID,ASK,TRDPRC_1,TRDVOL_1",21.171,21.186,21.1785
2020-11-02,MXN=,"OPEN_PRC,HIGH_1,LOW_1,BID,ASK,TRDPRC_1,TRDVOL_1",21.3743,21.3755,21.3749
2020-11-03,MXN=,"OPEN_PRC,HIGH_1,LOW_1,BID,ASK,TRDPRC_1,TRDVOL_1",21.1,21.15,21.125
2020-11-04,MXN=,"OPEN_PRC,HIGH_1,LOW_1,BID,ASK,TRDPRC_1,TRDVOL_1",20.901,20.979,20.939999999999998
2020-11-05,MXN=,"OPEN_PRC,HIGH_1,LOW_1,BID,ASK,TRDPRC_1,TRDVOL_1",20.67,20.777,20.7235
2020-11-06,MXN=,"OPEN_PRC,HIGH_1,LOW_1,BID,ASK,TRDPRC_1,TRDVOL_1",20.544,20.632,20.588
2020-11-09,MXN=,"OPEN_PRC,HIGH_1,LOW_1,BID,ASK,TRDPRC_1,TRDVOL_1",20.328,20.348,20.338
2020-11-10,MXN=,"OPEN_PRC,HIGH_1,LOW_1,BID,ASK,TRDPRC_1,TRDVOL_1",20.313,20.348,20.3305
2020-11-11,MXN=,"OPEN_PRC,HIGH_1,LOW_1,BID,ASK,TRDPRC_1,TRDVOL_1",20.464,20.467,20.4655
2020-11-12,MXN=,"OPEN_PRC,HIGH_1,LOW_1,BID,ASK,TRDPRC_1,TRDVOL_1",20.633,20.665,20.649
2020-11-13,MXN=,"OPEN_PRC,HIGH_1,LOW_1,BID,ASK,TRDPRC_1,TRDVOL_1",20.3917,20.4067,20.3992
2020-11-16,MXN=,"OPEN_PRC,HIGH_1,LOW_1,BID,ASK,TRDPRC_1,TRDVOL_1",20.246,20.279,20.2625
2020-11-17,MXN=,"OPEN_PRC,HIGH_1,LOW_1,BID,ASK,TRDPRC_1,TRDVOL_1",20.307,20.333,20.32
2020-11-18,MXN=,"OPEN_PRC,HIGH_1,LOW_1,BID,ASK,TRDPRC_1,TRDVOL_1",20.362,20.378,20.369999999999997
2020-11-19,MXN=,"OPEN_PRC,HIGH_1,LOW_1,BID,ASK,TRDPRC_1,TRDVOL_1",20.179,20.207,20.192999999999998
2020-11-20,MXN=,"OPEN_PRC,HIGH_1,LOW_1,BID,ASK,TRDPRC_1,TRDVOL_1",20.0975,20.1125,20.105
2020-11-23,MXN=,"OPEN_PRC,HIGH_1,LOW_1,BID,ASK,TRDPRC_1,TRDVOL_1",20.162,20.184,20.173000000000002
2020-11-24,MXN=,"OPEN_PRC,HIGH_1,LOW_1,BID,ASK,TRDPRC_1,TRDVOL_1",19.998,20.042,20.020000000000003
2020-11-25,MXN=,"OPEN_PRC,HIGH_1,LOW_1,BID,ASK,TRDPRC_1,TRDVOL_1",19.939,19.988,19.9635
2020-11-26,MXN=,"OPEN_PRC,HIGH_1,LOW_1,BID,ASK,TRDPRC_1,TRDVOL_1",20.027,20.049,20.038
2020-11-27,MXN=,"OPEN_PRC,HIGH_1,LOW_1,BID,ASK,TRDPRC_1,TRDVOL_1",20.0265,20.0415,20.034
2020-11-30,MXN=,"OPEN_PRC,HIGH_1,LOW_1,BID,ASK,TRDPRC_1,TRDVOL_1",20.166,20.2,20.183
2020-12-01,MXN=,"OPEN_PRC,HIGH_1,LOW_1,BID,ASK,TRDPRC_1,TRDVOL_1",20.019,20.04,20.0295
2020-12-02,MXN=,"OPEN_PRC,HIGH_1,LOW_1,BID,ASK,TRDPRC_1,TRDVOL_1",19.96,19.98,19.97
2020-12-03,MXN=,"OPEN_PRC,HIGH_1,LOW_1,BID,ASK,TRDPRC_1,TRDVOL_1",19.879,19.909,19.894
2020-12-04,MXN=,"OPEN_PRC,HIGH_1,LOW_1,BID,ASK,TRDPRC_1,TRDVOL_1",19.7682,19.7694,19.7688
2020-12-07,MXN=,"OPEN_PRC,HIGH_1,LOW_1,BID,ASK,TRDPRC_1,TRDVOL_1",19.857,19.908,19.8825
2020-12-08,MXN=,"OPEN_PRC,HIGH_1,LOW_1,BID,ASK,TRDPRC_1,TRDVOL_1",19.765,19.802,19.7835
2020-12-09,MXN=,"OPEN_PRC,HIGH_1,LOW_1,BID,ASK,TRDPRC_1,TRDVOL_1",19.856,19.872,19.864
2020-12-10,MXN=,"OPEN_PRC,HIGH_1,LOW_1,BID,ASK,TRDPRC_1,TRDVOL_1",19.995,20.03,20.012500000000003
2020-12-11,MXN=,"OPEN_PRC,HIGH_1,LOW_1,BID,ASK,TRDPRC_1,TRDVOL_1",20.1351,20.1501,20.1426
2020-12-14,MXN=,"OPEN_PRC,HIGH_1,LOW_1,BID,ASK,TRDPRC_1,TRDVOL_1",20.2412,20.2424,20.241799999999998
2020-12-15,MXN=,"OPEN_PRC,HIGH_1,LOW_1,BID,ASK,TRDPRC_1,TRDVOL_1",19.888,19.923,19.9055
2020-12-16,MXN=,"OPEN_PRC,HIGH_1,LOW_1,BID,ASK,TRDPRC_1,TRDVOL_1",19.824,19.873,19.8485
2020-12-17,MXN=,"OPEN_PRC,HIGH_1,LOW_1,BID,ASK,TRDPRC_1,TRDVOL_1",19.794,19.844,19.819000000000003
2020-12-18,MXN=,"OPEN_PRC,HIGH_1,LOW_1,BID,ASK,TRDPRC_1,TRDVOL_1",19.9355,19.9505,19.943
2020-12-21,MXN=,"OPEN_PRC,HIGH_1,LOW_1,BID,ASK,TRDPRC_1,TRDVOL_1",19.941,19.963,19.951999999999998
2020-12-22,MXN=,"OPEN_PRC,HIGH_1,LOW_1,BID,ASK,TRDPRC_1,TRDVOL_1",20.1311,20.148,20.13955
2020-12-23,MXN=,"OPEN_PRC,HIGH_1,LOW_1,BID,ASK,TRDPRC_1,TRDVOL_1",20.0491,20.0772,20.06315
2020-12-24,MXN=,"OPEN_PRC,HIGH_1,LOW_1,BID,ASK,TRDPRC_1,TRDVOL_1",19.857,19.915,19.886
2020-12-25,MXN=,"OPEN_PRC,HIGH_1,LOW_1,BID,ASK,TRDPRC_1,TRDVOL_1",19.8561,19.9081,19.8821
2020-12-28,MXN=,"OPEN_PRC,HIGH_1,LOW_1,BID,ASK,TRDPRC_1,TRDVOL_1",20.001,20.03,20.015500000000003
2020-12-29,MXN=,"OPEN_PRC,HIGH_1,LOW_1,BID,ASK,TRDPRC_1,TRDVOL_1",19.89,19.923,19.9065
2020-12-30,MXN=,"OPEN_PRC,HIGH_1,LOW_1,BID,ASK,TRDPRC_1,TRDVOL_1",19.89,19.926,19.908
2020-12-31,MXN=,"OPEN_PRC,HIGH_1,LOW_1,BID,ASK,TRDPRC_1,TRDVOL_1",19.871,19.906,19.8885
2021-01-01,MXN=,"OPEN_PRC,HIGH_1,LOW_1,BID,ASK,TRDPRC_1,TRDVOL_1",19.875,19.91,19.8925
2021-01-04,MXN=,"OPEN_PRC,HIGH_1,LOW_1,BID,ASK,TRDPRC_1,TRDVOL_1",19.953,19.998,19.9755
2021-01-05,MXN=,"OPEN_PRC,HIGH_1,LOW_1,BID,ASK,TRDPRC_1,TRDVOL_1",19.878,19.919,19.8985
2021-01-06,MXN=,"OPEN_PRC,HIGH_1,LOW_1,BID,ASK,TRDPRC_1,TRDVOL_1",19.635,19.66,19.6475
2021-01-07,MXN=,"OPEN_PRC,HIGH_1,LOW_1,BID,ASK,TRDPRC_1,TRDVOL_1",19.9994,20.0274,20.0134
2021-01-08,MXN=,"OPEN_PRC,HIGH_1,LOW_1,BID,ASK,TRDPRC_1,TRDVOL_1",20.0069,20.0219,20.014400000000002
2021-01-11,MXN=,"OPEN_PRC,HIGH_1,LOW_1,BID,ASK,TRDPRC_1,TRDVOL_1",20.0585,20.0866,20.07255
2021-01-12,MXN=,"OPEN_PRC,HIGH_1,LOW_1,BID,ASK,TRDPRC_1,TRDVOL_1",19.773,19.814,19.7935
2021-01-13,MXN=,"OPEN_PRC,HIGH_1,LOW_1,BID,ASK,TRDPRC_1,TRDVOL_1",19.8392,19.8673,19.853250000000003
2021-01-14,MXN=,"OPEN_PRC,HIGH_1,LOW_1,BID,ASK,TRDPRC_1,TRDVOL_1",19.7061,19.7301,19.7181
2021-01-15,MXN=,"OPEN_PRC,HIGH_1,LOW_1,BID,ASK,TRDPRC_1,TRDVOL_1",19.772,19.818,19.795
2021-01-18,MXN=,"OPEN_PRC,HIGH_1,LOW_1,BID,ASK,TRDPRC_1,TRDVOL_1",19.6708,19.7019,19.686349999999997
2021-01-19,MXN=,"OPEN_PRC,HIGH_1,LOW_1,BID,ASK,TRDPRC_1,TRDVOL_1",19.65,19.678,19.664
2021-01-20,MXN=,"OPEN_PRC,HIGH_1,LOW_1,BID,ASK,TRDPRC_1,TRDVOL_1",19.588,19.615,19.6015
2021-01-21,MXN=,"OPEN_PRC,HIGH_1,LOW_1,BID,ASK,TRDPRC_1,TRDVOL_1",19.714,19.745,19.7295
2021-01-22,MXN=,"OPEN_PRC,HIGH_1,LOW_1,BID,ASK,TRDPRC_1,TRDVOL_1",19.963,19.978,19.9705
2021-01-25,MXN=,"OPEN_PRC,HIGH_1,LOW_1,BID,ASK,TRDPRC_1,TRDVOL_1",20.1037,20.1277,20.1157
2021-01-26,MXN=,"OPEN_PRC,HIGH_1,LOW_1,BID,ASK,TRDPRC_1,TRDVOL_1",19.963,20.009,19.986
2021-01-27,MXN=,"OPEN_PRC,HIGH_1,LOW_1,BID,ASK,TRDPRC_1,TRDVOL_1",20.28,20.301,20.2905
2021-01-28,MXN=,"OPEN_PRC,HIGH_1,LOW_1,BID,ASK,TRDPRC_1,TRDVOL_1",20.2316,20.2683,20.24995
2021-01-29,MXN=,"OPEN_PRC,HIGH_1,LOW_1,BID,ASK,TRDPRC_1,TRDVOL_1",20.5855,20.6005,20.593
2021-02-01,MXN=,"OPEN_PRC,HIGH_1,LOW_1,BID,ASK,TRDPRC_1,TRDVOL_1",20.365,20.397,20.381
2021-02-02,MXN=,"OPEN_PRC,HIGH_1,LOW_1,BID,ASK,TRDPRC_1,TRDVOL_1",20.115,20.147,20.131
2021-02-03,MXN=,"OPEN_PRC,HIGH_1,LOW_1,BID,ASK,TRDPRC_1,TRDVOL_1",20.185,20.21,20.197499999999998
2021-02-04,MXN=,"OPEN_PRC,HIGH_1,LOW_1,BID,ASK,TRDPRC_1,TRDVOL_1",20.371,20.419,20.395
2021-02-05,MXN=,"OPEN_PRC,HIGH_1,LOW_1,BID,ASK,TRDPRC_1,TRDVOL_1",20.077,20.105,20.091
2021-02-08,MXN=,"OPEN_PRC,HIGH_1,LOW_1,BID,ASK,TRDPRC_1,TRDVOL_1",20.101,20.118,20.109499999999997
2021-02-09,MXN=,"OPEN_PRC,HIGH_1,LOW_1,BID,ASK,TRDPRC_1,TRDVOL_1",20.075,20.121,20.098
2021-02-10,MXN=,"OPEN_PRC,HIGH_1,LOW_1,BID,ASK,TRDPRC_1,TRDVOL_1",20.021,20.067,20.044
2021-02-11,MXN=,"OPEN_PRC,HIGH_1,LOW_1,BID,ASK,TRDPRC_1,TRDVOL_1",19.943,19.984,19.963500000000003
2021-02-12,MXN=,"OPEN_PRC,HIGH_1,LOW_1,BID,ASK,TRDPRC_1,TRDVOL_1",19.93,19.97,19.95
2021-02-15,MXN=,"OPEN_PRC,HIGH_1,LOW_1,BID,ASK,TRDPRC_1,TRDVOL_1",19.95,19.98,19.965
2021-02-16,MXN=,"OPEN_PRC,HIGH_1,LOW_1,BID,ASK,TRDPRC_1,TRDVOL_1",20.133,20.1601,20.146549999999998
2021-02-17,MXN=,"OPEN_PRC,HIGH_1,LOW_1,BID,ASK,TRDPRC_1,TRDVOL_1",20.207,20.252,20.2295
2021-02-18,MXN=,"OPEN_PRC,HIGH_1,LOW_1,BID,ASK,TRDPRC_1,TRDVOL_1",20.289,20.331,20.310000000000002
2021-02-19,MXN=,"OPEN_PRC,HIGH_1,LOW_1,BID,ASK,TRDPRC_1,TRDVOL_1",20.425,20.444,20.4345
2021-02-22,MXN=,"OPEN_PRC,HIGH_1,LOW_1,BID,ASK,TRDPRC_1,TRDVOL_1",20.714,20.749,20.731499999999997
2021-02-23,MXN=,"OPEN_PRC,HIGH_1,LOW_1,BID,ASK,TRDPRC_1,TRDVOL_1",20.5,20.528,20.514
2021-02-24,MXN=,"OPEN_PRC,HIGH_1,LOW_1,BID,ASK,TRDPRC_1,TRDVOL_1",20.359,20.394,20.3765
2021-02-25,MXN=,"OPEN_PRC,HIGH_1,LOW_1,BID,ASK,TRDPRC_1,TRDVOL_1",20.836,20.87,20.853
2021-02-26,MXN=,"OPEN_PRC,HIGH_1,LOW_1,BID,ASK,TRDPRC_1,TRDVOL_1",20.848,20.862,20.854999999999997
2021-03-01,MXN=,"OPEN_PRC,HIGH_1,LOW_1,BID,ASK,TRDPRC_1,TRDVOL_1",20.64,20.675,20.6575
2021-03-02,MXN=,"OPEN_PRC,HIGH_1,LOW_1,BID,ASK,TRDPRC_1,TRDVOL_1",20.596,20.626,20.611
2021-03-03,MXN=,"OPEN_PRC,HIGH_1,LOW_1,BID,ASK,TRDPRC_1,TRDVOL_1",20.935,20.957,20.945999999999998
2021-03-04,MXN=,"OPEN_PRC,HIGH_1,LOW_1,BID,ASK,TRDPRC_1,TRDVOL_1",21.118,21.135,21.1265
2021-03-05,MXN=,"OPEN_PRC,HIGH_1,LOW_1,BID,ASK,TRDPRC_1,TRDVOL_1",21.301,21.333,21.317
2021-03-08,MXN=,"OPEN_PRC,HIGH_1,LOW_1,BID,ASK,TRDPRC_1,TRDVOL_1",21.509,21.527,21.518
2021-03-09,MXN=,"OPEN_PRC,HIGH_1,LOW_1,BID,ASK,TRDPRC_1,TRDVOL_1",21.188,21.206,21.197
2021-03-10,MXN=,"OPEN_PRC,HIGH_1,LOW_1,BID,ASK,TRDPRC_1,TRDVOL_1",20.872,20.899,20.8855
2021-03-11,MXN=,"OPEN_PRC,HIGH_1,LOW_1,BID,ASK,TRDPRC_1,TRDVOL_1",20.598,20.618,20.607999999999997
2021-03-12,MXN=,"OPEN_PRC,HIGH_1,LOW_1,BID,ASK,TRDPRC_1,TRDVOL_1",20.725,20.741,20.733
2021-03-15,MXN=,"OPEN_PRC,HIGH_1,LOW_1,BID,ASK,TRDPRC_1,TRDVOL_1",20.631,20.666,20.6485
2021-03-16,MXN=,"OPEN_PRC,HIGH_1,LOW_1,BID,ASK,TRDPRC_1,TRDVOL_1",20.6213,20.6225,20.6219
2021-03-17,MXN=,"OPEN_PRC,HIGH_1,LOW_1,BID,ASK,TRDPRC_1,TRDVOL_1",20.388,20.413,20.4005
2021-03-18,MXN=,"OPEN_PRC,HIGH_1,LOW_1,BID,ASK,TRDPRC_1,TRDVOL_1",20.471,20.5,20.485500000000002
2021-03-19,MXN=,"OPEN_PRC,HIGH_1,LOW_1,BID,ASK,TRDPRC_1,TRDVOL_1",20.494,20.519,20.5065
2021-03-22,MXN=,"OPEN_PRC,HIGH_1,LOW_1,BID,ASK,TRDPRC_1,TRDVOL_1",20.555,20.59,20.572499999999998
2021-03-23,MXN=,"OPEN_PRC,HIGH_1,LOW_1,BID,ASK,TRDPRC_1,TRDVOL_1",20.831,20.866,20.8485
2021-03-24,MXN=,"OPEN_PRC,HIGH_1,LOW_1,BID,ASK,TRDPRC_1,TRDVOL_1",20.921,20.955,20.938
2021-03-25,MXN=,"OPEN_PRC,HIGH_1,LOW_1,BID,ASK,TRDPRC_1,TRDVOL_1",20.675,20.693,20.684
2021-03-26,MXN=,"OPEN_PRC,HIGH_1,LOW_1,BID,ASK,TRDPRC_1,TRDVOL_1",20.58,20.607,20.5935
2021-03-29,MXN=,"OPEN_PRC,HIGH_1,LOW_1,BID,ASK,TRDPRC_1,TRDVOL_1",20.6081,20.6093,20.6087
2021-03-30,MXN=,"OPEN_PRC,HIGH_1,LOW_1,BID,ASK,TRDPRC_1,TRDVOL_1",20.57,20.605,20.5875
2021-03-31,MXN=,"OPEN_PRC,HIGH_1,LOW_1,BID,ASK,TRDPRC_1,TRDVOL_1",20.422,20.456,20.439
2021-04-01,MXN=,"OPEN_PRC,HIGH_1,LOW_1,BID,ASK,TRDPRC_1,TRDVOL_1",20.275,20.319,20.296999999999997
2021-04-02,MXN=,"OPEN_PRC,HIGH_1,LOW_1,BID,ASK,TRDPRC_1,TRDVOL_1",20.295,20.325,20.310000000000002
2021-04-05,MXN=,"OPEN_PRC,HIGH_1,LOW_1,BID,ASK,TRDPRC_1,TRDVOL_1",20.3,20.324,20.312
2021-04-06,MXN=,"OPEN_PRC,HIGH_1,LOW_1,BID,ASK,TRDPRC_1,TRDVOL_1",20.1656,20.1668,20.1662
2021-04-07,MXN=,"OPEN_PRC,HIGH_1,LOW_1,BID,ASK,TRDPRC_1,TRDVOL_1",20.2054,20.2066,20.206000000000003
2021-04-08,MXN=,"OPEN_PRC,HIGH_1,LOW_1,BID,ASK,TRDPRC_1,TRDVOL_1",20.086,20.106,20.096
2021-04-09,MXN=,"OPEN_PRC,HIGH_1,LOW_1,BID,ASK,TRDPRC_1,TRDVOL_1",20.146,20.179,20.1625
2021-04-12,MXN=,"OPEN_PRC,HIGH_1,LOW_1,BID,ASK,TRDPRC_1,TRDVOL_1",20.128,20.153,20.1405
2021-04-13,MXN=,"OPEN_PRC,HIGH_1,LOW_1,BID,ASK,TRDPRC_1,TRDVOL_1",20.0843,20.0855,20.084899999999998
2021-04-14,MXN=,"OPEN_PRC,HIGH_1,LOW_1,BID,ASK,TRDPRC_1,TRDVOL_1",20.061,20.085,20.073
2021-04-15,MXN=,"OPEN_PRC,HIGH_1,LOW_1,BID,ASK,TRDPRC_1,TRDVOL_1",19.934,19.951,19.942500000000003
2021-04-16,MXN=,"OPEN_PRC,HIGH_1,LOW_1,BID,ASK,TRDPRC_1,TRDVOL_1",19.915,19.949,19.932000000000002
2021-04-19,MXN=,"OPEN_PRC,HIGH_1,LOW_1,BID,ASK,TRDPRC_1,TRDVOL_1",19.813,19.825,19.819
2021-04-20,MXN=,"OPEN_PRC,HIGH_1,LOW_1,BID,ASK,TRDPRC_1,TRDVOL_1",19.96,19.985,19.9725
2021-04-21,MXN=,"OPEN_PRC,HIGH_1,LOW_1,BID,ASK,TRDPRC_1,TRDVOL_1",19.873,19.894,19.883499999999998
2021-04-22,MXN=,"OPEN_PRC,HIGH_1,LOW_1,BID,ASK,TRDPRC_1,TRDVOL_1",19.914,19.948,19.931
2021-04-23,MXN=,"OPEN_PRC,HIGH_1,LOW_1,BID,ASK,TRDPRC_1,TRDVOL_1",19.815,19.851,19.833
2021-04-26,MXN=,"OPEN_PRC,HIGH_1,LOW_1,BID,ASK,TRDPRC_1,TRDVOL_1",19.85,19.867,19.8585
2021-04-27,MXN=,"OPEN_PRC,HIGH_1,LOW_1,BID,ASK,TRDPRC_1,TRDVOL_1",20.04,20.07,20.055
2021-04-28,MXN=,"OPEN_PRC,HIGH_1,LOW_1,BID,ASK,TRDPRC_1,TRDVOL_1",19.901,19.931,19.916
2021-04-29,MXN=,"OPEN_PRC,HIGH_1,LOW_1,BID,ASK,TRDPRC_1,TRDVOL_1",20.04,20.064,20.052
2021-04-30,MXN=,"OPEN_PRC,HIGH_1,LOW_1,BID,ASK,TRDPRC_1,TRDVOL_1",20.226,20.257,20.241500000000002
2021-05-03,MXN=,"OPEN_PRC,HIGH_1,LOW_1,BID,ASK,TRDPRC_1,TRDVOL_1",20.161,20.193,20.177
2021-05-04,MXN=,"OPEN_PRC,HIGH_1,LOW_1,BID,ASK,TRDPRC_1,TRDVOL_1",20.18,20.226,20.203
2021-05-05,MXN=,"OPEN_PRC,HIGH_1,LOW_1,BID,ASK,TRDPRC_1,TRDVOL_1",20.244,20.284,20.264
2021-05-06,MXN=,"OPEN_PRC,HIGH_1,LOW_1,BID,ASK,TRDPRC_1,TRDVOL_1",20.058,20.105,20.0815
2021-05-07,MXN=,"OPEN_PRC,HIGH_1,LOW_1,BID,ASK,TRDPRC_1,TRDVOL_1",19.9,19.949,19.924500000000002
2021-05-10,MXN=,"OPEN_PRC,HIGH_1,LOW_1,BID,ASK,TRDPRC_1,TRDVOL_1",19.922,19.944,19.933
2021-05-11,MXN=,"OPEN_PRC,HIGH_1,LOW_1,BID,ASK,TRDPRC_1,TRDVOL_1",19.949,19.985,19.967
2021-05-12,MXN=,"OPEN_PRC,HIGH_1,LOW_1,BID,ASK,TRDPRC_1,TRDVOL_1",20.156,20.18,20.168
2021-05-13,MXN=,"OPEN_PRC,HIGH_1,LOW_1,BID,ASK,TRDPRC_1,TRDVOL_1",19.925,19.948,19.936500000000002
2021-05-14,MXN=,"OPEN_PRC,HIGH_1,LOW_1,BID,ASK,TRDPRC_1,TRDVOL_1",19.857,19.88,19.868499999999997
2021-05-17,MXN=,"OPEN_PRC,HIGH_1,LOW_1,BID,ASK,TRDPRC_1,TRDVOL_1",19.769,19.799,19.784
2021-05-18,MXN=,"OPEN_PRC,HIGH_1,LOW_1,BID,ASK,TRDPRC_1,TRDVOL_1",19.832,19.844,19.838
2021-05-19,MXN=,"OPEN_PRC,HIGH_1,LOW_1,BID,ASK,TRDPRC_1,TRDVOL_1",19.917,19.94,19.9285
2021-05-20,MXN=,"OPEN_PRC,HIGH_1,LOW_1,BID,ASK,TRDPRC_1,TRDVOL_1",19.8611,19.8716,19.86635
2021-05-21,MXN=,"OPEN_PRC,HIGH_1,LOW_1,BID,ASK,TRDPRC_1,TRDVOL_1",19.932,19.957,19.944499999999998
2021-05-24,MXN=,"OPEN_PRC,HIGH_1,LOW_1,BID,ASK,TRDPRC_1,TRDVOL_1",19.85,19.868,19.859
2021-05-25,MXN=,"OPEN_PRC,HIGH_1,LOW_1,BID,ASK,TRDPRC_1,TRDVOL_1",19.914,19.924,19.919
2021-05-26,MXN=,"OPEN_PRC,HIGH_1,LOW_1,BID,ASK,TRDPRC_1,TRDVOL_1",19.867,19.874,19.8705
2021-05-27,MXN=,"OPEN_PRC,HIGH_1,LOW_1,BID,ASK,TRDPRC_1,TRDVOL_1",19.941,19.9531,19.947049999999997
2021-05-28,MXN=,"OPEN_PRC,HIGH_1,LOW_1,BID,ASK,TRDPRC_1,TRDVOL_1",19.905,19.939,19.922
2021-05-31,MXN=,"OPEN_PRC,HIGH_1,LOW_1,BID,ASK,TRDPRC_1,TRDVOL_1",19.9461,19.96,19.95305
2021-06-01,MXN=,"OPEN_PRC,HIGH_1,LOW_1,BID,ASK,TRDPRC_1,TRDVOL_1",19.964,19.987,19.975499999999997
2021-06-02,MXN=,"OPEN_PRC,HIGH_1,LOW_1,BID,ASK,TRDPRC_1,TRDVOL_1",19.886,19.91,19.898
2021-06-03,MXN=,"OPEN_PRC,HIGH_1,LOW_1,BID,ASK,TRDPRC_1,TRDVOL_1",20.154,20.175,20.1645
2021-06-04,MXN=,"OPEN_PRC,HIGH_1,LOW_1,BID,ASK,TRDPRC_1,TRDVOL_1",19.958,19.971,19.9645
2021-06-07,MXN=,"OPEN_PRC,HIGH_1,LOW_1,BID,ASK,TRDPRC_1,TRDVOL_1",19.7991,19.8096,19.80435
2021-06-08,MXN=,"OPEN_PRC,HIGH_1,LOW_1,BID,ASK,TRDPRC_1,TRDVOL_1",19.694,19.714,19.704
2021-06-09,MXN=,"OPEN_PRC,HIGH_1,LOW_1,BID,ASK,TRDPRC_1,TRDVOL_1",19.7315,19.7415,19.7365
2021-06-10,MXN=,"OPEN_PRC,HIGH_1,LOW_1,BID,ASK,TRDPRC_1,TRDVOL_1",19.679,19.702,19.6905
2021-06-11,MXN=,"OPEN_PRC,HIGH_1,LOW_1,BID,ASK,TRDPRC_1,TRDVOL_1",19.8775,19.899,19.88825
2021-06-14,MXN=,"OPEN_PRC,HIGH_1,LOW_1,BID,ASK,TRDPRC_1,TRDVOL_1",19.948,19.983,19.9655
2021-06-15,MXN=,"OPEN_PRC,HIGH_1,LOW_1,BID,ASK,TRDPRC_1,TRDVOL_1",20.005,20.038,20.0215
2021-06-16,MXN=,"OPEN_PRC,HIGH_1,LOW_1,BID,ASK,TRDPRC_1,TRDVOL_1",20.402,20.416,20.409
2021-06-17,MXN=,"OPEN_PRC,HIGH_1,LOW_1,BID,ASK,TRDPRC_1,TRDVOL_1",20.413,20.44,20.4265
2021-06-18,MXN=,"OPEN_PRC,HIGH_1,LOW_1,BID,ASK,TRDPRC_1,TRDVOL_1",20.658,20.694,20.676000000000002
2021-06-21,MXN=,"OPEN_PRC,HIGH_1,LOW_1,BID,ASK,TRDPRC_1,TRDVOL_1",20.4749,20.5062,20.49055
2021-06-22,MXN=,"OPEN_PRC,HIGH_1,LOW_1,BID,ASK,TRDPRC_1,TRDVOL_1",20.335,20.366,20.3505
2021-06-23,MXN=,"OPEN_PRC,HIGH_1,LOW_1,BID,ASK,TRDPRC_1,TRDVOL_1",20.165,20.22,20.1925
2021-06-24,MXN=,"OPEN_PRC,HIGH_1,LOW_1,BID,ASK,TRDPRC_1,TRDVOL_1",19.8505,19.8785,19.8645
2021-06-25,MXN=,"OPEN_PRC,HIGH_1,LOW_1,BID,ASK,TRDPRC_1,TRDVOL_1",19.809,19.842,19.825499999999998
2021-06-28,MXN=,"OPEN_PRC,HIGH_1,LOW_1,BID,ASK,TRDPRC_1,TRDVOL_1",19.8199,19.8304,19.82515
2021-06-29,MXN=,"OPEN_PRC,HIGH_1,LOW_1,BID,ASK,TRDPRC_1,TRDVOL_1",19.803,19.832,19.817500000000003
2021-06-30,MXN=,"OPEN_PRC,HIGH_1,LOW_1,BID,ASK,TRDPRC_1,TRDVOL_1",19.931,19.959,19.945
2021-07-01,MXN=,"OPEN_PRC,HIGH_1,LOW_1,BID,ASK,TRDPRC_1,TRDVOL_1",19.986,20.012,19.999000000000002
2021-07-02,MXN=,"OPEN_PRC,HIGH_1,LOW_1,BID,ASK,TRDPRC_1,TRDVOL_1",19.758,19.791,19.7745
2021-07-05,MXN=,"OPEN_PRC,HIGH_1,LOW_1,BID,ASK,TRDPRC_1,TRDVOL_1",19.8481,19.8586,19.85335
2021-07-06,MXN=,"OPEN_PRC,HIGH_1,LOW_1,BID,ASK,TRDPRC_1,TRDVOL_1",20.011,20.023,20.017
2021-07-07,MXN=,"OPEN_PRC,HIGH_1,LOW_1,BID,ASK,TRDPRC_1,TRDVOL_1",19.923,19.971,19.947
2021-07-08,MXN=,"OPEN_PRC,HIGH_1,LOW_1,BID,ASK,TRDPRC_1,TRDVOL_1",19.994,20.017,20.005499999999998
2021-07-09,MXN=,"OPEN_PRC,HIGH_1,LOW_1,BID,ASK,TRDPRC_1,TRDVOL_1",19.849,19.884,19.866500000000002
2021-07-12,MXN=,"OPEN_PRC,HIGH_1,LOW_1,BID,ASK,TRDPRC_1,TRDVOL_1",19.8453,19.8558,19.85055
2021-07-13,MXN=,"OPEN_PRC,HIGH_1,LOW_1,BID,ASK,TRDPRC_1,TRDVOL_1",20.054,20.067,20.060499999999998
2021-07-14,MXN=,"OPEN_PRC,HIGH_1,LOW_1,BID,ASK,TRDPRC_1,TRDVOL_1",19.8669,19.8952,19.881050000000002
2021-07-15,MXN=,"OPEN_PRC,HIGH_1,LOW_1,BID,ASK,TRDPRC_1,TRDVOL_1",19.935,19.96,19.947499999999998
2021-07-16,MXN=,"OPEN_PRC,HIGH_1,LOW_1,BID,ASK,TRDPRC_1,TRDVOL_1",19.875,19.91,19.8925
2021-07-19,MXN=,"OPEN_PRC,HIGH_1,LOW_1,BID,ASK,TRDPRC_1,TRDVOL_1",20.071,20.09,20.0805
2021-07-20,MXN=,"OPEN_PRC,HIGH_1,LOW_1,BID,ASK,TRDPRC_1,TRDVOL_1",20.1389,20.1732,20.15605
2021-07-21,MXN=,"OPEN_PRC,HIGH_1,LOW_1,BID,ASK,TRDPRC_1,TRDVOL_1",20.131,20.158,20.1445
2021-07-22,MXN=,"OPEN_PRC,HIGH_1,LOW_1,BID,ASK,TRDPRC_1,TRDVOL_1",20.105,20.141,20.122999999999998
2021-07-23,MXN=,"OPEN_PRC,HIGH_1,LOW_1,BID,ASK,TRDPRC_1,TRDVOL_1",20.042,20.0608,20.0514
2021-07-26,MXN=,"OPEN_PRC,HIGH_1,LOW_1,BID,ASK,TRDPRC_1,TRDVOL_1",20.027,20.054,20.0405
2021-07-27,MXN=,"OPEN_PRC,HIGH_1,LOW_1,BID,ASK,TRDPRC_1,TRDVOL_1",19.971,19.989,19.98
2021-07-28,MXN=,"OPEN_PRC,HIGH_1,LOW_1,BID,ASK,TRDPRC_1,TRDVOL_1",19.906,19.926,19.915999999999997
2021-07-29,MXN=,"OPEN_PRC,HIGH_1,LOW_1,BID,ASK,TRDPRC_1,TRDVOL_1",19.838,19.87,19.854
2021-07-30,MXN=,"OPEN_PRC,HIGH_1,LOW_1,BID,ASK,TRDPRC_1,TRDVOL_1",19.855,19.893,19.874000000000002
2021-08-02,MXN=,"OPEN_PRC,HIGH_1,LOW_1,BID,ASK,TRDPRC_1,TRDVOL_1",19.896,19.924,19.91
2021-08-03,MXN=,"OPEN_PRC,HIGH_1,LOW_1,BID,ASK,TRDPRC_1,TRDVOL_1",19.87,19.906,19.887999999999998
2021-08-04,MXN=,"OPEN_PRC,HIGH_1,LOW_1,BID,ASK,TRDPRC_1,TRDVOL_1",19.98,19.988,19.984
2021-08-05,MXN=,"OPEN_PRC,HIGH_1,LOW_1,BID,ASK,TRDPRC_1,TRDVOL_1",19.914,19.945,19.9295
2021-08-06,MXN=,"OPEN_PRC,HIGH_1,LOW_1,BID,ASK,TRDPRC_1,TRDVOL_1",20.024,20.059,20.0415
2021-08-09,MXN=,"OPEN_PRC,HIGH_1,LOW_1,BID,ASK,TRDPRC_1,TRDVOL_1",20.066,20.084,20.075
2021-08-10,MXN=,"OPEN_PRC,HIGH_1,LOW_1,BID,ASK,TRDPRC_1,TRDVOL_1",20.082,20.1,20.091
2021-08-11,MXN=,"OPEN_PRC,HIGH_1,LOW_1,BID,ASK,TRDPRC_1,TRDVOL_1",19.915,19.937,19.926000000000002
2021-08-12,MXN=,"OPEN_PRC,HIGH_1,LOW_1,BID,ASK,TRDPRC_1,TRDVOL_1",19.946,19.979,19.9625
2021-08-13,MXN=,"OPEN_PRC,HIGH_1,LOW_1,BID,ASK,TRDPRC_1,TRDVOL_1",19.859,19.904,19.881500000000003
2021-08-16,MXN=,"OPEN_PRC,HIGH_1,LOW_1,BID,ASK,TRDPRC_1,TRDVOL_1",19.886,19.921,19.9035
2021-08-17,MXN=,"OPEN_PRC,HIGH_1,LOW_1,BID,ASK,TRDPRC_1,TRDVOL_1",19.997,20.024,20.0105
2021-08-18,MXN=,"OPEN_PRC,HIGH_1,LOW_1,BID,ASK,TRDPRC_1,TRDVOL_1",20.0425,20.053,20.04775
2021-08-19,MXN=,"OPEN_PRC,HIGH_1,LOW_1,BID,ASK,TRDPRC_1,TRDVOL_1",20.152,20.173,20.1625
2021-08-20,MXN=,"OPEN_PRC,HIGH_1,LOW_1,BID,ASK,TRDPRC_1,TRDVOL_1",20.347,20.363,20.355
2021-08-23,MXN=,"OPEN_PRC,HIGH_1,LOW_1,BID,ASK,TRDPRC_1,TRDVOL_1",20.301,20.336,20.3185
2021-08-24,MXN=,"OPEN_PRC,HIGH_1,LOW_1,BID,ASK,TRDPRC_1,TRDVOL_1",20.2,20.229,20.2145
2021-08-25,MXN=,"OPEN_PRC,HIGH_1,LOW_1,BID,ASK,TRDPRC_1,TRDVOL_1",20.215,20.249,20.232
2021-08-26,MXN=,"OPEN_PRC,HIGH_1,LOW_1,BID,ASK,TRDPRC_1,TRDVOL_1",20.351,20.374,20.362499999999997
2021-08-27,MXN=,"OPEN_PRC,HIGH_1,LOW_1,BID,ASK,TRDPRC_1,TRDVOL_1",20.1922,20.2027,20.19745
2021-08-30,MXN=,"OPEN_PRC,HIGH_1,LOW_1,BID,ASK,TRDPRC_1,TRDVOL_1",20.1301,20.1506,20.140349999999998
2021-08-31,MXN=,"OPEN_PRC,HIGH_1,LOW_1,BID,ASK,TRDPRC_1,TRDVOL_1",20.063,20.082,20.072499999999998
2021-09-01,MXN=,"OPEN_PRC,HIGH_1,LOW_1,BID,ASK,TRDPRC_1,TRDVOL_1",19.982,20.009,19.9955
2021-09-02,MXN=,"OPEN_PRC,HIGH_1,LOW_1,BID,ASK,TRDPRC_1,TRDVOL_1",19.9557,19.9662,19.96095
2021-09-03,MXN=,"OPEN_PRC,HIGH_1,LOW_1,BID,ASK,TRDPRC_1,TRDVOL_1",19.915,19.938,19.926499999999997
2021-09-06,MXN=,"OPEN_PRC,HIGH_1,LOW_1,BID,ASK,TRDPRC_1,TRDVOL_1",19.909,19.925,19.917
2021-09-07,MXN=,"OPEN_PRC,HIGH_1,LOW_1,BID,ASK,TRDPRC_1,TRDVOL_1",19.922,19.954,19.938000000000002
2021-09-08,MXN=,"OPEN_PRC,HIGH_1,LOW_1,BID,ASK,TRDPRC_1,TRDVOL_1",19.931,19.95,19.9405
2021-09-09,MXN=,"OPEN_PRC,HIGH_1,LOW_1,BID,ASK,TRDPRC_1,TRDVOL_1",19.917,19.949,19.933
2021-09-10,MXN=,"OPEN_PRC,HIGH_1,LOW_1,BID,ASK,TRDPRC_1,TRDVOL_1",19.881,19.898,19.889499999999998
2021-09-13,MXN=,"OPEN_PRC,HIGH_1,LOW_1,BID,ASK,TRDPRC_1,TRDVOL_1",19.865,19.876,19.8705
2021-09-14,MXN=,"OPEN_PRC,HIGH_1,LOW_1,BID,ASK,TRDPRC_1,TRDVOL_1",19.903,19.924,19.9135
2021-09-15,MXN=,"OPEN_PRC,HIGH_1,LOW_1,BID,ASK,TRDPRC_1,TRDVOL_1",19.854,19.881,19.8675
2021-09-16,MXN=,"OPEN_PRC,HIGH_1,LOW_1,BID,ASK,TRDPRC_1,TRDVOL_1",19.931,19.9445,19.93775
2021-09-17,MXN=,"OPEN_PRC,HIGH_1,LOW_1,BID,ASK,TRDPRC_1,TRDVOL_1",20.0141,20.0246,20.01935
2021-09-20,MXN=,"OPEN_PRC,HIGH_1,LOW_1,BID,ASK,TRDPRC_1,TRDVOL_1",20.1376,20.1476,20.1426
2021-09-21,MXN=,"OPEN_PRC,HIGH_1,LOW_1,BID,ASK,TRDPRC_1,TRDVOL_1",20.128,20.142,20.134999999999998
2021-09-22,MXN=,"OPEN_PRC,HIGH_1,LOW_1,BID,ASK,TRDPRC_1,TRDVOL_1",20.0831,20.0936,20.08835
2021-09-23,MXN=,"OPEN_PRC,HIGH_1,LOW_1,BID,ASK,TRDPRC_1,TRDVOL_1",20.0431,20.0536,20.04835
2021-09-24,MXN=,"OPEN_PRC,HIGH_1,LOW_1,BID,ASK,TRDPRC_1,TRDVOL_1",20.04,20.072,20.055999999999997
2021-09-27,MXN=,"OPEN_PRC,HIGH_1,LOW_1,BID,ASK,TRDPRC_1,TRDVOL_1",20.093,20.126,20.1095
2021-09-28,MXN=,"OPEN_PRC,HIGH_1,LOW_1,BID,ASK,TRDPRC_1,TRDVOL_1",20.3166,20.3464,20.3315
2021-09-29,MXN=,"OPEN_PRC,HIGH_1,LOW_1,BID,ASK,TRDPRC_1,TRDVOL_1",20.485,20.528,20.5065
2021-09-30,MXN=,"OPEN_PRC,HIGH_1,LOW_1,BID,ASK,TRDPRC_1,TRDVOL_1",20.63,20.653,20.6415
2021-10-01,MXN=,"OPEN_PRC,HIGH_1,LOW_1,BID,ASK,TRDPRC_1,TRDVOL_1",20.429,20.463,20.445999999999998
2021-10-04,MXN=,"OPEN_PRC,HIGH_1,LOW_1,BID,ASK,TRDPRC_1,TRDVOL_1",20.479,20.499,20.488999999999997
2021-10-05,MXN=,"OPEN_PRC,HIGH_1,LOW_1,BID,ASK,TRDPRC_1,TRDVOL_1",20.552,20.594,20.573
2021-10-06,MXN=,"OPEN_PRC,HIGH_1,LOW_1,BID,ASK,TRDPRC_1,TRDVOL_1",20.549,20.564,20.5565
2021-10-07,MXN=,"OPEN_PRC,HIGH_1,LOW_1,BID,ASK,TRDPRC_1,TRDVOL_1",20.643,20.677,20.66
2021-10-08,MXN=,"OPEN_PRC,HIGH_1,LOW_1,BID,ASK,TRDPRC_1,TRDVOL_1",20.689,20.734,20.7115
2021-10-11,MXN=,"OPEN_PRC,HIGH_1,LOW_1,BID,ASK,TRDPRC_1,TRDVOL_1",20.855,20.891,20.872999999999998
2021-10-12,MXN=,"OPEN_PRC,HIGH_1,LOW_1,BID,ASK,TRDPRC_1,TRDVOL_1",20.7752,20.7857,20.780450000000002
2021-10-13,MXN=,"OPEN_PRC,HIGH_1,LOW_1,BID,ASK,TRDPRC_1,TRDVOL_1",20.5475,20.558,20.55275
2021-10-14,MXN=,"OPEN_PRC,HIGH_1,LOW_1,BID,ASK,TRDPRC_1,TRDVOL_1",20.539,20.571,20.555
2021-10-15,MXN=,"OPEN_PRC,HIGH_1,LOW_1,BID,ASK,TRDPRC_1,TRDVOL_1",20.329,20.349,20.339
2021-10-18,MXN=,"OPEN_PRC,HIGH_1,LOW_1,BID,ASK,TRDPRC_1,TRDVOL_1",20.4036,20.417,20.4103
2021-10-19,MXN=,"OPEN_PRC,HIGH_1,LOW_1,BID,ASK,TRDPRC_1,TRDVOL_1",20.227,20.254,20.2405
2021-10-20,MXN=,"OPEN_PRC,HIGH_1,LOW_1,BID,ASK,TRDPRC_1,TRDVOL_1",20.1972,20.22,20.208599999999997
2021-10-21,MXN=,"OPEN_PRC,HIGH_1,LOW_1,BID,ASK,TRDPRC_1,TRDVOL_1",20.293,20.316,20.304499999999997
2021-10-22,MXN=,"OPEN_PRC,HIGH_1,LOW_1,BID,ASK,TRDPRC_1,TRDVOL_1",20.165,20.199,20.182000000000002
2021-10-25,MXN=,"OPEN_PRC,HIGH_1,LOW_1,BID,ASK,TRDPRC_1,TRDVOL_1",20.153,20.185,20.168999999999997
2021-10-26,MXN=,"OPEN_PRC,HIGH_1,LOW_1,BID,ASK,TRDPRC_1,TRDVOL_1",20.2,20.23,20.215
2021-10-27,MXN=,"OPEN_PRC,HIGH_1,LOW_1,BID,ASK,TRDPRC_1,TRDVOL_1",20.301,20.327,20.314
2021-10-28,MXN=,"OPEN_PRC,HIGH_1,LOW_1,BID,ASK,TRDPRC_1,TRDVOL_1",20.365,20.388,20.3765
2021-10-29,MXN=,"OPEN_PRC,HIGH_1,LOW_1,BID,ASK,TRDPRC_1,TRDVOL_1",20.545,20.561,20.553
2021-11-01,MXN=,"OPEN_PRC,HIGH_1,LOW_1,BID,ASK,TRDPRC_1,TRDVOL_1",20.831,20.859,20.845
2021-11-02,MXN=,"OPEN_PRC,HIGH_1,LOW_1,BID,ASK,TRDPRC_1,TRDVOL_1",20.777,20.807,20.792
2021-11-03,MXN=,"OPEN_PRC,HIGH_1,LOW_1,BID,ASK,TRDPRC_1,TRDVOL_1",20.53,20.55,20.54
2021-11-04,MXN=,"OPEN_PRC,HIGH_1,LOW_1,BID,ASK,TRDPRC_1,TRDVOL_1",20.5382,20.5482,20.5432
2021-11-05,MXN=,"OPEN_PRC,HIGH_1,LOW_1,BID,ASK,TRDPRC_1,TRDVOL_1",20.317,20.365,20.341
2021-11-08,MXN=,"OPEN_PRC,HIGH_1,LOW_1,BID,ASK,TRDPRC_1,TRDVOL_1",20.32,20.35,20.335
2021-11-09,MXN=,"OPEN_PRC,HIGH_1,LOW_1,BID,ASK,TRDPRC_1,TRDVOL_1",20.301,20.336,20.3185
2021-11-10,MXN=,"OPEN_PRC,HIGH_1,LOW_1,BID,ASK,TRDPRC_1,TRDVOL_1",20.621,20.656,20.6385
2021-11-11,MXN=,"OPEN_PRC,HIGH_1,LOW_1,BID,ASK,TRDPRC_1,TRDVOL_1",20.6328,20.659,20.645899999999997
2021-11-12,MXN=,"OPEN_PRC,HIGH_1,LOW_1,BID,ASK,TRDPRC_1,TRDVOL_1",20.509,20.531,20.52
2021-11-15,MXN=,"OPEN_PRC,HIGH_1,LOW_1,BID,ASK,TRDPRC_1,TRDVOL_1",20.603,20.628,20.6155
2021-11-16,MXN=,"OPEN_PRC,HIGH_1,LOW_1,BID,ASK,TRDPRC_1,TRDVOL_1",20.7216,20.7521,20.736849999999997
2021-11-17,MXN=,"OPEN_PRC,HIGH_1,LOW_1,BID,ASK,TRDPRC_1,TRDVOL_1",20.64,20.663,20.6515
2021-11-18,MXN=,"OPEN_PRC,HIGH_1,LOW_1,BID,ASK,TRDPRC_1,TRDVOL_1",20.765,20.798,20.7815
2021-11-19,MXN=,"OPEN_PRC,HIGH_1,LOW_1,BID,ASK,TRDPRC_1,TRDVOL_1",20.824,20.859,20.841500000000003
2021-11-22,MXN=,"OPEN_PRC,HIGH_1,LOW_1,BID,ASK,TRDPRC_1,TRDVOL_1",20.985,21.02,21.002499999999998
2021-11-23,MXN=,"OPEN_PRC,HIGH_1,LOW_1,BID,ASK,TRDPRC_1,TRDVOL_1",21.1758,21.2063,21.191049999999997
2021-11-24,MXN=,"OPEN_PRC,HIGH_1,LOW_1,BID,ASK,TRDPRC_1,TRDVOL_1",21.409,21.444,21.426499999999997
2021-11-25,MXN=,"OPEN_PRC,HIGH_1,LOW_1,BID,ASK,TRDPRC_1,TRDVOL_1",21.5575,21.5675,21.5625
2021-11-26,MXN=,"OPEN_PRC,HIGH_1,LOW_1,BID,ASK,TRDPRC_1,TRDVOL_1",21.91,21.925,21.9175
2021-11-29,MXN=,"OPEN_PRC,HIGH_1,LOW_1,BID,ASK,TRDPRC_1,TRDVOL_1",21.6686,21.6791,21.67385
2021-11-30,MXN=,"OPEN_PRC,HIGH_1,LOW_1,BID,ASK,TRDPRC_1,TRDVOL_1",21.4368,21.4573,21.44705
2021-12-01,MXN=,"OPEN_PRC,HIGH_1,LOW_1,BID,ASK,TRDPRC_1,TRDVOL_1",21.5016,21.5321,21.516849999999998
2021-12-02,MXN=,"OPEN_PRC,HIGH_1,LOW_1,BID,ASK,TRDPRC_1,TRDVOL_1",21.248,21.282,21.265
2021-12-03,MXN=,"OPEN_PRC,HIGH_1,LOW_1,BID,ASK,TRDPRC_1,TRDVOL_1",21.264,21.282,21.273
2021-12-06,MXN=,"OPEN_PRC,HIGH_1,LOW_1,BID,ASK,TRDPRC_1,TRDVOL_1",21.207,21.24,21.2235
2021-12-07,MXN=,"OPEN_PRC,HIGH_1,LOW_1,BID,ASK,TRDPRC_1,TRDVOL_1",21.022,21.049,21.0355
2021-12-08,MXN=,"OPEN_PRC,HIGH_1,LOW_1,BID,ASK,TRDPRC_1,TRDVOL_1",20.921,20.949,20.935000000000002
2021-12-09,MXN=,"OPEN_PRC,HIGH_1,LOW_1,BID,ASK,TRDPRC_1,TRDVOL_1",20.937,20.955,20.945999999999998
2021-12-10,MXN=,"OPEN_PRC,HIGH_1,LOW_1,BID,ASK,TRDPRC_1,TRDVOL_1",20.866,20.898,20.881999999999998
2021-12-13,MXN=,"OPEN_PRC,HIGH_1,LOW_1,BID,ASK,TRDPRC_1,TRDVOL_1",21.01,21.03,21.020000000000003
2021-12-14,MXN=,"OPEN_PRC,HIGH_1,LOW_1,BID,ASK,TRDPRC_1,TRDVOL_1",21.22,21.255,21.237499999999997
2021-12-15,MXN=,"OPEN_PRC,HIGH_1,LOW_1,BID,ASK,TRDPRC_1,TRDVOL_1",21.0071,21.0176,21.01235
2021-12-16,MXN=,"OPEN_PRC,HIGH_1,LOW_1,BID,ASK,TRDPRC_1,TRDVOL_1",20.805,20.839,20.822
2021-12-17,MXN=,"OPEN_PRC,HIGH_1,LOW_1,BID,ASK,TRDPRC_1,TRDVOL_1",20.833,20.856,20.8445
2021-12-20,MXN=,"OPEN_PRC,HIGH_1,LOW_1,BID,ASK,TRDPRC_1,TRDVOL_1",20.774,20.8,20.787
2021-12-21,MXN=,"OPEN_PRC,HIGH_1,LOW_1,BID,ASK,TRDPRC_1,TRDVOL_1",20.801,20.8342,20.8176
2021-12-22,MXN=,"OPEN_PRC,HIGH_1,LOW_1,BID,ASK,TRDPRC_1,TRDVOL_1",20.695,20.728,20.7115
2021-12-23,MXN=,"OPEN_PRC,HIGH_1,LOW_1,BID,ASK,TRDPRC_1,TRDVOL_1",20.625,20.669,20.647
2021-12-24,MXN=,"OPEN_PRC,HIGH_1,LOW_1,BID,ASK,TRDPRC_1,TRDVOL_1",20.6,20.635,20.6175
2021-12-27,MXN=,"OPEN_PRC,HIGH_1,LOW_1,BID,ASK,TRDPRC_1,TRDVOL_1",20.672,20.705,20.688499999999998
2021-12-28,MXN=,"OPEN_PRC,HIGH_1,LOW_1,BID,ASK,TRDPRC_1,TRDVOL_1",20.642,20.674,20.658
2021-12-29,MXN=,"OPEN_PRC,HIGH_1,LOW_1,BID,ASK,TRDPRC_1,TRDVOL_1",20.559,20.591,20.575000000000003
2021-12-30,MXN=,"OPEN_PRC,HIGH_1,LOW_1,BID,ASK,TRDPRC_1,TRDVOL_1",20.4586,20.4691,20.46385
2021-12-31,MXN=,"OPEN_PRC,HIGH_1,LOW_1,BID,ASK,TRDPRC_1,TRDVOL_1",20.487,20.503,20.494999999999997
2022-01-03,MXN=,"OPEN_PRC,HIGH_1,LOW_1,BID,ASK,TRDPRC_1,TRDVOL_1",20.494,20.529,20.511499999999998
2022-01-04,MXN=,"OPEN_PRC,HIGH_1,LOW_1,BID,ASK,TRDPRC_1,TRDVOL_1",20.501,20.53,20.515500000000003
2022-01-05,MXN=,"OPEN_PRC,HIGH_1,LOW_1,BID,ASK,TRDPRC_1,TRDVOL_1",20.565,20.599,20.582
2022-01-06,MXN=,"OPEN_PRC,HIGH_1,LOW_1,BID,ASK,TRDPRC_1,TRDVOL_1",20.486,20.522,20.503999999999998
2022-01-07,MXN=,"OPEN_PRC,HIGH_1,LOW_1,BID,ASK,TRDPRC_1,TRDVOL_1",20.36,20.395,20.377499999999998
2022-01-10,MXN=,"OPEN_PRC,HIGH_1,LOW_1,BID,ASK,TRDPRC_1,TRDVOL_1",20.36,20.39,20.375
2022-01-11,MXN=,"OPEN_PRC,HIGH_1,LOW_1,BID,ASK,TRDPRC_1,TRDVOL_1",20.375,20.388,20.381500000000003
2022-01-12,MXN=,"OPEN_PRC,HIGH_1,LOW_1,BID,ASK,TRDPRC_1,TRDVOL_1",20.334,20.364,20.349
2022-01-13,MXN=,"OPEN_PRC,HIGH_1,LOW_1,BID,ASK,TRDPRC_1,TRDVOL_1",20.333,20.359,20.346
2022-01-14,MXN=,"OPEN_PRC,HIGH_1,LOW_1,BID,ASK,TRDPRC_1,TRDVOL_1",20.29,20.319,20.304499999999997
2022-01-17,MXN=,"OPEN_PRC,HIGH_1,LOW_1,BID,ASK,TRDPRC_1,TRDVOL_1",20.281,20.31,20.295499999999997
2022-01-18,MXN=,"OPEN_PRC,HIGH_1,LOW_1,BID,ASK,TRDPRC_1,TRDVOL_1",20.396,20.415,20.4055
2022-01-19,MXN=,"OPEN_PRC,HIGH_1,LOW_1,BID,ASK,TRDPRC_1,TRDVOL_1",20.502,20.529,20.5155
2022-01-20,MXN=,"OPEN_PRC,HIGH_1,LOW_1,BID,ASK,TRDPRC_1,TRDVOL_1",20.529,20.557,20.543
2022-01-21,MXN=,"OPEN_PRC,HIGH_1,LOW_1,BID,ASK,TRDPRC_1,TRDVOL_1",20.451,20.486,20.4685
2022-01-24,MXN=,"OPEN_PRC,HIGH_1,LOW_1,BID,ASK,TRDPRC_1,TRDVOL_1",20.561,20.593,20.576999999999998
2022-01-25,MXN=,"OPEN_PRC,HIGH_1,LOW_1,BID,ASK,TRDPRC_1,TRDVOL_1",20.6,20.635,20.6175
2022-01-26,MXN=,"OPEN_PRC,HIGH_1,LOW_1,BID,ASK,TRDPRC_1,TRDVOL_1",20.731,20.764,20.747500000000002
2022-01-27,MXN=,"OPEN_PRC,HIGH_1,LOW_1,BID,ASK,TRDPRC_1,TRDVOL_1",20.749,20.782,20.7655
2022-01-28,MXN=,"OPEN_PRC,HIGH_1,LOW_1,BID,ASK,TRDPRC_1,TRDVOL_1",20.789,20.825,20.807000000000002
2022-01-31,MXN=,"OPEN_PRC,HIGH_1,LOW_1,BID,ASK,TRDPRC_1,TRDVOL_1",20.625,20.643,20.634
2022-02-01,MXN=,"OPEN_PRC,HIGH_1,LOW_1,BID,ASK,TRDPRC_1,TRDVOL_1",20.53,20.565,20.5475
2022-02-02,MXN=,"OPEN_PRC,HIGH_1,LOW_1,BID,ASK,TRDPRC_1,TRDVOL_1",20.563,20.585,20.573999999999998
2022-02-03,MXN=,"OPEN_PRC,HIGH_1,LOW_1,BID,ASK,TRDPRC_1,TRDVOL_1",20.531,20.563,20.546999999999997
2022-02-04,MXN=,"OPEN_PRC,HIGH_1,LOW_1,BID,ASK,TRDPRC_1,TRDVOL_1",20.662,20.695,20.6785
2022-02-07,MXN=,"OPEN_PRC,HIGH_1,LOW_1,BID,ASK,TRDPRC_1,TRDVOL_1",20.578,20.61,20.594
2022-02-08,MXN=,"OPEN_PRC,HIGH_1,LOW_1,BID,ASK,TRDPRC_1,TRDVOL_1",20.598,20.629,20.613500000000002
2022-02-09,MXN=,"OPEN_PRC,HIGH_1,LOW_1,BID,ASK,TRDPRC_1,TRDVOL_1",20.462,20.492,20.477
2022-02-10,MXN=,"OPEN_PRC,HIGH_1,LOW_1,BID,ASK,TRDPRC_1,TRDVOL_1",20.543,20.577,20.560000000000002
2022-02-11,MXN=,"OPEN_PRC,HIGH_1,LOW_1,BID,ASK,TRDPRC_1,TRDVOL_1",20.526,20.561,20.5435
2022-02-14,MXN=,"OPEN_PRC,HIGH_1,LOW_1,BID,ASK,TRDPRC_1,TRDVOL_1",20.405,20.437,20.421
2022-02-15,MXN=,"OPEN_PRC,HIGH_1,LOW_1,BID,ASK,TRDPRC_1,TRDVOL_1",20.3894,20.407,20.3982
2022-02-16,MXN=,"OPEN_PRC,HIGH_1,LOW_1,BID,ASK,TRDPRC_1,TRDVOL_1",20.2703,20.2808,20.27555
2022-02-17,MXN=,"OPEN_PRC,HIGH_1,LOW_1,BID,ASK,TRDPRC_1,TRDVOL_1",20.284,20.316,20.299999999999997
2022-02-18,MXN=,"OPEN_PRC,HIGH_1,LOW_1,BID,ASK,TRDPRC_1,TRDVOL_1",20.28,20.304,20.292
2022-02-21,MXN=,"OPEN_PRC,HIGH_1,LOW_1,BID,ASK,TRDPRC_1,TRDVOL_1",20.295,20.324,20.3095
2022-02-22,MXN=,"OPEN_PRC,HIGH_1,LOW_1,BID,ASK,TRDPRC_1,TRDVOL_1",20.289,20.321,20.305
2022-02-23,MXN=,"OPEN_PRC,HIGH_1,LOW_1,BID,ASK,TRDPRC_1,TRDVOL_1",20.226,20.252,20.238999999999997
2022-02-24,MXN=,"OPEN_PRC,HIGH_1,LOW_1,BID,ASK,TRDPRC_1,TRDVOL_1",20.541,20.568,20.5545
2022-02-25,MXN=,"OPEN_PRC,HIGH_1,LOW_1,BID,ASK,TRDPRC_1,TRDVOL_1",20.335,20.369,20.352
2022-02-28,MXN=,"OPEN_PRC,HIGH_1,LOW_1,BID,ASK,TRDPRC_1,TRDVOL_1",20.461,20.48,20.4705
2022-03-01,MXN=,"OPEN_PRC,HIGH_1,LOW_1,BID,ASK,TRDPRC_1,TRDVOL_1",20.635,20.679,20.657
2022-03-02,MXN=,"OPEN_PRC,HIGH_1,LOW_1,BID,ASK,TRDPRC_1,TRDVOL_1",20.593,20.642,20.6175
2022-03-03,MXN=,"OPEN_PRC,HIGH_1,LOW_1,BID,ASK,TRDPRC_1,TRDVOL_1",20.6336,20.6441,20.63885
2022-03-04,MXN=,"OPEN_PRC,HIGH_1,LOW_1,BID,ASK,TRDPRC_1,TRDVOL_1",20.935,20.973,20.954
2022-03-07,MXN=,"OPEN_PRC,HIGH_1,LOW_1,BID,ASK,TRDPRC_1,TRDVOL_1",21.3,21.33,21.314999999999998
2022-03-08,MXN=,"OPEN_PRC,HIGH_1,LOW_1,BID,ASK,TRDPRC_1,TRDVOL_1",21.369,21.384,21.3765
2022-03-09,MXN=,"OPEN_PRC,HIGH_1,LOW_1,BID,ASK,TRDPRC_1,TRDVOL_1",20.892,20.924,20.908
2022-03-10,MXN=,"OPEN_PRC,HIGH_1,LOW_1,BID,ASK,TRDPRC_1,TRDVOL_1",20.925,20.953,20.939
2022-03-11,MXN=,"OPEN_PRC,HIGH_1,LOW_1,BID,ASK,TRDPRC_1,TRDVOL_1",20.897,20.936,20.9165
2022-03-14,MXN=,"OPEN_PRC,HIGH_1,LOW_1,BID,ASK,TRDPRC_1,TRDVOL_1",20.9,20.929,20.914499999999997
2022-03-15,MXN=,"OPEN_PRC,HIGH_1,LOW_1,BID,ASK,TRDPRC_1,TRDVOL_1",20.82,20.85,20.835
2022-03-16,MXN=,"OPEN_PRC,HIGH_1,LOW_1,BID,ASK,TRDPRC_1,TRDVOL_1",20.632,20.649,20.640500000000003
2022-03-17,MXN=,"OPEN_PRC,HIGH_1,LOW_1,BID,ASK,TRDPRC_1,TRDVOL_1",20.515,20.544,20.5295
2022-03-18,MXN=,"OPEN_PRC,HIGH_1,LOW_1,BID,ASK,TRDPRC_1,TRDVOL_1",20.34,20.385,20.3625
2022-03-21,MXN=,"OPEN_PRC,HIGH_1,LOW_1,BID,ASK,TRDPRC_1,TRDVOL_1",20.3682,20.3787,20.37345
2022-03-22,MXN=,"OPEN_PRC,HIGH_1,LOW_1,BID,ASK,TRDPRC_1,TRDVOL_1",20.27,20.299,20.2845
2022-03-23,MXN=,"OPEN_PRC,HIGH_1,LOW_1,BID,ASK,TRDPRC_1,TRDVOL_1",20.2208,20.2313,20.22605
2022-03-24,MXN=,"OPEN_PRC,HIGH_1,LOW_1,BID,ASK,TRDPRC_1,TRDVOL_1",20.075,20.108,20.0915
2022-03-25,MXN=,"OPEN_PRC,HIGH_1,LOW_1,BID,ASK,TRDPRC_1,TRDVOL_1",20.02,20.053,20.0365
2022-03-28,MXN=,"OPEN_PRC,HIGH_1,LOW_1,BID,ASK,TRDPRC_1,TRDVOL_1",20.11,20.131,20.1205
2022-03-29,MXN=,"OPEN_PRC,HIGH_1,LOW_1,BID,ASK,TRDPRC_1,TRDVOL_1",19.964,19.994,19.979
2022-03-30,MXN=,"OPEN_PRC,HIGH_1,LOW_1,BID,ASK,TRDPRC_1,TRDVOL_1",19.856,19.893,19.8745
2022-03-31,MXN=,"OPEN_PRC,HIGH_1,LOW_1,BID,ASK,TRDPRC_1,TRDVOL_1",19.845,19.89,19.8675
2022-04-01,MXN=,"OPEN_PRC,HIGH_1,LOW_1,BID,ASK,TRDPRC_1,TRDVOL_1",19.835,19.889,19.862000000000002
2022-04-04,MXN=,"OPEN_PRC,HIGH_1,LOW_1,BID,ASK,TRDPRC_1,TRDVOL_1",19.788,19.822,19.805
2022-04-05,MXN=,"OPEN_PRC,HIGH_1,LOW_1,BID,ASK,TRDPRC_1,TRDVOL_1",19.993,20.01,20.0015
2022-04-06,MXN=,"OPEN_PRC,HIGH_1,LOW_1,BID,ASK,TRDPRC_1,TRDVOL_1",20.16,20.185,20.1725
2022-04-07,MXN=,"OPEN_PRC,HIGH_1,LOW_1,BID,ASK,TRDPRC_1,TRDVOL_1",20.121,20.156,20.1385
2022-04-08,MXN=,"OPEN_PRC,HIGH_1,LOW_1,BID,ASK,TRDPRC_1,TRDVOL_1",20.02,20.05,20.035
2022-04-11,MXN=,"OPEN_PRC,HIGH_1,LOW_1,BID,ASK,TRDPRC_1,TRDVOL_1",19.929,19.951,19.939999999999998
2022-04-12,MXN=,"OPEN_PRC,HIGH_1,LOW_1,BID,ASK,TRDPRC_1,TRDVOL_1",19.787,19.819,19.802999999999997
2022-04-13,MXN=,"OPEN_PRC,HIGH_1,LOW_1,BID,ASK,TRDPRC_1,TRDVOL_1",19.773,19.805,19.789
2022-04-14,MXN=,"OPEN_PRC,HIGH_1,LOW_1,BID,ASK,TRDPRC_1,TRDVOL_1",19.9629,19.9734,19.96815
2022-04-15,MXN=,"OPEN_PRC,HIGH_1,LOW_1,BID,ASK,TRDPRC_1,TRDVOL_1",19.9405,19.9505,19.945500000000003
2022-04-18,MXN=,"OPEN_PRC,HIGH_1,LOW_1,BID,ASK,TRDPRC_1,TRDVOL_1",19.815,19.84,19.8275
2022-04-19,MXN=,"OPEN_PRC,HIGH_1,LOW_1,BID,ASK,TRDPRC_1,TRDVOL_1",20.006,20.041,20.0235
2022-04-20,MXN=,"OPEN_PRC,HIGH_1,LOW_1,BID,ASK,TRDPRC_1,TRDVOL_1",19.983,20.0,19.991500000000002
2022-04-21,MXN=,"OPEN_PRC,HIGH_1,LOW_1,BID,ASK,TRDPRC_1,TRDVOL_1",20.16,20.187,20.1735
2022-04-22,MXN=,"OPEN_PRC,HIGH_1,LOW_1,BID,ASK,TRDPRC_1,TRDVOL_1",20.218,20.249,20.2335
2022-04-25,MXN=,"OPEN_PRC,HIGH_1,LOW_1,BID,ASK,TRDPRC_1,TRDVOL_1",20.204,20.229,20.2165
2022-04-26,MXN=,"OPEN_PRC,HIGH_1,LOW_1,BID,ASK,TRDPRC_1,TRDVOL_1",20.423,20.445,20.433999999999997
2022-04-27,MXN=,"OPEN_PRC,HIGH_1,LOW_1,BID,ASK,TRDPRC_1,TRDVOL_1",20.3759,20.3864,20.381149999999998
2022-04-28,MXN=,"OPEN_PRC,HIGH_1,LOW_1,BID,ASK,TRDPRC_1,TRDVOL_1",20.436,20.46,20.448
2022-04-29,MXN=,"OPEN_PRC,HIGH_1,LOW_1,BID,ASK,TRDPRC_1,TRDVOL_1",20.411,20.441,20.426000000000002
2022-05-02,MXN=,"OPEN_PRC,HIGH_1,LOW_1,BID,ASK,TRDPRC_1,TRDVOL_1",20.462,20.497,20.4795
2022-05-03,MXN=,"OPEN_PRC,HIGH_1,LOW_1,BID,ASK,TRDPRC_1,TRDVOL_1",20.277,20.306,20.2915
2022-05-04,MXN=,"OPEN_PRC,HIGH_1,LOW_1,BID,ASK,TRDPRC_1,TRDVOL_1",20.014,20.043,20.0285
2022-05-05,MXN=,"OPEN_PRC,HIGH_1,LOW_1,BID,ASK,TRDPRC_1,TRDVOL_1",20.222,20.255,20.238500000000002
2022-05-06,MXN=,"OPEN_PRC,HIGH_1,LOW_1,BID,ASK,TRDPRC_1,TRDVOL_1",20.135,20.165,20.15
2022-05-09,MXN=,"OPEN_PRC,HIGH_1,LOW_1,BID,ASK,TRDPRC_1,TRDVOL_1",20.38,20.409,20.3945
2022-05-10,MXN=,"OPEN_PRC,HIGH_1,LOW_1,BID,ASK,TRDPRC_1,TRDVOL_1",20.384,20.4,20.392
2022-05-11,MXN=,"OPEN_PRC,HIGH_1,LOW_1,BID,ASK,TRDPRC_1,TRDVOL_1",20.305,20.33,20.3175
2022-05-12,MXN=,"OPEN_PRC,HIGH_1,LOW_1,BID,ASK,TRDPRC_1,TRDVOL_1",20.2424,20.2529,20.24765
2022-05-13,MXN=,"OPEN_PRC,HIGH_1,LOW_1,BID,ASK,TRDPRC_1,TRDVOL_1",20.088,20.123,20.1055
2022-05-16,MXN=,"OPEN_PRC,HIGH_1,LOW_1,BID,ASK,TRDPRC_1,TRDVOL_1",20.02,20.0399,20.02995
2022-05-17,MXN=,"OPEN_PRC,HIGH_1,LOW_1,BID,ASK,TRDPRC_1,TRDVOL_1",19.93,19.95,19.939999999999998
2022-05-18,MXN=,"OPEN_PRC,HIGH_1,LOW_1,BID,ASK,TRDPRC_1,TRDVOL_1",20.029,20.064,20.0465
2022-05-19,MXN=,"OPEN_PRC,HIGH_1,LOW_1,BID,ASK,TRDPRC_1,TRDVOL_1",19.922,19.95,19.936
2022-05-20,MXN=,"OPEN_PRC,HIGH_1,LOW_1,BID,ASK,TRDPRC_1,TRDVOL_1",19.851,19.88,19.865499999999997
2022-05-23,MXN=,"OPEN_PRC,HIGH_1,LOW_1,BID,ASK,TRDPRC_1,TRDVOL_1",19.853,19.882,19.8675
2022-05-24,MXN=,"OPEN_PRC,HIGH_1,LOW_1,BID,ASK,TRDPRC_1,TRDVOL_1",19.831,19.856,19.8435
2022-05-25,MXN=,"OPEN_PRC,HIGH_1,LOW_1,BID,ASK,TRDPRC_1,TRDVOL_1",19.818,19.847,19.832500000000003
2022-05-26,MXN=,"OPEN_PRC,HIGH_1,LOW_1,BID,ASK,TRDPRC_1,TRDVOL_1",19.7622,19.7727,19.76745
2022-05-27,MXN=,"OPEN_PRC,HIGH_1,LOW_1,BID,ASK,TRDPRC_1,TRDVOL_1",19.565,19.596,19.5805
2022-05-30,MXN=,"OPEN_PRC,HIGH_1,LOW_1,BID,ASK,TRDPRC_1,TRDVOL_1",19.545,19.5661,19.55555
2022-05-31,MXN=,"OPEN_PRC,HIGH_1,LOW_1,BID,ASK,TRDPRC_1,TRDVOL_1",19.6525,19.663,19.65775
2022-06-01,MXN=,"OPEN_PRC,HIGH_1,LOW_1,BID,ASK,TRDPRC_1,TRDVOL_1",19.684,19.708,19.695999999999998
2022-06-02,MXN=,"OPEN_PRC,HIGH_1,LOW_1,BID,ASK,TRDPRC_1,TRDVOL_1",19.52,19.548,19.534
2022-06-03,MXN=,"OPEN_PRC,HIGH_1,LOW_1,BID,ASK,TRDPRC_1,TRDVOL_1",19.5565,19.5665,19.561500000000002
2022-06-06,MXN=,"OPEN_PRC,HIGH_1,LOW_1,BID,ASK,TRDPRC_1,TRDVOL_1",19.56,19.5861,19.57305
2022-06-07,MXN=,"OPEN_PRC,HIGH_1,LOW_1,BID,ASK,TRDPRC_1,TRDVOL_1",19.58,19.593,19.5865
2022-06-08,MXN=,"OPEN_PRC,HIGH_1,LOW_1,BID,ASK,TRDPRC_1,TRDVOL_1",19.56,19.592,19.576
2022-06-09,MXN=,"OPEN_PRC,HIGH_1,LOW_1,BID,ASK,TRDPRC_1,TRDVOL_1",19.657,19.691,19.674
2022-06-10,MXN=,"OPEN_PRC,HIGH_1,LOW_1,BID,ASK,TRDPRC_1,TRDVOL_1",19.956,19.984,19.97
2022-06-13,MXN=,"OPEN_PRC,HIGH_1,LOW_1,BID,ASK,TRDPRC_1,TRDVOL_1",20.4538,20.4643,20.45905
2022-06-14,MXN=,"OPEN_PRC,HIGH_1,LOW_1,BID,ASK,TRDPRC_1,TRDVOL_1",20.579,20.61,20.5945
2022-06-15,MXN=,"OPEN_PRC,HIGH_1,LOW_1,BID,ASK,TRDPRC_1,TRDVOL_1",20.245,20.268,20.256500000000003
2022-06-16,MXN=,"OPEN_PRC,HIGH_1,LOW_1,BID,ASK,TRDPRC_1,TRDVOL_1",20.4,20.419,20.4095
2022-06-17,MXN=,"OPEN_PRC,HIGH_1,LOW_1,BID,ASK,TRDPRC_1,TRDVOL_1",20.329,20.355,20.342
2022-06-20,MXN=,"OPEN_PRC,HIGH_1,LOW_1,BID,ASK,TRDPRC_1,TRDVOL_1",20.276,20.3,20.288
2022-06-21,MXN=,"OPEN_PRC,HIGH_1,LOW_1,BID,ASK,TRDPRC_1,TRDVOL_1",20.115,20.129,20.122
2022-06-22,MXN=,"OPEN_PRC,HIGH_1,LOW_1,BID,ASK,TRDPRC_1,TRDVOL_1",20.0442,20.0547,20.04945
2022-06-23,MXN=,"OPEN_PRC,HIGH_1,LOW_1,BID,ASK,TRDPRC_1,TRDVOL_1",20.001,20.03,20.015500000000003
2022-06-24,MXN=,"OPEN_PRC,HIGH_1,LOW_1,BID,ASK,TRDPRC_1,TRDVOL_1",19.85,19.881,19.8655
2022-06-27,MXN=,"OPEN_PRC,HIGH_1,LOW_1,BID,ASK,TRDPRC_1,TRDVOL_1",19.91,19.937,19.9235
2022-06-28,MXN=,"OPEN_PRC,HIGH_1,LOW_1,BID,ASK,TRDPRC_1,TRDVOL_1",20.122,20.15,20.136
2022-06-29,MXN=,"OPEN_PRC,HIGH_1,LOW_1,BID,ASK,TRDPRC_1,TRDVOL_1",20.111,20.144,20.127499999999998
2022-06-30,MXN=,"OPEN_PRC,HIGH_1,LOW_1,BID,ASK,TRDPRC_1,TRDVOL_1",20.089,20.113,20.101
2022-07-01,MXN=,"OPEN_PRC,HIGH_1,LOW_1,BID,ASK,TRDPRC_1,TRDVOL_1",20.251,20.278,20.264499999999998
2022-07-04,MXN=,"OPEN_PRC,HIGH_1,LOW_1,BID,ASK,TRDPRC_1,TRDVOL_1",20.26,20.291,20.2755
2022-07-05,MXN=,"OPEN_PRC,HIGH_1,LOW_1,BID,ASK,TRDPRC_1,TRDVOL_1",20.5162,20.5267,20.52145
2022-07-06,MXN=,"OPEN_PRC,HIGH_1,LOW_1,BID,ASK,TRDPRC_1,TRDVOL_1",20.6517,20.6622,20.656950000000002
2022-07-07,MXN=,"OPEN_PRC,HIGH_1,LOW_1,BID,ASK,TRDPRC_1,TRDVOL_1",20.503,20.528,20.5155
2022-07-08,MXN=,"OPEN_PRC,HIGH_1,LOW_1,BID,ASK,TRDPRC_1,TRDVOL_1",20.443,20.479,20.461
2022-07-11,MXN=,"OPEN_PRC,HIGH_1,LOW_1,BID,ASK,TRDPRC_1,TRDVOL_1",20.729,20.751,20.740000000000002
2022-07-12,MXN=,"OPEN_PRC,HIGH_1,LOW_1,BID,ASK,TRDPRC_1,TRDVOL_1",20.8482,20.8587,20.85345
2022-07-13,MXN=,"OPEN_PRC,HIGH_1,LOW_1,BID,ASK,TRDPRC_1,TRDVOL_1",20.721,20.74,20.7305
2022-07-14,MXN=,"OPEN_PRC,HIGH_1,LOW_1,BID,ASK,TRDPRC_1,TRDVOL_1",20.79,20.812,20.801000000000002
2022-07-15,MXN=,"OPEN_PRC,HIGH_1,LOW_1,BID,ASK,TRDPRC_1,TRDVOL_1",20.522,20.545,20.5335
2022-07-18,MXN=,"OPEN_PRC,HIGH_1,LOW_1,BID,ASK,TRDPRC_1,TRDVOL_1",20.457,20.478,20.4675
2022-07-19,MXN=,"OPEN_PRC,HIGH_1,LOW_1,BID,ASK,TRDPRC_1,TRDVOL_1",20.5164,20.5269,20.52165
2022-07-20,MXN=,"OPEN_PRC,HIGH_1,LOW_1,BID,ASK,TRDPRC_1,TRDVOL_1",20.532,20.567,20.549500000000002
2022-07-21,MXN=,"OPEN_PRC,HIGH_1,LOW_1,BID,ASK,TRDPRC_1,TRDVOL_1",20.617,20.645,20.631
2022-07-22,MXN=,"OPEN_PRC,HIGH_1,LOW_1,BID,ASK,TRDPRC_1,TRDVOL_1",20.526,20.559,20.5425
2022-07-25,MXN=,"OPEN_PRC,HIGH_1,LOW_1,BID,ASK,TRDPRC_1,TRDVOL_1",20.46,20.486,20.473
2022-07-26,MXN=,"OPEN_PRC,HIGH_1,LOW_1,BID,ASK,TRDPRC_1,TRDVOL_1",20.444,20.47,20.457
2022-07-27,MXN=,"OPEN_PRC,HIGH_1,LOW_1,BID,ASK,TRDPRC_1,TRDVOL_1",20.395,20.4113,20.40315
2022-07-28,MXN=,"OPEN_PRC,HIGH_1,LOW_1,BID,ASK,TRDPRC_1,TRDVOL_1",20.265,20.295,20.28
2022-07-29,MXN=,"OPEN_PRC,HIGH_1,LOW_1,BID,ASK,TRDPRC_1,TRDVOL_1",20.35,20.384,20.367
2022-08-01,MXN=,"OPEN_PRC,HIGH_1,LOW_1,BID,ASK,TRDPRC_1,TRDVOL_1",20.369,20.4,20.3845
2022-08-02,MXN=,"OPEN_PRC,HIGH_1,LOW_1,BID,ASK,TRDPRC_1,TRDVOL_1",20.773,20.805,20.789
2022-08-03,MXN=,"OPEN_PRC,HIGH_1,LOW_1,BID,ASK,TRDPRC_1,TRDVOL_1",20.456,20.49,20.473
2022-08-04,MXN=,"OPEN_PRC,HIGH_1,LOW_1,BID,ASK,TRDPRC_1,TRDVOL_1",20.326,20.361,20.3435
2022-08-05,MXN=,"OPEN_PRC,HIGH_1,LOW_1,BID,ASK,TRDPRC_1,TRDVOL_1",20.413,20.436,20.424500000000002
2022-08-08,MXN=,"OPEN_PRC,HIGH_1,LOW_1,BID,ASK,TRDPRC_1,TRDVOL_1",20.245,20.2584,20.2517
2022-08-09,MXN=,"OPEN_PRC,HIGH_1,LOW_1,BID,ASK,TRDPRC_1,TRDVOL_1",20.218,20.245,20.2315
2022-08-10,MXN=,"OPEN_PRC,HIGH_1,LOW_1,BID,ASK,TRDPRC_1,TRDVOL_1",20.016,20.045,20.0305
2022-08-11,MXN=,"OPEN_PRC,HIGH_1,LOW_1,BID,ASK,TRDPRC_1,TRDVOL_1",19.928,19.955,19.941499999999998
2022-08-12,MXN=,"OPEN_PRC,HIGH_1,LOW_1,BID,ASK,TRDPRC_1,TRDVOL_1",19.829,19.868,19.8485
2022-08-15,MXN=,"OPEN_PRC,HIGH_1,LOW_1,BID,ASK,TRDPRC_1,TRDVOL_1",19.823,19.85,19.8365
2022-08-16,MXN=,"OPEN_PRC,HIGH_1,LOW_1,BID,ASK,TRDPRC_1,TRDVOL_1",19.897,19.923,19.909999999999997
2022-08-17,MXN=,"OPEN_PRC,HIGH_1,LOW_1,BID,ASK,TRDPRC_1,TRDVOL_1",19.97,20.0,19.985
2022-08-18,MXN=,"OPEN_PRC,HIGH_1,LOW_1,BID,ASK,TRDPRC_1,TRDVOL_1",20.104,20.139,20.121499999999997
2022-08-19,MXN=,"OPEN_PRC,HIGH_1,LOW_1,BID,ASK,TRDPRC_1,TRDVOL_1",20.15,20.175,20.1625
2022-08-22,MXN=,"OPEN_PRC,HIGH_1,LOW_1,BID,ASK,TRDPRC_1,TRDVOL_1",20.133,20.15,20.1415
2022-08-23,MXN=,"OPEN_PRC,HIGH_1,LOW_1,BID,ASK,TRDPRC_1,TRDVOL_1",19.971,19.989,19.98
2022-08-24,MXN=,"OPEN_PRC,HIGH_1,LOW_1,BID,ASK,TRDPRC_1,TRDVOL_1",19.885,19.904,19.8945
2022-08-25,MXN=,"OPEN_PRC,HIGH_1,LOW_1,BID,ASK,TRDPRC_1,TRDVOL_1",19.914,19.949,19.9315
2022-08-26,MXN=,"OPEN_PRC,HIGH_1,LOW_1,BID,ASK,TRDPRC_1,TRDVOL_1",20.015,20.05,20.0325
2022-08-29,MXN=,"OPEN_PRC,HIGH_1,LOW_1,BID,ASK,TRDPRC_1,TRDVOL_1",20.004,20.039,20.021500000000003
2022-08-30,MXN=,"OPEN_PRC,HIGH_1,LOW_1,BID,ASK,TRDPRC_1,TRDVOL_1",20.145,20.1608,20.1529
2022-08-31,MXN=,"OPEN_PRC,HIGH_1,LOW_1,BID,ASK,TRDPRC_1,TRDVOL_1",20.1348,20.1453,20.14005
2022-09-01,MXN=,"OPEN_PRC,HIGH_1,LOW_1,BID,ASK,TRDPRC_1,TRDVOL_1",20.168,20.196,20.182000000000002
2022-09-02,MXN=,"OPEN_PRC,HIGH_1,LOW_1,BID,ASK,TRDPRC_1,TRDVOL_1",19.929,19.964,19.9465
2022-09-05,MXN=,"OPEN_PRC,HIGH_1,LOW_1,BID,ASK,TRDPRC_1,TRDVOL_1",19.9842,20.01,19.997100000000003
2022-09-06,MXN=,"OPEN_PRC,HIGH_1,LOW_1,BID,ASK,TRDPRC_1,TRDVOL_1",20.118,20.147,20.1325
2022-09-07,MXN=,"OPEN_PRC,HIGH_1,LOW_1,BID,ASK,TRDPRC_1,TRDVOL_1",19.966,19.992,19.979
2022-09-08,MXN=,"OPEN_PRC,HIGH_1,LOW_1,BID,ASK,TRDPRC_1,TRDVOL_1",19.953,19.982,19.9675
2022-09-09,MXN=,"OPEN_PRC,HIGH_1,LOW_1,BID,ASK,TRDPRC_1,TRDVOL_1",19.876,19.896,19.886000000000003
2022-09-12,MXN=,"OPEN_PRC,HIGH_1,LOW_1,BID,ASK,TRDPRC_1,TRDVOL_1",19.821,19.854,19.8375
2022-09-13,MXN=,"OPEN_PRC,HIGH_1,LOW_1,BID,ASK,TRDPRC_1,TRDVOL_1",20.066,20.093,20.0795
2022-09-14,MXN=,"OPEN_PRC,HIGH_1,LOW_1,BID,ASK,TRDPRC_1,TRDVOL_1",19.942,19.976,19.959
2022-09-15,MXN=,"OPEN_PRC,HIGH_1,LOW_1,BID,ASK,TRDPRC_1,TRDVOL_1",20.06,20.093,20.0765
2022-09-16,MXN=,"OPEN_PRC,HIGH_1,LOW_1,BID,ASK,TRDPRC_1,TRDVOL_1",20.03,20.052,20.041
2022-09-19,MXN=,"OPEN_PRC,HIGH_1,LOW_1,BID,ASK,TRDPRC_1,TRDVOL_1",19.91,19.94,19.925
2022-09-20,MXN=,"OPEN_PRC,HIGH_1,LOW_1,BID,ASK,TRDPRC_1,TRDVOL_1",19.983,20.018,20.000500000000002
2022-09-21,MXN=,"OPEN_PRC,HIGH_1,LOW_1,BID,ASK,TRDPRC_1,TRDVOL_1",20.004,20.038,20.021
2022-09-22,MXN=,"OPEN_PRC,HIGH_1,LOW_1,BID,ASK,TRDPRC_1,TRDVOL_1",19.931,19.962,19.9465
2022-09-23,MXN=,"OPEN_PRC,HIGH_1,LOW_1,BID,ASK,TRDPRC_1,TRDVOL_1",20.179,20.22,20.1995
2022-09-26,MXN=,"OPEN_PRC,HIGH_1,LOW_1,BID,ASK,TRDPRC_1,TRDVOL_1",20.396,20.425,20.4105
2022-09-27,MXN=,"OPEN_PRC,HIGH_1,LOW_1,BID,ASK,TRDPRC_1,TRDVOL_1",20.359,20.395,20.377000000000002
2022-09-28,MXN=,"OPEN_PRC,HIGH_1,LOW_1,BID,ASK,TRDPRC_1,TRDVOL_1",20.116,20.149,20.1325
2022-09-29,MXN=,"OPEN_PRC,HIGH_1,LOW_1,BID,ASK,TRDPRC_1,TRDVOL_1",20.161,20.176,20.1685
2022-09-30,MXN=,"OPEN_PRC,HIGH_1,LOW_1,BID,ASK,TRDPRC_1,TRDVOL_1",20.14,20.1562,20.1481
2022-10-03,MXN=,"OPEN_PRC,HIGH_1,LOW_1,BID,ASK,TRDPRC_1,TRDVOL_1",20.02,20.04,20.03
2022-10-04,MXN=,"OPEN_PRC,HIGH_1,LOW_1,BID,ASK,TRDPRC_1,TRDVOL_1",19.958,19.9753,19.96665
2022-10-05,MXN=,"OPEN_PRC,HIGH_1,LOW_1,BID,ASK,TRDPRC_1,TRDVOL_1",20.052,20.085,20.0685
2022-10-06,MXN=,"OPEN_PRC,HIGH_1,LOW_1,BID,ASK,TRDPRC_1,TRDVOL_1",20.105,20.141,20.122999999999998
2022-10-07,MXN=,"OPEN_PRC,HIGH_1,LOW_1,BID,ASK,TRDPRC_1,TRDVOL_1",20.02,20.058,20.039
2022-10-10,MXN=,"OPEN_PRC,HIGH_1,LOW_1,BID,ASK,TRDPRC_1,TRDVOL_1",19.9551,19.978,19.96655
2022-10-11,MXN=,"OPEN_PRC,HIGH_1,LOW_1,BID,ASK,TRDPRC_1,TRDVOL_1",20.0786,20.0891,20.083849999999998
2022-10-12,MXN=,"OPEN_PRC,HIGH_1,LOW_1,BID,ASK,TRDPRC_1,TRDVOL_1",19.978,20.013,19.9955
2022-10-13,MXN=,"OPEN_PRC,HIGH_1,LOW_1,BID,ASK,TRDPRC_1,TRDVOL_1",19.968,19.998,19.983
2022-10-14,MXN=,"OPEN_PRC,HIGH_1,LOW_1,BID,ASK,TRDPRC_1,TRDVOL_1",20.071,20.094,20.082500000000003
2022-10-17,MXN=,"OPEN_PRC,HIGH_1,LOW_1,BID,ASK,TRDPRC_1,TRDVOL_1",19.98,20.015,19.997500000000002
2022-10-18,MXN=,"OPEN_PRC,HIGH_1,LOW_1,BID,ASK,TRDPRC_1,TRDVOL_1",20.027,20.037,20.032
2022-10-19,MXN=,"OPEN_PRC,HIGH_1,LOW_1,BID,ASK,TRDPRC_1,TRDVOL_1",20.1,20.124,20.112000000000002
2022-10-20,MXN=,"OPEN_PRC,HIGH_1,LOW_1,BID,ASK,TRDPRC_1,TRDVOL_1",20.027,20.049,20.038
2022-10-21,MXN=,"OPEN_PRC,HIGH_1,LOW_1,BID,ASK,TRDPRC_1,TRDVOL_1",19.909,19.929,19.918999999999997
2022-10-24,MXN=,"OPEN_PRC,HIGH_1,LOW_1,BID,ASK,TRDPRC_1,TRDVOL_1",19.922,19.953,19.9375
2022-10-25,MXN=,"OPEN_PRC,HIGH_1,LOW_1,BID,ASK,TRDPRC_1,TRDVOL_1",19.865,19.899,19.881999999999998
2022-10-26,MXN=,"OPEN_PRC,HIGH_1,LOW_1,BID,ASK,TRDPRC_1,TRDVOL_1",19.926,19.956,19.941
2022-10-27,MXN=,"OPEN_PRC,HIGH_1,LOW_1,BID,ASK,TRDPRC_1,TRDVOL_1",19.825,19.8426,19.8338
2022-10-28,MXN=,"OPEN_PRC,HIGH_1,LOW_1,BID,ASK,TRDPRC_1,TRDVOL_1",19.786,19.829,19.8075
2022-10-31,MXN=,"OPEN_PRC,HIGH_1,LOW_1,BID,ASK,TRDPRC_1,TRDVOL_1",19.794,19.828,19.811
2022-11-01,MXN=,"OPEN_PRC,HIGH_1,LOW_1,BID,ASK,TRDPRC_1,TRDVOL_1",19.74,19.755,19.7475
2022-11-02,MXN=,"OPEN_PRC,HIGH_1,LOW_1,BID,ASK,TRDPRC_1,TRDVOL_1",19.65,19.692,19.671
2022-11-03,MXN=,"OPEN_PRC,HIGH_1,LOW_1,BID,ASK,TRDPRC_1,TRDVOL_1",19.635,19.66,19.6475
2022-11-04,MXN=,"OPEN_PRC,HIGH_1,LOW_1,BID,ASK,TRDPRC_1,TRDVOL_1",19.501,19.546,19.5235
2022-11-07,MXN=,"OPEN_PRC,HIGH_1,LOW_1,BID,ASK,TRDPRC_1,TRDVOL_1",19.441,19.468,19.4545
2022-11-08,MXN=,"OPEN_PRC,HIGH_1,LOW_1,BID,ASK,TRDPRC_1,TRDVOL_1",19.513,19.54,19.5265
2022-11-09,MXN=,"OPEN_PRC,HIGH_1,LOW_1,BID,ASK,TRDPRC_1,TRDVOL_1",19.567,19.59,19.5785
2022-11-10,MXN=,"OPEN_PRC,HIGH_1,LOW_1,BID,ASK,TRDPRC_1,TRDVOL_1",19.31,19.3245,19.31725
2022-11-11,MXN=,"OPEN_PRC,HIGH_1,LOW_1,BID,ASK,TRDPRC_1,TRDVOL_1",19.495,19.5115,19.50325
2022-11-14,MXN=,"OPEN_PRC,HIGH_1,LOW_1,BID,ASK,TRDPRC_1,TRDVOL_1",19.339,19.369,19.354
2022-11-15,MXN=,"OPEN_PRC,HIGH_1,LOW_1,BID,ASK,TRDPRC_1,TRDVOL_1",19.354,19.373,19.363500000000002
2022-11-16,MXN=,"OPEN_PRC,HIGH_1,LOW_1,BID,ASK,TRDPRC_1,TRDVOL_1",19.338,19.359,19.3485
2022-11-17,MXN=,"OPEN_PRC,HIGH_1,LOW_1,BID,ASK,TRDPRC_1,TRDVOL_1",19.407,19.439,19.423000000000002
2022-11-18,MXN=,"OPEN_PRC,HIGH_1,LOW_1,BID,ASK,TRDPRC_1,TRDVOL_1",19.435,19.463,19.448999999999998
2022-11-21,MXN=,"OPEN_PRC,HIGH_1,LOW_1,BID,ASK,TRDPRC_1,TRDVOL_1",19.538,19.554,19.546
2022-11-22,MXN=,"OPEN_PRC,HIGH_1,LOW_1,BID,ASK,TRDPRC_1,TRDVOL_1",19.419,19.451,19.435000000000002
2022-11-23,MXN=,"OPEN_PRC,HIGH_1,LOW_1,BID,ASK,TRDPRC_1,TRDVOL_1",19.354,19.38,19.366999999999997
2022-11-24,MXN=,"OPEN_PRC,HIGH_1,LOW_1,BID,ASK,TRDPRC_1,TRDVOL_1",19.367,19.4,19.383499999999998
2022-11-25,MXN=,"OPEN_PRC,HIGH_1,LOW_1,BID,ASK,TRDPRC_1,TRDVOL_1",19.33,19.35,19.34
2022-11-28,MXN=,"OPEN_PRC,HIGH_1,LOW_1,BID,ASK,TRDPRC_1,TRDVOL_1",19.295,19.321,19.308
2022-11-29,MXN=,"OPEN_PRC,HIGH_1,LOW_1,BID,ASK,TRDPRC_1,TRDVOL_1",19.216,19.25,19.233
2022-11-30,MXN=,"OPEN_PRC,HIGH_1,LOW_1,BID,ASK,TRDPRC_1,TRDVOL_1",19.251,19.285,19.268
2022-12-01,MXN=,"OPEN_PRC,HIGH_1,LOW_1,BID,ASK,TRDPRC_1,TRDVOL_1",19.123,19.139,19.131
2022-12-02,MXN=,"OPEN_PRC,HIGH_1,LOW_1,BID,ASK,TRDPRC_1,TRDVOL_1",19.374,19.403,19.3885
2022-12-05,MXN=,"OPEN_PRC,HIGH_1,LOW_1,BID,ASK,TRDPRC_1,TRDVOL_1",19.726,19.748,19.737000000000002
2022-12-06,MXN=,"OPEN_PRC,HIGH_1,LOW_1,BID,ASK,TRDPRC_1,TRDVOL_1",19.746,19.77,19.758
2022-12-07,MXN=,"OPEN_PRC,HIGH_1,LOW_1,BID,ASK,TRDPRC_1,TRDVOL_1",19.657,19.677,19.667
2022-12-08,MXN=,"OPEN_PRC,HIGH_1,LOW_1,BID,ASK,TRDPRC_1,TRDVOL_1",19.6126,19.637,19.6248
2022-12-09,MXN=,"OPEN_PRC,HIGH_1,LOW_1,BID,ASK,TRDPRC_1,TRDVOL_1",19.763,19.791,19.777
2022-12-12,MXN=,"OPEN_PRC,HIGH_1,LOW_1,BID,ASK,TRDPRC_1,TRDVOL_1",19.844,19.873,19.8585
2022-12-13,MXN=,"OPEN_PRC,HIGH_1,LOW_1,BID,ASK,TRDPRC_1,TRDVOL_1",19.51,19.546,19.528
2022-12-14,MXN=,"OPEN_PRC,HIGH_1,LOW_1,BID,ASK,TRDPRC_1,TRDVOL_1",19.604,19.634,19.619
2022-12-15,MXN=,"OPEN_PRC,HIGH_1,LOW_1,BID,ASK,TRDPRC_1,TRDVOL_1",19.748,19.77,19.759
2022-12-16,MXN=,"OPEN_PRC,HIGH_1,LOW_1,BID,ASK,TRDPRC_1,TRDVOL_1",19.77,19.804,19.787
2022-12-19,MXN=,"OPEN_PRC,HIGH_1,LOW_1,BID,ASK,TRDPRC_1,TRDVOL_1",19.792,19.802,19.797
2022-12-20,MXN=,"OPEN_PRC,HIGH_1,LOW_1,BID,ASK,TRDPRC_1,TRDVOL_1",19.743,19.783,19.762999999999998
2022-12-21,MXN=,"OPEN_PRC,HIGH_1,LOW_1,BID,ASK,TRDPRC_1,TRDVOL_1",19.643,19.668,19.6555
2022-12-22,MXN=,"OPEN_PRC,HIGH_1,LOW_1,BID,ASK,TRDPRC_1,TRDVOL_1",19.537,19.6,19.5685
2022-12-23,MXN=,"OPEN_PRC,HIGH_1,LOW_1,BID,ASK,TRDPRC_1,TRDVOL_1",19.343,19.409,19.375999999999998
2022-12-26,MXN=,"OPEN_PRC,HIGH_1,LOW_1,BID,ASK,TRDPRC_1,TRDVOL_1",19.385,19.418,19.4015
2022-12-27,MXN=,"OPEN_PRC,HIGH_1,LOW_1,BID,ASK,TRDPRC_1,TRDVOL_1",19.477,19.5,19.488500000000002
2022-12-28,MXN=,"OPEN_PRC,HIGH_1,LOW_1,BID,ASK,TRDPRC_1,TRDVOL_1",19.42,19.45,19.435000000000002
2022-12-29,MXN=,"OPEN_PRC,HIGH_1,LOW_1,BID,ASK,TRDPRC_1,TRDVOL_1",19.445,19.474,19.4595
2022-12-30,MXN=,"OPEN_PRC,HIGH_1,LOW_1,BID,ASK,TRDPRC_1,TRDVOL_1",19.474,19.507,19.4905
2023-01-02,MXN=,"OPEN_PRC,HIGH_1,LOW_1,BID,ASK,TRDPRC_1,TRDVOL_1",19.461,19.471,19.466
2023-01-03,MXN=,"OPEN_PRC,HIGH_1,LOW_1,BID,ASK,TRDPRC_1,TRDVOL_1",19.4,19.414,19.407
2023-01-04,MXN=,"OPEN_PRC,HIGH_1,LOW_1,BID,ASK,TRDPRC_1,TRDVOL_1",19.365,19.4,19.3825
2023-01-05,MXN=,"OPEN_PRC,HIGH_1,LOW_1,BID,ASK,TRDPRC_1,TRDVOL_1",19.31,19.344,19.326999999999998
2023-01-06,MXN=,"OPEN_PRC,HIGH_1,LOW_1,BID,ASK,TRDPRC_1,TRDVOL_1",19.124,19.148,19.136
2023-01-09,MXN=,"OPEN_PRC,HIGH_1,LOW_1,BID,ASK,TRDPRC_1,TRDVOL_1",19.13,19.165,19.1475
2023-01-10,MXN=,"OPEN_PRC,HIGH_1,LOW_1,BID,ASK,TRDPRC_1,TRDVOL_1",19.048,19.082,19.064999999999998
2023-01-11,MXN=,"OPEN_PRC,HIGH_1,LOW_1,BID,ASK,TRDPRC_1,TRDVOL_1",18.91,18.945,18.927500000000002
2023-01-12,MXN=,"OPEN_PRC,HIGH_1,LOW_1,BID,ASK,TRDPRC_1,TRDVOL_1",18.8265,18.8365,18.8315
2023-01-13,MXN=,"OPEN_PRC,HIGH_1,LOW_1,BID,ASK,TRDPRC_1,TRDVOL_1",18.753,18.7813,18.76715
2023-01-16,MXN=,"OPEN_PRC,HIGH_1,LOW_1,BID,ASK,TRDPRC_1,TRDVOL_1",18.7716,18.7821,18.77685
2023-01-17,MXN=,"OPEN_PRC,HIGH_1,LOW_1,BID,ASK,TRDPRC_1,TRDVOL_1",18.65,18.68,18.665
2023-01-18,MXN=,"OPEN_PRC,HIGH_1,LOW_1,BID,ASK,TRDPRC_1,TRDVOL_1",18.875,18.904,18.889499999999998
2023-01-19,MXN=,"OPEN_PRC,HIGH_1,LOW_1,BID,ASK,TRDPRC_1,TRDVOL_1",18.975,19.011,18.993000000000002
2023-01-20,MXN=,"OPEN_PRC,HIGH_1,LOW_1,BID,ASK,TRDPRC_1,TRDVOL_1",18.855,18.894,18.874499999999998
2023-01-23,MXN=,"OPEN_PRC,HIGH_1,LOW_1,BID,ASK,TRDPRC_1,TRDVOL_1",18.801,18.817,18.808999999999997
2023-01-24,MXN=,"OPEN_PRC,HIGH_1,LOW_1,BID,ASK,TRDPRC_1,TRDVOL_1",18.78,18.808,18.794
2023-01-25,MXN=,"OPEN_PRC,HIGH_1,LOW_1,BID,ASK,TRDPRC_1,TRDVOL_1",18.775,18.804,18.789499999999997
2023-01-26,MXN=,"OPEN_PRC,HIGH_1,LOW_1,BID,ASK,TRDPRC_1,TRDVOL_1",18.79,18.8005,18.79525
2023-01-27,MXN=,"OPEN_PRC,HIGH_1,LOW_1,BID,ASK,TRDPRC_1,TRDVOL_1",18.76,18.7726,18.7663
2023-01-30,MXN=,"OPEN_PRC,HIGH_1,LOW_1,BID,ASK,TRDPRC_1,TRDVOL_1",18.7606,18.776,18.7683
2023-01-31,MXN=,"OPEN_PRC,HIGH_1,LOW_1,BID,ASK,TRDPRC_1,TRDVOL_1",18.82,18.851,18.8355
2023-02-01,MXN=,"OPEN_PRC,HIGH_1,LOW_1,BID,ASK,TRDPRC_1,TRDVOL_1",18.5999,18.6104,18.605150000000002
2023-02-02,MXN=,"OPEN_PRC,HIGH_1,LOW_1,BID,ASK,TRDPRC_1,TRDVOL_1",18.645,18.68,18.6625
2023-02-03,MXN=,"OPEN_PRC,HIGH_1,LOW_1,BID,ASK,TRDPRC_1,TRDVOL_1",18.955,18.98,18.9675
2023-02-06,MXN=,"OPEN_PRC,HIGH_1,LOW_1,BID,ASK,TRDPRC_1,TRDVOL_1",19.16,19.18,19.17
2023-02-07,MXN=,"OPEN_PRC,HIGH_1,LOW_1,BID,ASK,TRDPRC_1,TRDVOL_1",18.8748,18.889,18.8819
2023-02-08,MXN=,"OPEN_PRC,HIGH_1,LOW_1,BID,ASK,TRDPRC_1,TRDVOL_1",18.93,18.949,18.939500000000002
2023-02-09,MXN=,"OPEN_PRC,HIGH_1,LOW_1,BID,ASK,TRDPRC_1,TRDVOL_1",18.7703,18.785,18.77765
2023-02-10,MXN=,"OPEN_PRC,HIGH_1,LOW_1,BID,ASK,TRDPRC_1,TRDVOL_1",18.645,18.679,18.662
2023-02-13,MXN=,"OPEN_PRC,HIGH_1,LOW_1,BID,ASK,TRDPRC_1,TRDVOL_1",18.554,18.585,18.569499999999998
2023-02-14,MXN=,"OPEN_PRC,HIGH_1,LOW_1,BID,ASK,TRDPRC_1,TRDVOL_1",18.511,18.539,18.525
2023-02-15,MXN=,"OPEN_PRC,HIGH_1,LOW_1,BID,ASK,TRDPRC_1,TRDVOL_1",18.575,18.6,18.5875
2023-02-16,MXN=,"OPEN_PRC,HIGH_1,LOW_1,BID,ASK,TRDPRC_1,TRDVOL_1",18.511,18.54,18.5255
2023-02-17,MXN=,"OPEN_PRC,HIGH_1,LOW_1,BID,ASK,TRDPRC_1,TRDVOL_1",18.351,18.3712,18.3611
2023-02-20,MXN=,"OPEN_PRC,HIGH_1,LOW_1,BID,ASK,TRDPRC_1,TRDVOL_1",18.37,18.404,18.387
2023-02-21,MXN=,"OPEN_PRC,HIGH_1,LOW_1,BID,ASK,TRDPRC_1,TRDVOL_1",18.443,18.472,18.457500000000003
2023-02-22,MXN=,"OPEN_PRC,HIGH_1,LOW_1,BID,ASK,TRDPRC_1,TRDVOL_1",18.345,18.367,18.356
2023-02-23,MXN=,"OPEN_PRC,HIGH_1,LOW_1,BID,ASK,TRDPRC_1,TRDVOL_1",18.36,18.394,18.377
2023-02-24,MXN=,"OPEN_PRC,HIGH_1,LOW_1,BID,ASK,TRDPRC_1,TRDVOL_1",18.391,18.4015,18.39625
2023-02-27,MXN=,"OPEN_PRC,HIGH_1,LOW_1,BID,ASK,TRDPRC_1,TRDVOL_1",18.35,18.386,18.368000000000002
2023-02-28,MXN=,"OPEN_PRC,HIGH_1,LOW_1,BID,ASK,TRDPRC_1,TRDVOL_1",18.301,18.3115,18.30625
2023-03-01,MXN=,"OPEN_PRC,HIGH_1,LOW_1,BID,ASK,TRDPRC_1,TRDVOL_1",18.091,18.121,18.106
2023-03-02,MXN=,"OPEN_PRC,HIGH_1,LOW_1,BID,ASK,TRDPRC_1,TRDVOL_1",18.114,18.146,18.130000000000003
2023-03-03,MXN=,"OPEN_PRC,HIGH_1,LOW_1,BID,ASK,TRDPRC_1,TRDVOL_1",17.943,17.97,17.9565
2023-03-06,MXN=,"OPEN_PRC,HIGH_1,LOW_1,BID,ASK,TRDPRC_1,TRDVOL_1",17.984,18.02,18.002000000000002
2023-03-07,MXN=,"OPEN_PRC,HIGH_1,LOW_1,BID,ASK,TRDPRC_1,TRDVOL_1",18.09,18.1111,18.10055
2023-03-08,MXN=,"OPEN_PRC,HIGH_1,LOW_1,BID,ASK,TRDPRC_1,TRDVOL_1",17.968,17.991,17.9795
2023-03-09,MXN=,"OPEN_PRC,HIGH_1,LOW_1,BID,ASK,TRDPRC_1,TRDVOL_1",18.344,18.381,18.3625
2023-03-10,MXN=,"OPEN_PRC,HIGH_1,LOW_1,BID,ASK,TRDPRC_1,TRDVOL_1",18.48,18.507,18.4935
2023-03-13,MXN=,"OPEN_PRC,HIGH_1,LOW_1,BID,ASK,TRDPRC_1,TRDVOL_1",18.903,18.924,18.9135
2023-03-14,MXN=,"OPEN_PRC,HIGH_1,LOW_1,BID,ASK,TRDPRC_1,TRDVOL_1",18.5899,18.6004,18.59515
2023-03-15,MXN=,"OPEN_PRC,HIGH_1,LOW_1,BID,ASK,TRDPRC_1,TRDVOL_1",18.9579,19.0,18.978949999999998
2023-03-16,MXN=,"OPEN_PRC,HIGH_1,LOW_1,BID,ASK,TRDPRC_1,TRDVOL_1",18.7023,18.7329,18.7176
2023-03-17,MXN=,"OPEN_PRC,HIGH_1,LOW_1,BID,ASK,TRDPRC_1,TRDVOL_1",18.883,18.945,18.914
2023-03-20,MXN=,"OPEN_PRC,HIGH_1,LOW_1,BID,ASK,TRDPRC_1,TRDVOL_1",18.8123,18.8441,18.828200000000002
2023-03-21,MXN=,"OPEN_PRC,HIGH_1,LOW_1,BID,ASK,TRDPRC_1,TRDVOL_1",18.587,18.608,18.5975
2023-03-22,MXN=,"OPEN_PRC,HIGH_1,LOW_1,BID,ASK,TRDPRC_1,TRDVOL_1",18.606,18.6256,18.6158
2023-03-23,MXN=,"OPEN_PRC,HIGH_1,LOW_1,BID,ASK,TRDPRC_1,TRDVOL_1",18.5536,18.5641,18.55885
2023-03-24,MXN=,"OPEN_PRC,HIGH_1,LOW_1,BID,ASK,TRDPRC_1,TRDVOL_1",18.414,18.445,18.4295
2023-03-27,MXN=,"OPEN_PRC,HIGH_1,LOW_1,BID,ASK,TRDPRC_1,TRDVOL_1",18.3335,18.3588,18.34615
2023-03-28,MXN=,"OPEN_PRC,HIGH_1,LOW_1,BID,ASK,TRDPRC_1,TRDVOL_1",18.225,18.2474,18.2362
2023-03-29,MXN=,"OPEN_PRC,HIGH_1,LOW_1,BID,ASK,TRDPRC_1,TRDVOL_1",18.0836,18.0998,18.0917
2023-03-30,MXN=,"OPEN_PRC,HIGH_1,LOW_1,BID,ASK,TRDPRC_1,TRDVOL_1",18.076,18.11,18.093
2023-03-31,MXN=,"OPEN_PRC,HIGH_1,LOW_1,BID,ASK,TRDPRC_1,TRDVOL_1",18.0099,18.0262,18.01805
2023-04-03,MXN=,"OPEN_PRC,HIGH_1,LOW_1,BID,ASK,TRDPRC_1,TRDVOL_1",18.056,18.069,18.0625
2023-04-04,MXN=,"OPEN_PRC,HIGH_1,LOW_1,BID,ASK,TRDPRC_1,TRDVOL_1",18.117,18.16,18.1385
2023-04-05,MXN=,"OPEN_PRC,HIGH_1,LOW_1,BID,ASK,TRDPRC_1,TRDVOL_1",18.286,18.323,18.3045
2023-04-06,MXN=,"OPEN_PRC,HIGH_1,LOW_1,BID,ASK,TRDPRC_1,TRDVOL_1",18.2251,18.2578,18.24145
2023-04-07,MXN=,"OPEN_PRC,HIGH_1,LOW_1,BID,ASK,TRDPRC_1,TRDVOL_1",18.115,18.135,18.125
2023-04-10,MXN=,"OPEN_PRC,HIGH_1,LOW_1,BID,ASK,TRDPRC_1,TRDVOL_1",18.162,18.1765,18.169249999999998
2023-04-11,MXN=,"OPEN_PRC,HIGH_1,LOW_1,BID,ASK,TRDPRC_1,TRDVOL_1",18.157,18.2,18.1785
2023-04-12,MXN=,"OPEN_PRC,HIGH_1,LOW_1,BID,ASK,TRDPRC_1,TRDVOL_1",18.063,18.09,18.0765
2023-04-13,MXN=,"OPEN_PRC,HIGH_1,LOW_1,BID,ASK,TRDPRC_1,TRDVOL_1",17.998,18.03,18.014000000000003
2023-04-14,MXN=,"OPEN_PRC,HIGH_1,LOW_1,BID,ASK,TRDPRC_1,TRDVOL_1",17.996,18.036,18.016
2023-04-17,MXN=,"OPEN_PRC,HIGH_1,LOW_1,BID,ASK,TRDPRC_1,TRDVOL_1",18.012,18.0225,18.01725
2023-04-18,MXN=,"OPEN_PRC,HIGH_1,LOW_1,BID,ASK,TRDPRC_1,TRDVOL_1",18.051,18.0615,18.05625
2023-04-19,MXN=,"OPEN_PRC,HIGH_1,LOW_1,BID,ASK,TRDPRC_1,TRDVOL_1",18.033,18.067,18.05
2023-04-20,MXN=,"OPEN_PRC,HIGH_1,LOW_1,BID,ASK,TRDPRC_1,TRDVOL_1",17.987,18.014,18.0005
2023-04-21,MXN=,"OPEN_PRC,HIGH_1,LOW_1,BID,ASK,TRDPRC_1,TRDVOL_1",17.968,18.002,17.985
2023-04-24,MXN=,"OPEN_PRC,HIGH_1,LOW_1,BID,ASK,TRDPRC_1,TRDVOL_1",17.967,17.998,17.9825
2023-04-25,MXN=,"OPEN_PRC,HIGH_1,LOW_1,BID,ASK,TRDPRC_1,TRDVOL_1",18.07,18.0834,18.076700000000002
2023-04-26,MXN=,"OPEN_PRC,HIGH_1,LOW_1,BID,ASK,TRDPRC_1,TRDVOL_1",18.137,18.16,18.1485
2023-04-27,MXN=,"OPEN_PRC,HIGH_1,LOW_1,BID,ASK,TRDPRC_1,TRDVOL_1",18.026,18.049,18.0375
2023-04-28,MXN=,"OPEN_PRC,HIGH_1,LOW_1,BID,ASK,TRDPRC_1,TRDVOL_1",17.98,18.004,17.992
2023-05-01,MXN=,"OPEN_PRC,HIGH_1,LOW_1,BID,ASK,TRDPRC_1,TRDVOL_1",17.931,17.946,17.9385
2023-05-02,MXN=,"OPEN_PRC,HIGH_1,LOW_1,BID,ASK,TRDPRC_1,TRDVOL_1",17.974,17.986,17.98
2023-05-03,MXN=,"OPEN_PRC,HIGH_1,LOW_1,BID,ASK,TRDPRC_1,TRDVOL_1",17.916,17.939,17.927500000000002
2023-05-04,MXN=,"OPEN_PRC,HIGH_1,LOW_1,BID,ASK,TRDPRC_1,TRDVOL_1",17.902,17.925,17.9135
2023-05-05,MXN=,"OPEN_PRC,HIGH_1,LOW_1,BID,ASK,TRDPRC_1,TRDVOL_1",17.745,17.78,17.762500000000003
2023-05-08,MXN=,"OPEN_PRC,HIGH_1,LOW_1,BID,ASK,TRDPRC_1,TRDVOL_1",17.79,17.805,17.7975
2023-05-09,MXN=,"OPEN_PRC,HIGH_1,LOW_1,BID,ASK,TRDPRC_1,TRDVOL_1",17.747,17.779,17.762999999999998
2023-05-10,MXN=,"OPEN_PRC,HIGH_1,LOW_1,BID,ASK,TRDPRC_1,TRDVOL_1",17.5465,17.557,17.55175
2023-05-11,MXN=,"OPEN_PRC,HIGH_1,LOW_1,BID,ASK,TRDPRC_1,TRDVOL_1",17.573,17.589,17.581
2023-05-12,MXN=,"OPEN_PRC,HIGH_1,LOW_1,BID,ASK,TRDPRC_1,TRDVOL_1",17.581,17.615,17.598
2023-05-15,MXN=,"OPEN_PRC,HIGH_1,LOW_1,BID,ASK,TRDPRC_1,TRDVOL_1",17.434,17.447,17.4405
2023-05-16,MXN=,"OPEN_PRC,HIGH_1,LOW_1,BID,ASK,TRDPRC_1,TRDVOL_1",17.488,17.515,17.5015
2023-05-17,MXN=,"OPEN_PRC,HIGH_1,LOW_1,BID,ASK,TRDPRC_1,TRDVOL_1",17.587,17.605,17.596
2023-05-18,MXN=,"OPEN_PRC,HIGH_1,LOW_1,BID,ASK,TRDPRC_1,TRDVOL_1",17.703,17.734,17.7185
2023-05-19,MXN=,"OPEN_PRC,HIGH_1,LOW_1,BID,ASK,TRDPRC_1,TRDVOL_1",17.77,17.799,17.7845
2023-05-22,MXN=,"OPEN_PRC,HIGH_1,LOW_1,BID,ASK,TRDPRC_1,TRDVOL_1",17.879,17.91,17.8945
2023-05-23,MXN=,"OPEN_PRC,HIGH_1,LOW_1,BID,ASK,TRDPRC_1,TRDVOL_1",17.946,17.991,17.9685
2023-05-24,MXN=,"OPEN_PRC,HIGH_1,LOW_1,BID,ASK,TRDPRC_1,TRDVOL_1",17.795,17.8089,17.80195
2023-05-25,MXN=,"OPEN_PRC,HIGH_1,LOW_1,BID,ASK,TRDPRC_1,TRDVOL_1",17.848,17.8605,17.85425
2023-05-26,MXN=,"OPEN_PRC,HIGH_1,LOW_1,BID,ASK,TRDPRC_1,TRDVOL_1",17.61,17.65,17.63
2023-05-29,MXN=,"OPEN_PRC,HIGH_1,LOW_1,BID,ASK,TRDPRC_1,TRDVOL_1",17.575,17.604,17.5895
2023-05-30,MXN=,"OPEN_PRC,HIGH_1,LOW_1,BID,ASK,TRDPRC_1,TRDVOL_1",17.643,17.673,17.658
2023-05-31,MXN=,"OPEN_PRC,HIGH_1,LOW_1,BID,ASK,TRDPRC_1,TRDVOL_1",17.6819,17.696,17.68895
2023-06-01,MXN=,"OPEN_PRC,HIGH_1,LOW_1,BID,ASK,TRDPRC_1,TRDVOL_1",17.5474,17.5549,17.55115
2023-06-02,MXN=,"OPEN_PRC,HIGH_1,LOW_1,BID,ASK,TRDPRC_1,TRDVOL_1",17.541,17.573,17.557000000000002
2023-06-05,MXN=,"OPEN_PRC,HIGH_1,LOW_1,BID,ASK,TRDPRC_1,TRDVOL_1",17.457,17.48,17.4685
2023-06-06,MXN=,"OPEN_PRC,HIGH_1,LOW_1,BID,ASK,TRDPRC_1,TRDVOL_1",17.375,17.41,17.3925
2023-06-07,MXN=,"OPEN_PRC,HIGH_1,LOW_1,BID,ASK,TRDPRC_1,TRDVOL_1",17.357,17.375,17.366
2023-06-08,MXN=,"OPEN_PRC,HIGH_1,LOW_1,BID,ASK,TRDPRC_1,TRDVOL_1",17.365,17.39,17.377499999999998
2023-06-09,MXN=,"OPEN_PRC,HIGH_1,LOW_1,BID,ASK,TRDPRC_1,TRDVOL_1",17.278,17.2857,17.28185
2023-06-12,MXN=,"OPEN_PRC,HIGH_1,LOW_1,BID,ASK,TRDPRC_1,TRDVOL_1",17.27,17.296,17.283
2023-06-13,MXN=,"OPEN_PRC,HIGH_1,LOW_1,BID,ASK,TRDPRC_1,TRDVOL_1",17.201,17.234,17.2175
2023-06-14,MXN=,"OPEN_PRC,HIGH_1,LOW_1,BID,ASK,TRDPRC_1,TRDVOL_1",17.102,17.117,17.1095
2023-06-15,MXN=,"OPEN_PRC,HIGH_1,LOW_1,BID,ASK,TRDPRC_1,TRDVOL_1",17.105,17.14,17.122500000000002
2023-06-16,MXN=,"OPEN_PRC,HIGH_1,LOW_1,BID,ASK,TRDPRC_1,TRDVOL_1",17.062,17.098,17.08
2023-06-19,MXN=,"OPEN_PRC,HIGH_1,LOW_1,BID,ASK,TRDPRC_1,TRDVOL_1",17.07,17.104,17.087
2023-06-20,MXN=,"OPEN_PRC,HIGH_1,LOW_1,BID,ASK,TRDPRC_1,TRDVOL_1",17.203,17.229,17.216
2023-06-21,MXN=,"OPEN_PRC,HIGH_1,LOW_1,BID,ASK,TRDPRC_1,TRDVOL_1",17.116,17.127,17.121499999999997
2023-06-22,MXN=,"OPEN_PRC,HIGH_1,LOW_1,BID,ASK,TRDPRC_1,TRDVOL_1",17.165,17.2,17.182499999999997
2023-06-23,MXN=,"OPEN_PRC,HIGH_1,LOW_1,BID,ASK,TRDPRC_1,TRDVOL_1",17.157,17.191,17.174
2023-06-26,MXN=,"OPEN_PRC,HIGH_1,LOW_1,BID,ASK,TRDPRC_1,TRDVOL_1",17.133,17.1435,17.13825
2023-06-27,MXN=,"OPEN_PRC,HIGH_1,LOW_1,BID,ASK,TRDPRC_1,TRDVOL_1",17.0797,17.0902,17.08495
2023-06-28,MXN=,"OPEN_PRC,HIGH_1,LOW_1,BID,ASK,TRDPRC_1,TRDVOL_1",17.07,17.113,17.0915
2023-06-29,MXN=,"OPEN_PRC,HIGH_1,LOW_1,BID,ASK,TRDPRC_1,TRDVOL_1",17.1231,17.1306,17.12685
2023-06-30,MXN=,"OPEN_PRC,HIGH_1,LOW_1,BID,ASK,TRDPRC_1,TRDVOL_1",17.1135,17.1407,17.1271
2023-07-03,MXN=,"OPEN_PRC,HIGH_1,LOW_1,BID,ASK,TRDPRC_1,TRDVOL_1",17.042,17.075,17.058500000000002
2023-07-04,MXN=,"OPEN_PRC,HIGH_1,LOW_1,BID,ASK,TRDPRC_1,TRDVOL_1",17.0608,17.0609,17.060850000000002
2023-07-05,MXN=,"OPEN_PRC,HIGH_1,LOW_1,BID,ASK,TRDPRC_1,TRDVOL_1",17.0026,17.0131,17.00785
2023-07-06,MXN=,"OPEN_PRC,HIGH_1,LOW_1,BID,ASK,TRDPRC_1,TRDVOL_1",17.227,17.25,17.238500000000002
2023-07-07,MXN=,"OPEN_PRC,HIGH_1,LOW_1,BID,ASK,TRDPRC_1,TRDVOL_1",17.136,17.159,17.1475
2023-07-10,MXN=,"OPEN_PRC,HIGH_1,LOW_1,BID,ASK,TRDPRC_1,TRDVOL_1",17.04,17.066,17.052999999999997
2023-07-11,MXN=,"OPEN_PRC,HIGH_1,LOW_1,BID,ASK,TRDPRC_1,TRDVOL_1",17.0379,17.0484,17.04315
2023-07-12,MXN=,"OPEN_PRC,HIGH_1,LOW_1,BID,ASK,TRDPRC_1,TRDVOL_1",16.884,16.915,16.8995
2023-07-13,MXN=,"OPEN_PRC,HIGH_1,LOW_1,BID,ASK,TRDPRC_1,TRDVOL_1",16.8371,16.8476,16.84235
2023-07-14,MXN=,"OPEN_PRC,HIGH_1,LOW_1,BID,ASK,TRDPRC_1,TRDVOL_1",16.736,16.769,16.752499999999998
2023-07-17,MXN=,"OPEN_PRC,HIGH_1,LOW_1,BID,ASK,TRDPRC_1,TRDVOL_1",16.72,16.75,16.735
2023-07-18,MXN=,"OPEN_PRC,HIGH_1,LOW_1,BID,ASK,TRDPRC_1,TRDVOL_1",16.74,16.765,16.752499999999998
2023-07-19,MXN=,"OPEN_PRC,HIGH_1,LOW_1,BID,ASK,TRDPRC_1,TRDVOL_1",16.7066,16.7171,16.71185
2023-07-20,MXN=,"OPEN_PRC,HIGH_1,LOW_1,BID,ASK,TRDPRC_1,TRDVOL_1",16.873,16.905,16.889000000000003
2023-07-21,MXN=,"OPEN_PRC,HIGH_1,LOW_1,BID,ASK,TRDPRC_1,TRDVOL_1",16.976,17.0,16.988
2023-07-24,MXN=,"OPEN_PRC,HIGH_1,LOW_1,BID,ASK,TRDPRC_1,TRDVOL_1",16.82,16.85,16.835
2023-07-25,MXN=,"OPEN_PRC,HIGH_1,LOW_1,BID,ASK,TRDPRC_1,TRDVOL_1",16.92,16.94,16.93
2023-07-26,MXN=,"OPEN_PRC,HIGH_1,LOW_1,BID,ASK,TRDPRC_1,TRDVOL_1",16.834,16.853,16.8435
2023-07-27,MXN=,"OPEN_PRC,HIGH_1,LOW_1,BID,ASK,TRDPRC_1,TRDVOL_1",16.86,16.884,16.872
2023-07-28,MXN=,"OPEN_PRC,HIGH_1,LOW_1,BID,ASK,TRDPRC_1,TRDVOL_1",16.673,16.706,16.6895
2023-07-31,MXN=,"OPEN_PRC,HIGH_1,LOW_1,BID,ASK,TRDPRC_1,TRDVOL_1",16.728,16.762,16.745
2023-08-01,MXN=,"OPEN_PRC,HIGH_1,LOW_1,BID,ASK,TRDPRC_1,TRDVOL_1",16.875,16.886,16.880499999999998
2023-08-02,MXN=,"OPEN_PRC,HIGH_1,LOW_1,BID,ASK,TRDPRC_1,TRDVOL_1",17.008,17.049,17.0285
2023-08-03,MXN=,"OPEN_PRC,HIGH_1,LOW_1,BID,ASK,TRDPRC_1,TRDVOL_1",17.323,17.359,17.341
2023-08-04,MXN=,"OPEN_PRC,HIGH_1,LOW_1,BID,ASK,TRDPRC_1,TRDVOL_1",17.051,17.106,17.0785
2023-08-07,MXN=,"OPEN_PRC,HIGH_1,LOW_1,BID,ASK,TRDPRC_1,TRDVOL_1",17.045,17.077,17.061
2023-08-08,MXN=,"OPEN_PRC,HIGH_1,LOW_1,BID,ASK,TRDPRC_1,TRDVOL_1",17.1074,17.1284,17.1179
2023-08-09,MXN=,"OPEN_PRC,HIGH_1,LOW_1,BID,ASK,TRDPRC_1,TRDVOL_1",17.0533,17.0638,17.05855
2023-08-10,MXN=,"OPEN_PRC,HIGH_1,LOW_1,BID,ASK,TRDPRC_1,TRDVOL_1",17.13,17.1425,17.136249999999997
2023-08-11,MXN=,"OPEN_PRC,HIGH_1,LOW_1,BID,ASK,TRDPRC_1,TRDVOL_1",16.988,17.027,17.0075
2023-08-14,MXN=,"OPEN_PRC,HIGH_1,LOW_1,BID,ASK,TRDPRC_1,TRDVOL_1",17.038,17.064,17.051000000000002
2023-08-15,MXN=,"OPEN_PRC,HIGH_1,LOW_1,BID,ASK,TRDPRC_1,TRDVOL_1",17.14,17.155,17.1475
2023-08-16,MXN=,"OPEN_PRC,HIGH_1,LOW_1,BID,ASK,TRDPRC_1,TRDVOL_1",17.132,17.147,17.139499999999998
2023-08-17,MXN=,"OPEN_PRC,HIGH_1,LOW_1,BID,ASK,TRDPRC_1,TRDVOL_1",17.098,17.13,17.113999999999997
2023-08-18,MXN=,"OPEN_PRC,HIGH_1,LOW_1,BID,ASK,TRDPRC_1,TRDVOL_1",17.035,17.073,17.054000000000002
2023-08-21,MXN=,"OPEN_PRC,HIGH_1,LOW_1,BID,ASK,TRDPRC_1,TRDVOL_1",17.02,17.035,17.0275
2023-08-22,MXN=,"OPEN_PRC,HIGH_1,LOW_1,BID,ASK,TRDPRC_1,TRDVOL_1",16.902,16.924,16.913
2023-08-23,MXN=,"OPEN_PRC,HIGH_1,LOW_1,BID,ASK,TRDPRC_1,TRDVOL_1",16.79,16.8,16.795
2023-08-24,MXN=,"OPEN_PRC,HIGH_1,LOW_1,BID,ASK,TRDPRC_1,TRDVOL_1",16.814,16.843,16.8285
2023-08-25,MXN=,"OPEN_PRC,HIGH_1,LOW_1,BID,ASK,TRDPRC_1,TRDVOL_1",16.723,16.765,16.744
2023-08-28,MXN=,"OPEN_PRC,HIGH_1,LOW_1,BID,ASK,TRDPRC_1,TRDVOL_1",16.778,16.8,16.789
2023-08-29,MXN=,"OPEN_PRC,HIGH_1,LOW_1,BID,ASK,TRDPRC_1,TRDVOL_1",16.79,16.804,16.796999999999997
2023-08-30,MXN=,"OPEN_PRC,HIGH_1,LOW_1,BID,ASK,TRDPRC_1,TRDVOL_1",16.728,16.752,16.740000000000002
2023-08-31,MXN=,"OPEN_PRC,HIGH_1,LOW_1,BID,ASK,TRDPRC_1,TRDVOL_1",17.027,17.057,17.042
2023-09-01,MXN=,"OPEN_PRC,HIGH_1,LOW_1,BID,ASK,TRDPRC_1,TRDVOL_1",17.076,17.107,17.0915
2023-09-04,MXN=,"OPEN_PRC,HIGH_1,LOW_1,BID,ASK,TRDPRC_1,TRDVOL_1",17.168,17.199,17.183500000000002
2023-09-05,MXN=,"OPEN_PRC,HIGH_1,LOW_1,BID,ASK,TRDPRC_1,TRDVOL_1",17.406,17.433,17.4195
2023-09-06,MXN=,"OPEN_PRC,HIGH_1,LOW_1,BID,ASK,TRDPRC_1,TRDVOL_1",17.553,17.589,17.570999999999998
2023-09-07,MXN=,"OPEN_PRC,HIGH_1,LOW_1,BID,ASK,TRDPRC_1,TRDVOL_1",17.574,17.616,17.595
2023-09-08,MXN=,"OPEN_PRC,HIGH_1,LOW_1,BID,ASK,TRDPRC_1,TRDVOL_1",17.577,17.616,17.5965
2023-09-11,MXN=,"OPEN_PRC,HIGH_1,LOW_1,BID,ASK,TRDPRC_1,TRDVOL_1",17.265,17.286,17.2755
2023-09-12,MXN=,"OPEN_PRC,HIGH_1,LOW_1,BID,ASK,TRDPRC_1,TRDVOL_1",17.199,17.252,17.2255
2023-09-13,MXN=,"OPEN_PRC,HIGH_1,LOW_1,BID,ASK,TRDPRC_1,TRDVOL_1",17.147,17.161,17.154
2023-09-14,MXN=,"OPEN_PRC,HIGH_1,LOW_1,BID,ASK,TRDPRC_1,TRDVOL_1",17.104,17.114,17.109
2023-09-15,MXN=,"OPEN_PRC,HIGH_1,LOW_1,BID,ASK,TRDPRC_1,TRDVOL_1",17.064,17.094,17.079
2023-09-18,MXN=,"OPEN_PRC,HIGH_1,LOW_1,BID,ASK,TRDPRC_1,TRDVOL_1",17.131,17.141,17.136
2023-09-19,MXN=,"OPEN_PRC,HIGH_1,LOW_1,BID,ASK,TRDPRC_1,TRDVOL_1",17.0774,17.0879,17.08265
2023-09-20,MXN=,"OPEN_PRC,HIGH_1,LOW_1,BID,ASK,TRDPRC_1,TRDVOL_1",17.0879,17.0984,17.09315
2023-09-21,MXN=,"OPEN_PRC,HIGH_1,LOW_1,BID,ASK,TRDPRC_1,TRDVOL_1",17.224,17.242,17.233
2023-09-22,MXN=,"OPEN_PRC,HIGH_1,LOW_1,BID,ASK,TRDPRC_1,TRDVOL_1",17.1989,17.2286,17.213749999999997
2023-09-25,MXN=,"OPEN_PRC,HIGH_1,LOW_1,BID,ASK,TRDPRC_1,TRDVOL_1",17.3893,17.3998,17.39455
2023-09-26,MXN=,"OPEN_PRC,HIGH_1,LOW_1,BID,ASK,TRDPRC_1,TRDVOL_1",17.524,17.555,17.5395
2023-09-27,MXN=,"OPEN_PRC,HIGH_1,LOW_1,BID,ASK,TRDPRC_1,TRDVOL_1",17.6663,17.6748,17.67055
2023-09-28,MXN=,"OPEN_PRC,HIGH_1,LOW_1,BID,ASK,TRDPRC_1,TRDVOL_1",17.54,17.6,17.57
2023-09-29,MXN=,"OPEN_PRC,HIGH_1,LOW_1,BID,ASK,TRDPRC_1,TRDVOL_1",17.397,17.44,17.4185
2023-10-02,MXN=,"OPEN_PRC,HIGH_1,LOW_1,BID,ASK,TRDPRC_1,TRDVOL_1",17.664,17.685,17.674500000000002
2023-10-03,MXN=,"OPEN_PRC,HIGH_1,LOW_1,BID,ASK,TRDPRC_1,TRDVOL_1",18.0653,18.0839,18.0746
2023-10-04,MXN=,"OPEN_PRC,HIGH_1,LOW_1,BID,ASK,TRDPRC_1,TRDVOL_1",17.949,17.98,17.9645
2023-10-05,MXN=,"OPEN_PRC,HIGH_1,LOW_1,BID,ASK,TRDPRC_1,TRDVOL_1",18.2462,18.2735,18.25985
2023-10-06,MXN=,"OPEN_PRC,HIGH_1,LOW_1,BID,ASK,TRDPRC_1,TRDVOL_1",18.1638,18.1763,18.17005
2023-10-09,MXN=,"OPEN_PRC,HIGH_1,LOW_1,BID,ASK,TRDPRC_1,TRDVOL_1",18.1873,18.2225,18.204900000000002
2023-10-10,MXN=,"OPEN_PRC,HIGH_1,LOW_1,BID,ASK,TRDPRC_1,TRDVOL_1",17.9306,17.9391,17.934849999999997
2023-10-11,MXN=,"OPEN_PRC,HIGH_1,LOW_1,BID,ASK,TRDPRC_1,TRDVOL_1",17.8286,17.841,17.8348
2023-10-12,MXN=,"OPEN_PRC,HIGH_1,LOW_1,BID,ASK,TRDPRC_1,TRDVOL_1",17.967,17.996,17.981499999999997
2023-10-13,MXN=,"OPEN_PRC,HIGH_1,LOW_1,BID,ASK,TRDPRC_1,TRDVOL_1",18.062,18.109,18.085500000000003
2023-10-16,MXN=,"OPEN_PRC,HIGH_1,LOW_1,BID,ASK,TRDPRC_1,TRDVOL_1",17.872,17.9,17.886
2023-10-17,MXN=,"OPEN_PRC,HIGH_1,LOW_1,BID,ASK,TRDPRC_1,TRDVOL_1",18.009,18.021,18.015
2023-10-18,MXN=,"OPEN_PRC,HIGH_1,LOW_1,BID,ASK,TRDPRC_1,TRDVOL_1",18.24,18.27,18.255
2023-10-19,MXN=,"OPEN_PRC,HIGH_1,LOW_1,BID,ASK,TRDPRC_1,TRDVOL_1",18.313,18.334,18.3235
2023-10-20,MXN=,"OPEN_PRC,HIGH_1,LOW_1,BID,ASK,TRDPRC_1,TRDVOL_1",18.223,18.25,18.2365
2023-10-23,MXN=,"OPEN_PRC,HIGH_1,LOW_1,BID,ASK,TRDPRC_1,TRDVOL_1",18.139,18.149,18.144
2023-10-24,MXN=,"OPEN_PRC,HIGH_1,LOW_1,BID,ASK,TRDPRC_1,TRDVOL_1",18.248,18.2591,18.25355
2023-10-25,MXN=,"OPEN_PRC,HIGH_1,LOW_1,BID,ASK,TRDPRC_1,TRDVOL_1",18.31,18.349,18.3295
2023-10-26,MXN=,"OPEN_PRC,HIGH_1,LOW_1,BID,ASK,TRDPRC_1,TRDVOL_1",18.1498,18.1603,18.15505
2023-10-27,MXN=,"OPEN_PRC,HIGH_1,LOW_1,BID,ASK,TRDPRC_1,TRDVOL_1",18.113,18.13,18.121499999999997
2023-10-30,MXN=,"OPEN_PRC,HIGH_1,LOW_1,BID,ASK,TRDPRC_1,TRDVOL_1",18.0449,18.0554,18.05015
2023-10-31,MXN=,"OPEN_PRC,HIGH_1,LOW_1,BID,ASK,TRDPRC_1,TRDVOL_1",18.037,18.058,18.0475
2023-11-01,MXN=,"OPEN_PRC,HIGH_1,LOW_1,BID,ASK,TRDPRC_1,TRDVOL_1",17.7647,17.7752,17.76995
2023-11-02,MXN=,"OPEN_PRC,HIGH_1,LOW_1,BID,ASK,TRDPRC_1,TRDVOL_1",17.5096,17.5201,17.51485
2023-11-03,MXN=,"OPEN_PRC,HIGH_1,LOW_1,BID,ASK,TRDPRC_1,TRDVOL_1",17.449,17.487,17.468
2023-11-06,MXN=,"OPEN_PRC,HIGH_1,LOW_1,BID,ASK,TRDPRC_1,TRDVOL_1",17.5431,17.5536,17.54835
2023-11-07,MXN=,"OPEN_PRC,HIGH_1,LOW_1,BID,ASK,TRDPRC_1,TRDVOL_1",17.472,17.4837,17.47785
2023-11-08,MXN=,"OPEN_PRC,HIGH_1,LOW_1,BID,ASK,TRDPRC_1,TRDVOL_1",17.5333,17.5438,17.53855
2023-11-09,MXN=,"OPEN_PRC,HIGH_1,LOW_1,BID,ASK,TRDPRC_1,TRDVOL_1",17.808,17.84,17.823999999999998
2023-11-10,MXN=,"OPEN_PRC,HIGH_1,LOW_1,BID,ASK,TRDPRC_1,TRDVOL_1",17.632,17.659,17.6455
2023-11-13,MXN=,"OPEN_PRC,HIGH_1,LOW_1,BID,ASK,TRDPRC_1,TRDVOL_1",17.596,17.619,17.6075
2023-11-14,MXN=,"OPEN_PRC,HIGH_1,LOW_1,BID,ASK,TRDPRC_1,TRDVOL_1",17.339,17.3495,17.34425
2023-11-15,MXN=,"OPEN_PRC,HIGH_1,LOW_1,BID,ASK,TRDPRC_1,TRDVOL_1",17.2947,17.3052,17.29995
2023-11-16,MXN=,"OPEN_PRC,HIGH_1,LOW_1,BID,ASK,TRDPRC_1,TRDVOL_1",17.2236,17.2341,17.22885
2023-11-17,MXN=,"OPEN_PRC,HIGH_1,LOW_1,BID,ASK,TRDPRC_1,TRDVOL_1",17.206,17.247,17.2265
2023-11-20,MXN=,"OPEN_PRC,HIGH_1,LOW_1,BID,ASK,TRDPRC_1,TRDVOL_1",17.1097,17.1224,17.11605
2023-11-21,MXN=,"OPEN_PRC,HIGH_1,LOW_1,BID,ASK,TRDPRC_1,TRDVOL_1",17.181,17.208,17.194499999999998
2023-11-22,MXN=,"OPEN_PRC,HIGH_1,LOW_1,BID,ASK,TRDPRC_1,TRDVOL_1",17.178,17.21,17.194000000000003
2023-11-23,MXN=,"OPEN_PRC,HIGH_1,LOW_1,BID,ASK,TRDPRC_1,TRDVOL_1",17.179,17.197,17.188
2023-11-24,MXN=,"OPEN_PRC,HIGH_1,LOW_1,BID,ASK,TRDPRC_1,TRDVOL_1",17.1,17.125,17.1125
2023-11-27,MXN=,"OPEN_PRC,HIGH_1,LOW_1,BID,ASK,TRDPRC_1,TRDVOL_1",17.1645,17.1757,17.170099999999998
2023-11-28,MXN=,"OPEN_PRC,HIGH_1,LOW_1,BID,ASK,TRDPRC_1,TRDVOL_1",17.1356,17.1461,17.14085
2023-11-29,MXN=,"OPEN_PRC,HIGH_1,LOW_1,BID,ASK,TRDPRC_1,TRDVOL_1",17.276,17.29,17.283
2023-11-30,MXN=,"OPEN_PRC,HIGH_1,LOW_1,BID,ASK,TRDPRC_1,TRDVOL_1",17.3784,17.3889,17.38365
2023-12-01,MXN=,"OPEN_PRC,HIGH_1,LOW_1,BID,ASK,TRDPRC_1,TRDVOL_1",17.17,17.22,17.195
2023-12-04,MXN=,"OPEN_PRC,HIGH_1,LOW_1,BID,ASK,TRDPRC_1,TRDVOL_1",17.4522,17.4628,17.457500000000003
2023-12-05,MXN=,"OPEN_PRC,HIGH_1,LOW_1,BID,ASK,TRDPRC_1,TRDVOL_1",17.3775,17.388,17.38275
2023-12-06,MXN=,"OPEN_PRC,HIGH_1,LOW_1,BID,ASK,TRDPRC_1,TRDVOL_1",17.258,17.292,17.275
2023-12-07,MXN=,"OPEN_PRC,HIGH_1,LOW_1,BID,ASK,TRDPRC_1,TRDVOL_1",17.453,17.493,17.473
2023-12-08,MXN=,"OPEN_PRC,HIGH_1,LOW_1,BID,ASK,TRDPRC_1,TRDVOL_1",17.347,17.367,17.357
2023-12-11,MXN=,"OPEN_PRC,HIGH_1,LOW_1,BID,ASK,TRDPRC_1,TRDVOL_1",17.3755,17.386,17.38075
2023-12-12,MXN=,"OPEN_PRC,HIGH_1,LOW_1,BID,ASK,TRDPRC_1,TRDVOL_1",17.3034,17.3139,17.30865
2023-12-13,MXN=,"OPEN_PRC,HIGH_1,LOW_1,BID,ASK,TRDPRC_1,TRDVOL_1",17.235,17.2473,17.241149999999998
2023-12-14,MXN=,"OPEN_PRC,HIGH_1,LOW_1,BID,ASK,TRDPRC_1,TRDVOL_1",17.186,17.197,17.191499999999998
2023-12-15,MXN=,"OPEN_PRC,HIGH_1,LOW_1,BID,ASK,TRDPRC_1,TRDVOL_1",17.184,17.22,17.201999999999998
2023-12-18,MXN=,"OPEN_PRC,HIGH_1,LOW_1,BID,ASK,TRDPRC_1,TRDVOL_1",17.1574,17.1679,17.16265
2023-12-19,MXN=,"OPEN_PRC,HIGH_1,LOW_1,BID,ASK,TRDPRC_1,TRDVOL_1",17.066,17.075,17.0705
2023-12-20,MXN=,"OPEN_PRC,HIGH_1,LOW_1,BID,ASK,TRDPRC_1,TRDVOL_1",17.1414,17.1519,17.14665
2023-12-21,MXN=,"OPEN_PRC,HIGH_1,LOW_1,BID,ASK,TRDPRC_1,TRDVOL_1",17.022,17.037,17.0295
2023-12-22,MXN=,"OPEN_PRC,HIGH_1,LOW_1,BID,ASK,TRDPRC_1,TRDVOL_1",16.968,16.9818,16.974899999999998
2023-12-25,MXN=,"OPEN_PRC,HIGH_1,LOW_1,BID,ASK,TRDPRC_1,TRDVOL_1",17.013,17.05,17.0315
2023-12-26,MXN=,"OPEN_PRC,HIGH_1,LOW_1,BID,ASK,TRDPRC_1,TRDVOL_1",16.975,16.986,16.9805
2023-12-27,MXN=,"OPEN_PRC,HIGH_1,LOW_1,BID,ASK,TRDPRC_1,TRDVOL_1",16.918,16.928,16.923000000000002
2023-12-28,MXN=,"OPEN_PRC,HIGH_1,LOW_1,BID,ASK,TRDPRC_1,TRDVOL_1",16.929,16.974,16.9515
2023-12-29,MXN=,"OPEN_PRC,HIGH_1,LOW_1,BID,ASK,TRDPRC_1,TRDVOL_1",16.954,16.991,16.9725
2024-01-01,MXN=,"OPEN_PRC,HIGH_1,LOW_1,BID,ASK,TRDPRC_1,TRDVOL_1",16.9642,16.9842,16.974200000000003
2024-01-02,MXN=,"OPEN_PRC,HIGH_1,LOW_1,BID,ASK,TRDPRC_1,TRDVOL_1",17.014,17.04,17.027
2024-01-03,MXN=,"OPEN_PRC,HIGH_1,LOW_1,BID,ASK,TRDPRC_1,TRDVOL_1",17.003,17.025,17.014
2024-01-04,MXN=,"OPEN_PRC,HIGH_1,LOW_1,BID,ASK,TRDPRC_1,TRDVOL_1",17.008,17.021,17.014499999999998
2024-01-05,MXN=,"OPEN_PRC,HIGH_1,LOW_1,BID,ASK,TRDPRC_1,TRDVOL_1",16.866,16.895,16.880499999999998
2024-01-08,MXN=,"OPEN_PRC,HIGH_1,LOW_1,BID,ASK,TRDPRC_1,TRDVOL_1",16.817,16.851,16.834
2024-01-09,MXN=,"OPEN_PRC,HIGH_1,LOW_1,BID,ASK,TRDPRC_1,TRDVOL_1",16.961,16.971,16.966
2024-01-10,MXN=,"OPEN_PRC,HIGH_1,LOW_1,BID,ASK,TRDPRC_1,TRDVOL_1",16.95,16.978,16.964
2024-01-11,MXN=,"OPEN_PRC,HIGH_1,LOW_1,BID,ASK,TRDPRC_1,TRDVOL_1",16.91,16.92,16.915
2024-01-12,MXN=,"OPEN_PRC,HIGH_1,LOW_1,BID,ASK,TRDPRC_1,TRDVOL_1",16.861,16.877,16.869
2024-01-15,MXN=,"OPEN_PRC,HIGH_1,LOW_1,BID,ASK,TRDPRC_1,TRDVOL_1",16.877,16.891,16.884
2024-01-16,MXN=,"OPEN_PRC,HIGH_1,LOW_1,BID,ASK,TRDPRC_1,TRDVOL_1",17.202,17.228,17.215000000000003
2024-01-17,MXN=,"OPEN_PRC,HIGH_1,LOW_1,BID,ASK,TRDPRC_1,TRDVOL_1",17.194,17.202,17.198
2024-01-18,MXN=,"OPEN_PRC,HIGH_1,LOW_1,BID,ASK,TRDPRC_1,TRDVOL_1",17.146,17.171,17.1585
2024-01-19,MXN=,"OPEN_PRC,HIGH_1,LOW_1,BID,ASK,TRDPRC_1,TRDVOL_1",17.078,17.093,17.0855
2024-01-22,MXN=,"OPEN_PRC,HIGH_1,LOW_1,BID,ASK,TRDPRC_1,TRDVOL_1",17.174,17.19,17.182000000000002
2024-01-23,MXN=,"OPEN_PRC,HIGH_1,LOW_1,BID,ASK,TRDPRC_1,TRDVOL_1",17.3,17.328,17.314
2024-01-24,MXN=,"OPEN_PRC,HIGH_1,LOW_1,BID,ASK,TRDPRC_1,TRDVOL_1",17.21,17.25,17.23
2024-01-25,MXN=,"OPEN_PRC,HIGH_1,LOW_1,BID,ASK,TRDPRC_1,TRDVOL_1",17.19,17.22,17.205
2024-01-26,MXN=,"OPEN_PRC,HIGH_1,LOW_1,BID,ASK,TRDPRC_1,TRDVOL_1",17.1543,17.187,17.170650000000002
2024-01-29,MXN=,"OPEN_PRC,HIGH_1,LOW_1,BID,ASK,TRDPRC_1,TRDVOL_1",17.218,17.236,17.227
2024-01-30,MXN=,"OPEN_PRC,HIGH_1,LOW_1,BID,ASK,TRDPRC_1,TRDVOL_1",17.14,17.162,17.151
2024-01-31,MXN=,"OPEN_PRC,HIGH_1,LOW_1,BID,ASK,TRDPRC_1,TRDVOL_1",17.212,17.226,17.219
2024-02-01,MXN=,"OPEN_PRC,HIGH_1,LOW_1,BID,ASK,TRDPRC_1,TRDVOL_1",17.08,17.096,17.088
2024-02-02,MXN=,"OPEN_PRC,HIGH_1,LOW_1,BID,ASK,TRDPRC_1,TRDVOL_1",17.113,17.149,17.131
2024-02-05,MXN=,"OPEN_PRC,HIGH_1,LOW_1,BID,ASK,TRDPRC_1,TRDVOL_1",17.111,17.139,17.125
2024-02-06,MXN=,"OPEN_PRC,HIGH_1,LOW_1,BID,ASK,TRDPRC_1,TRDVOL_1",17.032,17.042,17.037
2024-02-07,MXN=,"OPEN_PRC,HIGH_1,LOW_1,BID,ASK,TRDPRC_1,TRDVOL_1",17.026,17.068,17.047
2024-02-08,MXN=,"OPEN_PRC,HIGH_1,LOW_1,BID,ASK,TRDPRC_1,TRDVOL_1",17.1408,17.1513,17.14605
2024-02-09,MXN=,"OPEN_PRC,HIGH_1,LOW_1,BID,ASK,TRDPRC_1,TRDVOL_1",17.076,17.121,17.0985
2024-02-12,MXN=,"OPEN_PRC,HIGH_1,LOW_1,BID,ASK,TRDPRC_1,TRDVOL_1",17.0644,17.0749,17.06965
2024-02-13,MXN=,"OPEN_PRC,HIGH_1,LOW_1,BID,ASK,TRDPRC_1,TRDVOL_1",17.175,17.205,17.189999999999998
2024-02-14,MXN=,"OPEN_PRC,HIGH_1,LOW_1,BID,ASK,TRDPRC_1,TRDVOL_1",17.073,17.102,17.0875
2024-02-15,MXN=,"OPEN_PRC,HIGH_1,LOW_1,BID,ASK,TRDPRC_1,TRDVOL_1",17.039,17.0495,17.044249999999998
2024-02-16,MXN=,"OPEN_PRC,HIGH_1,LOW_1,BID,ASK,TRDPRC_1,TRDVOL_1",17.051,17.091,17.070999999999998
2024-02-19,MXN=,"OPEN_PRC,HIGH_1,LOW_1,BID,ASK,TRDPRC_1,TRDVOL_1",17.041,17.069,17.055
2024-02-20,MXN=,"OPEN_PRC,HIGH_1,LOW_1,BID,ASK,TRDPRC_1,TRDVOL_1",17.048,17.083,17.0655
2024-02-21,MXN=,"OPEN_PRC,HIGH_1,LOW_1,BID,ASK,TRDPRC_1,TRDVOL_1",17.0382,17.0487,17.04345
2024-02-22,MXN=,"OPEN_PRC,HIGH_1,LOW_1,BID,ASK,TRDPRC_1,TRDVOL_1",17.098,17.14,17.119
2024-02-23,MXN=,"OPEN_PRC,HIGH_1,LOW_1,BID,ASK,TRDPRC_1,TRDVOL_1",17.107,17.121,17.113999999999997
2024-02-26,MXN=,"OPEN_PRC,HIGH_1,LOW_1,BID,ASK,TRDPRC_1,TRDVOL_1",17.0944,17.12,17.1072
2024-02-27,MXN=,"OPEN_PRC,HIGH_1,LOW_1,BID,ASK,TRDPRC_1,TRDVOL_1",17.0587,17.0692,17.06395
2024-02-28,MXN=,"OPEN_PRC,HIGH_1,LOW_1,BID,ASK,TRDPRC_1,TRDVOL_1",17.0898,17.1003,17.09505
2024-02-29,MXN=,"OPEN_PRC,HIGH_1,LOW_1,BID,ASK,TRDPRC_1,TRDVOL_1",17.049,17.082,17.0655
2024-03-01,MXN=,"OPEN_PRC,HIGH_1,LOW_1,BID,ASK,TRDPRC_1,TRDVOL_1",17.0108,17.0213,17.01605
2024-03-04,MXN=,"OPEN_PRC,HIGH_1,LOW_1,BID,ASK,TRDPRC_1,TRDVOL_1",16.96,16.97,16.965
2024-03-05,MXN=,"OPEN_PRC,HIGH_1,LOW_1,BID,ASK,TRDPRC_1,TRDVOL_1",16.9426,16.9531,16.94785
2024-03-06,MXN=,"OPEN_PRC,HIGH_1,LOW_1,BID,ASK,TRDPRC_1,TRDVOL_1",16.877,16.9,16.8885
2024-03-07,MXN=,"OPEN_PRC,HIGH_1,LOW_1,BID,ASK,TRDPRC_1,TRDVOL_1",16.87,16.903,16.886499999999998
2024-03-08,MXN=,"OPEN_PRC,HIGH_1,LOW_1,BID,ASK,TRDPRC_1,TRDVOL_1",16.8089,16.8194,16.81415
2024-03-11,MXN=,"OPEN_PRC,HIGH_1,LOW_1,BID,ASK,TRDPRC_1,TRDVOL_1",16.779,16.806,16.7925
2024-03-12,MXN=,"OPEN_PRC,HIGH_1,LOW_1,BID,ASK,TRDPRC_1,TRDVOL_1",16.7945,16.805,16.79975
2024-03-13,MXN=,"OPEN_PRC,HIGH_1,LOW_1,BID,ASK,TRDPRC_1,TRDVOL_1",16.6595,16.682,16.670749999999998
2024-03-14,MXN=,"OPEN_PRC,HIGH_1,LOW_1,BID,ASK,TRDPRC_1,TRDVOL_1",16.696,16.709,16.7025
2024-03-15,MXN=,"OPEN_PRC,HIGH_1,LOW_1,BID,ASK,TRDPRC_1,TRDVOL_1",16.693,16.735,16.714
2024-03-18,MXN=,"OPEN_PRC,HIGH_1,LOW_1,BID,ASK,TRDPRC_1,TRDVOL_1",16.8253,16.8358,16.83055
2024-03-19,MXN=,"OPEN_PRC,HIGH_1,LOW_1,BID,ASK,TRDPRC_1,TRDVOL_1",16.802,16.82,16.811
2024-03-20,MXN=,"OPEN_PRC,HIGH_1,LOW_1,BID,ASK,TRDPRC_1,TRDVOL_1",16.6733,16.6911,16.6822
2024-03-21,MXN=,"OPEN_PRC,HIGH_1,LOW_1,BID,ASK,TRDPRC_1,TRDVOL_1",16.7352,16.7457,16.74045
2024-03-22,MXN=,"OPEN_PRC,HIGH_1,LOW_1,BID,ASK,TRDPRC_1,TRDVOL_1",16.757,16.78,16.768500000000003
2024-03-25,MXN=,"OPEN_PRC,HIGH_1,LOW_1,BID,ASK,TRDPRC_1,TRDVOL_1",16.673,16.679,16.676
2024-03-26,MXN=,"OPEN_PRC,HIGH_1,LOW_1,BID,ASK,TRDPRC_1,TRDVOL_1",16.635,16.665,16.65
2024-03-27,MXN=,"OPEN_PRC,HIGH_1,LOW_1,BID,ASK,TRDPRC_1,TRDVOL_1",16.523,16.564,16.5435
2024-03-28,MXN=,"OPEN_PRC,HIGH_1,LOW_1,BID,ASK,TRDPRC_1,TRDVOL_1",16.622,16.638,16.630000000000003
2024-03-29,MXN=,"OPEN_PRC,HIGH_1,LOW_1,BID,ASK,TRDPRC_1,TRDVOL_1",16.531,16.581,16.555999999999997
2024-04-01,MXN=,"OPEN_PRC,HIGH_1,LOW_1,BID,ASK,TRDPRC_1,TRDVOL_1",16.6118,16.6223,16.61705
2024-04-02,MXN=,"OPEN_PRC,HIGH_1,LOW_1,BID,ASK,TRDPRC_1,TRDVOL_1",16.55,16.56,16.555
2024-04-03,MXN=,"OPEN_PRC,HIGH_1,LOW_1,BID,ASK,TRDPRC_1,TRDVOL_1",16.534,16.559,16.5465
2024-04-04,MXN=,"OPEN_PRC,HIGH_1,LOW_1,BID,ASK,TRDPRC_1,TRDVOL_1",16.5829,16.5934,16.58815
2024-04-05,MXN=,"OPEN_PRC,HIGH_1,LOW_1,BID,ASK,TRDPRC_1,TRDVOL_1",16.4497,16.4602,16.45495
2024-04-08,MXN=,"OPEN_PRC,HIGH_1,LOW_1,BID,ASK,TRDPRC_1,TRDVOL_1",16.313,16.338,16.325499999999998
2024-04-09,MXN=,"OPEN_PRC,HIGH_1,LOW_1,BID,ASK,TRDPRC_1,TRDVOL_1",16.3826,16.3931,16.38785
2024-04-10,MXN=,"OPEN_PRC,HIGH_1,LOW_1,BID,ASK,TRDPRC_1,TRDVOL_1",16.41,16.45,16.43
2024-04-11,MXN=,"OPEN_PRC,HIGH_1,LOW_1,BID,ASK,TRDPRC_1,TRDVOL_1",16.4343,16.4448,16.43955
2024-04-12,MXN=,"OPEN_PRC,HIGH_1,LOW_1,BID,ASK,TRDPRC_1,TRDVOL_1",16.62,16.7,16.66
2024-04-15,MXN=,"OPEN_PRC,HIGH_1,LOW_1,BID,ASK,TRDPRC_1,TRDVOL_1",16.723,16.729,16.726
2024-04-16,MXN=,"OPEN_PRC,HIGH_1,LOW_1,BID,ASK,TRDPRC_1,TRDVOL_1",17.053,17.095,17.073999999999998
2024-04-17,MXN=,"OPEN_PRC,HIGH_1,LOW_1,BID,ASK,TRDPRC_1,TRDVOL_1",16.957,17.0,16.9785
2024-04-18,MXN=,"OPEN_PRC,HIGH_1,LOW_1,BID,ASK,TRDPRC_1,TRDVOL_1",17.075,17.081,17.078
2024-04-19,MXN=,"OPEN_PRC,HIGH_1,LOW_1,BID,ASK,TRDPRC_1,TRDVOL_1",17.082,17.12,17.101
2024-04-22,MXN=,"OPEN_PRC,HIGH_1,LOW_1,BID,ASK,TRDPRC_1,TRDVOL_1",17.1317,17.1422,17.13695
2024-04-23,MXN=,"OPEN_PRC,HIGH_1,LOW_1,BID,ASK,TRDPRC_1,TRDVOL_1",16.939,16.982,16.9605
2024-04-24,MXN=,"OPEN_PRC,HIGH_1,LOW_1,BID,ASK,TRDPRC_1,TRDVOL_1",17.0556,17.0889,17.072249999999997
2024-04-25,MXN=,"OPEN_PRC,HIGH_1,LOW_1,BID,ASK,TRDPRC_1,TRDVOL_1",17.195,17.22,17.2075
2024-04-26,MXN=,"OPEN_PRC,HIGH_1,LOW_1,BID,ASK,TRDPRC_1,TRDVOL_1",17.139,17.183,17.161
2024-04-29,MXN=,"OPEN_PRC,HIGH_1,LOW_1,BID,ASK,TRDPRC_1,TRDVOL_1",17.0016,17.0121,17.00685
2024-04-30,MXN=,"OPEN_PRC,HIGH_1,LOW_1,BID,ASK,TRDPRC_1,TRDVOL_1",17.1355,17.146,17.14075
2024-05-01,MXN=,"OPEN_PRC,HIGH_1,LOW_1,BID,ASK,TRDPRC_1,TRDVOL_1",16.985,17.003,16.994
2024-05-02,MXN=,"OPEN_PRC,HIGH_1,LOW_1,BID,ASK,TRDPRC_1,TRDVOL_1",16.9653,17.0102,16.98775
2024-05-03,MXN=,"OPEN_PRC,HIGH_1,LOW_1,BID,ASK,TRDPRC_1,TRDVOL_1",16.96,16.984,16.972
2024-05-06,MXN=,"OPEN_PRC,HIGH_1,LOW_1,BID,ASK,TRDPRC_1,TRDVOL_1",16.86,16.902,16.881
2024-05-07,MXN=,"OPEN_PRC,HIGH_1,LOW_1,BID,ASK,TRDPRC_1,TRDVOL_1",16.876,16.912,16.894
2024-05-08,MXN=,"OPEN_PRC,HIGH_1,LOW_1,BID,ASK,TRDPRC_1,TRDVOL_1",16.895,16.923,16.909
2024-05-09,MXN=,"OPEN_PRC,HIGH_1,LOW_1,BID,ASK,TRDPRC_1,TRDVOL_1",16.751,16.8,16.7755
2024-05-10,MXN=,"OPEN_PRC,HIGH_1,LOW_1,BID,ASK,TRDPRC_1,TRDVOL_1",16.75,16.8,16.775
2024-05-13,MXN=,"OPEN_PRC,HIGH_1,LOW_1,BID,ASK,TRDPRC_1,TRDVOL_1",16.7991,16.8096,16.80435
2024-05-14,MXN=,"OPEN_PRC,HIGH_1,LOW_1,BID,ASK,TRDPRC_1,TRDVOL_1",16.833,16.873,16.853
2024-05-15,MXN=,"OPEN_PRC,HIGH_1,LOW_1,BID,ASK,TRDPRC_1,TRDVOL_1",16.6799,16.6904,16.68515
2024-05-16,MXN=,"OPEN_PRC,HIGH_1,LOW_1,BID,ASK,TRDPRC_1,TRDVOL_1",16.67,16.692,16.681
2024-05-17,MXN=,"OPEN_PRC,HIGH_1,LOW_1,BID,ASK,TRDPRC_1,TRDVOL_1",16.59,16.65,16.619999999999997
2024-05-20,MXN=,"OPEN_PRC,HIGH_1,LOW_1,BID,ASK,TRDPRC_1,TRDVOL_1",16.5536,16.5641,16.55885
2024-05-21,MXN=,"OPEN_PRC,HIGH_1,LOW_1,BID,ASK,TRDPRC_1,TRDVOL_1",16.62,16.643,16.631500000000003
2024-05-22,MXN=,"OPEN_PRC,HIGH_1,LOW_1,BID,ASK,TRDPRC_1,TRDVOL_1",16.66,16.667,16.6635
2024-05-23,MXN=,"OPEN_PRC,HIGH_1,LOW_1,BID,ASK,TRDPRC_1,TRDVOL_1",16.7153,16.7258,16.72055
2024-05-24,MXN=,"OPEN_PRC,HIGH_1,LOW_1,BID,ASK,TRDPRC_1,TRDVOL_1",16.682,16.712,16.697
2024-05-27,MXN=,"OPEN_PRC,HIGH_1,LOW_1,BID,ASK,TRDPRC_1,TRDVOL_1",16.645,16.711,16.677999999999997
2024-05-28,MXN=,"OPEN_PRC,HIGH_1,LOW_1,BID,ASK,TRDPRC_1,TRDVOL_1",16.7799,16.8152,16.79755
2024-05-29,MXN=,"OPEN_PRC,HIGH_1,LOW_1,BID,ASK,TRDPRC_1,TRDVOL_1",16.948,17.01,16.979
2024-05-30,MXN=,"OPEN_PRC,HIGH_1,LOW_1,BID,ASK,TRDPRC_1,TRDVOL_1",17.0168,17.0273,17.02205
2024-05-31,MXN=,"OPEN_PRC,HIGH_1,LOW_1,BID,ASK,TRDPRC_1,TRDVOL_1",16.993,17.066,17.0295
2024-06-03,MXN=,"OPEN_PRC,HIGH_1,LOW_1,BID,ASK,TRDPRC_1,TRDVOL_1",17.671,17.722,17.6965
2024-06-04,MXN=,"OPEN_PRC,HIGH_1,LOW_1,BID,ASK,TRDPRC_1,TRDVOL_1",17.853,17.862,17.8575
2024-06-05,MXN=,"OPEN_PRC,HIGH_1,LOW_1,BID,ASK,TRDPRC_1,TRDVOL_1",17.493,17.565,17.529
2024-06-06,MXN=,"OPEN_PRC,HIGH_1,LOW_1,BID,ASK,TRDPRC_1,TRDVOL_1",17.97,18.001,17.985500000000002
2024-06-07,MXN=,"OPEN_PRC,HIGH_1,LOW_1,BID,ASK,TRDPRC_1,TRDVOL_1",18.38,18.4,18.39
2024-06-10,MXN=,"OPEN_PRC,HIGH_1,LOW_1,BID,ASK,TRDPRC_1,TRDVOL_1",18.21,18.277,18.2435
2024-06-11,MXN=,"OPEN_PRC,HIGH_1,LOW_1,BID,ASK,TRDPRC_1,TRDVOL_1",18.5706,18.6007,18.58565
2024-06-12,MXN=,"OPEN_PRC,HIGH_1,LOW_1,BID,ASK,TRDPRC_1,TRDVOL_1",18.73,18.769,18.749499999999998
2024-06-13,MXN=,"OPEN_PRC,HIGH_1,LOW_1,BID,ASK,TRDPRC_1,TRDVOL_1",18.355,18.412,18.383499999999998
2024-06-14,MXN=,"OPEN_PRC,HIGH_1,LOW_1,BID,ASK,TRDPRC_1,TRDVOL_1",18.454,18.48,18.467
2024-06-17,MXN=,"OPEN_PRC,HIGH_1,LOW_1,BID,ASK,TRDPRC_1,TRDVOL_1",18.508,18.555,18.5315
2024-06-18,MXN=,"OPEN_PRC,HIGH_1,LOW_1,BID,ASK,TRDPRC_1,TRDVOL_1",18.395,18.425,18.41
2024-06-19,MXN=,"OPEN_PRC,HIGH_1,LOW_1,BID,ASK,TRDPRC_1,TRDVOL_1",18.408,18.437,18.4225
2024-06-20,MXN=,"OPEN_PRC,HIGH_1,LOW_1,BID,ASK,TRDPRC_1,TRDVOL_1",18.3454,18.3976,18.3715
2024-06-21,MXN=,"OPEN_PRC,HIGH_1,LOW_1,BID,ASK,TRDPRC_1,TRDVOL_1",18.1,18.15,18.125
2024-06-24,MXN=,"OPEN_PRC,HIGH_1,LOW_1,BID,ASK,TRDPRC_1,TRDVOL_1",17.938,18.014,17.976
2024-06-25,MXN=,"OPEN_PRC,HIGH_1,LOW_1,BID,ASK,TRDPRC_1,TRDVOL_1",18.0932,18.1037,18.09845
2024-06-26,MXN=,"OPEN_PRC,HIGH_1,LOW_1,BID,ASK,TRDPRC_1,TRDVOL_1",18.325,18.357,18.341
2024-06-27,MXN=,"OPEN_PRC,HIGH_1,LOW_1,BID,ASK,TRDPRC_1,TRDVOL_1",18.419,18.458,18.438499999999998
2024-06-28,MXN=,"OPEN_PRC,HIGH_1,LOW_1,BID,ASK,TRDPRC_1,TRDVOL_1",18.33,18.347,18.3385
2024-07-01,MXN=,"OPEN_PRC,HIGH_1,LOW_1,BID,ASK,TRDPRC_1,TRDVOL_1",18.337,18.389,18.363
2024-07-02,MXN=,"OPEN_PRC,HIGH_1,LOW_1,BID,ASK,TRDPRC_1,TRDVOL_1",18.248,18.272,18.259999999999998
2024-07-03,MXN=,"OPEN_PRC,HIGH_1,LOW_1,BID,ASK,TRDPRC_1,TRDVOL_1",18.1592,18.2028,18.180999999999997
2024-07-04,MXN=,"OPEN_PRC,HIGH_1,LOW_1,BID,ASK,TRDPRC_1,TRDVOL_1",18.077,18.1094,18.093200000000003
2024-07-05,MXN=,"OPEN_PRC,HIGH_1,LOW_1,BID,ASK,TRDPRC_1,TRDVOL_1",18.0925,18.1247,18.108600000000003
2024-07-08,MXN=,"OPEN_PRC,HIGH_1,LOW_1,BID,ASK,TRDPRC_1,TRDVOL_1",17.996,18.03,18.012999999999998
2024-07-09,MXN=,"OPEN_PRC,HIGH_1,LOW_1,BID,ASK,TRDPRC_1,TRDVOL_1",17.918,17.928,17.923000000000002
2024-07-10,MXN=,"OPEN_PRC,HIGH_1,LOW_1,BID,ASK,TRDPRC_1,TRDVOL_1",17.8156,17.8569,17.83625
2024-07-11,MXN=,"OPEN_PRC,HIGH_1,LOW_1,BID,ASK,TRDPRC_1,TRDVOL_1",17.766,17.797,17.7815
2024-07-12,MXN=,"OPEN_PRC,HIGH_1,LOW_1,BID,ASK,TRDPRC_1,TRDVOL_1",17.606,17.64,17.623
2024-07-15,MXN=,"OPEN_PRC,HIGH_1,LOW_1,BID,ASK,TRDPRC_1,TRDVOL_1",17.725,17.757,17.741
2024-07-16,MXN=,"OPEN_PRC,HIGH_1,LOW_1,BID,ASK,TRDPRC_1,TRDVOL_1",17.662,17.69,17.676000000000002
2024-07-17,MXN=,"OPEN_PRC,HIGH_1,LOW_1,BID,ASK,TRDPRC_1,TRDVOL_1",17.692,17.737,17.7145
2024-07-18,MXN=,"OPEN_PRC,HIGH_1,LOW_1,BID,ASK,TRDPRC_1,TRDVOL_1",17.948,17.975,17.9615
2024-07-19,MXN=,"OPEN_PRC,HIGH_1,LOW_1,BID,ASK,TRDPRC_1,TRDVOL_1",18.035,18.088,18.061500000000002
2024-07-22,MXN=,"OPEN_PRC,HIGH_1,LOW_1,BID,ASK,TRDPRC_1,TRDVOL_1",17.925,17.951,17.938000000000002
2024-07-23,MXN=,"OPEN_PRC,HIGH_1,LOW_1,BID,ASK,TRDPRC_1,TRDVOL_1",18.1397,18.1502,18.14495
2024-07-24,MXN=,"OPEN_PRC,HIGH_1,LOW_1,BID,ASK,TRDPRC_1,TRDVOL_1",18.354,18.379,18.366500000000002
2024-07-25,MXN=,"OPEN_PRC,HIGH_1,LOW_1,BID,ASK,TRDPRC_1,TRDVOL_1",18.4475,18.458,18.45275
2024-07-26,MXN=,"OPEN_PRC,HIGH_1,LOW_1,BID,ASK,TRDPRC_1,TRDVOL_1",18.45,18.479,18.4645
2024-07-29,MXN=,"OPEN_PRC,HIGH_1,LOW_1,BID,ASK,TRDPRC_1,TRDVOL_1",18.6271,18.6376,18.63235
2024-07-30,MXN=,"OPEN_PRC,HIGH_1,LOW_1,BID,ASK,TRDPRC_1,TRDVOL_1",18.751,18.777,18.764000000000003
2024-07-31,MXN=,"OPEN_PRC,HIGH_1,LOW_1,BID,ASK,TRDPRC_1,TRDVOL_1",18.6,18.64,18.62
2024-08-01,MXN=,"OPEN_PRC,HIGH_1,LOW_1,BID,ASK,TRDPRC_1,TRDVOL_1",18.845,18.873,18.859
2024-08-02,MXN=,"OPEN_PRC,HIGH_1,LOW_1,BID,ASK,TRDPRC_1,TRDVOL_1",19.162,19.194,19.177999999999997
2024-08-05,MXN=,"OPEN_PRC,HIGH_1,LOW_1,BID,ASK,TRDPRC_1,TRDVOL_1",19.332,19.351,19.3415
2024-08-06,MXN=,"OPEN_PRC,HIGH_1,LOW_1,BID,ASK,TRDPRC_1,TRDVOL_1",19.564,19.606,19.585
2024-08-07,MXN=,"OPEN_PRC,HIGH_1,LOW_1,BID,ASK,TRDPRC_1,TRDVOL_1",19.267,19.306,19.2865
2024-08-08,MXN=,"OPEN_PRC,HIGH_1,LOW_1,BID,ASK,TRDPRC_1,TRDVOL_1",18.86,18.89,18.875
2024-08-09,MXN=,"OPEN_PRC,HIGH_1,LOW_1,BID,ASK,TRDPRC_1,TRDVOL_1",18.824,18.848,18.836
2024-08-12,MXN=,"OPEN_PRC,HIGH_1,LOW_1,BID,ASK,TRDPRC_1,TRDVOL_1",19.059,19.099,19.079
2024-08-13,MXN=,"OPEN_PRC,HIGH_1,LOW_1,BID,ASK,TRDPRC_1,TRDVOL_1",18.997,19.04,19.0185
2024-08-14,MXN=,"OPEN_PRC,HIGH_1,LOW_1,BID,ASK,TRDPRC_1,TRDVOL_1",18.78,18.809,18.7945
2024-08-15,MXN=,"OPEN_PRC,HIGH_1,LOW_1,BID,ASK,TRDPRC_1,TRDVOL_1",18.6372,18.6477,18.64245
2024-08-16,MXN=,"OPEN_PRC,HIGH_1,LOW_1,BID,ASK,TRDPRC_1,TRDVOL_1",18.632,18.653,18.6425
2024-08-19,MXN=,"OPEN_PRC,HIGH_1,LOW_1,BID,ASK,TRDPRC_1,TRDVOL_1",18.656,18.693,18.674500000000002
2024-08-20,MXN=,"OPEN_PRC,HIGH_1,LOW_1,BID,ASK,TRDPRC_1,TRDVOL_1",18.982,18.995,18.988500000000002
2024-08-21,MXN=,"OPEN_PRC,HIGH_1,LOW_1,BID,ASK,TRDPRC_1,TRDVOL_1",19.27,19.291,19.2805
2024-08-22,MXN=,"OPEN_PRC,HIGH_1,LOW_1,BID,ASK,TRDPRC_1,TRDVOL_1",19.516,19.55,19.533
2024-08-23,MXN=,"OPEN_PRC,HIGH_1,LOW_1,BID,ASK,TRDPRC_1,TRDVOL_1",19.094,19.122,19.108
2024-08-26,MXN=,"OPEN_PRC,HIGH_1,LOW_1,BID,ASK,TRDPRC_1,TRDVOL_1",19.395,19.409,19.402
2024-08-27,MXN=,"OPEN_PRC,HIGH_1,LOW_1,BID,ASK,TRDPRC_1,TRDVOL_1",19.75,19.785,19.7675
2024-08-28,MXN=,"OPEN_PRC,HIGH_1,LOW_1,BID,ASK,TRDPRC_1,TRDVOL_1",19.6412,19.6517,19.64645
2024-08-29,MXN=,"OPEN_PRC,HIGH_1,LOW_1,BID,ASK,TRDPRC_1,TRDVOL_1",19.835,19.863,19.849
2024-08-30,MXN=,"OPEN_PRC,HIGH_1,LOW_1,BID,ASK,TRDPRC_1,TRDVOL_1",19.71,19.74,19.725
2024-09-02,MXN=,"OPEN_PRC,HIGH_1,LOW_1,BID,ASK,TRDPRC_1,TRDVOL_1",19.812,19.838,19.825000000000003
2024-09-03,MXN=,"OPEN_PRC,HIGH_1,LOW_1,BID,ASK,TRDPRC_1,TRDVOL_1",19.7836,19.8055,19.79455
2024-09-04,MXN=,"OPEN_PRC,HIGH_1,LOW_1,BID,ASK,TRDPRC_1,TRDVOL_1",19.925,19.95,19.9375
2024-09-05,MXN=,"OPEN_PRC,HIGH_1,LOW_1,BID,ASK,TRDPRC_1,TRDVOL_1",19.861,19.887,19.874000000000002
2024-09-06,MXN=,"OPEN_PRC,HIGH_1,LOW_1,BID,ASK,TRDPRC_1,TRDVOL_1",19.969,20.005,19.987000000000002
2024-09-09,MXN=,"OPEN_PRC,HIGH_1,LOW_1,BID,ASK,TRDPRC_1,TRDVOL_1",19.881,19.8915,19.88625
2024-09-10,MXN=,"OPEN_PRC,HIGH_1,LOW_1,BID,ASK,TRDPRC_1,TRDVOL_1",20.0945,20.1208,20.10765
2024-09-11,MXN=,"OPEN_PRC,HIGH_1,LOW_1,BID,ASK,TRDPRC_1,TRDVOL_1",19.786,19.833,19.8095
2024-09-12,MXN=,"OPEN_PRC,HIGH_1,LOW_1,BID,ASK,TRDPRC_1,TRDVOL_1",19.51,19.559,19.5345
2024-09-13,MXN=,"OPEN_PRC,HIGH_1,LOW_1,BID,ASK,TRDPRC_1,TRDVOL_1",19.187,19.253,19.22
2024-09-16,MXN=,"OPEN_PRC,HIGH_1,LOW_1,BID,ASK,TRDPRC_1,TRDVOL_1",19.207,19.233,19.22
2024-09-17,MXN=,"OPEN_PRC,HIGH_1,LOW_1,BID,ASK,TRDPRC_1,TRDVOL_1",19.092,19.123,19.1075
2024-09-18,MXN=,"OPEN_PRC,HIGH_1,LOW_1,BID,ASK,TRDPRC_1,TRDVOL_1",19.283,19.297,19.29
2024-09-19,MXN=,"OPEN_PRC,HIGH_1,LOW_1,BID,ASK,TRDPRC_1,TRDVOL_1",19.3,19.33,19.314999999999998
2024-09-20,MXN=,"OPEN_PRC,HIGH_1,LOW_1,BID,ASK,TRDPRC_1,TRDVOL_1",19.404,19.448,19.426000000000002
2024-09-23,MXN=,"OPEN_PRC,HIGH_1,LOW_1,BID,ASK,TRDPRC_1,TRDVOL_1",19.415,19.43,19.4225
2024-09-24,MXN=,"OPEN_PRC,HIGH_1,LOW_1,BID,ASK,TRDPRC_1,TRDVOL_1",19.306,19.345,19.325499999999998
2024-09-25,MXN=,"OPEN_PRC,HIGH_1,LOW_1,BID,ASK,TRDPRC_1,TRDVOL_1",19.624,19.658,19.641
2024-09-26,MXN=,"OPEN_PRC,HIGH_1,LOW_1,BID,ASK,TRDPRC_1,TRDVOL_1",19.611,19.649,19.630000000000003
2024-09-27,MXN=,"OPEN_PRC,HIGH_1,LOW_1,BID,ASK,TRDPRC_1,TRDVOL_1",19.702,19.716,19.709000000000003
2024-09-30,MXN=,"OPEN_PRC,HIGH_1,LOW_1,BID,ASK,TRDPRC_1,TRDVOL_1",19.678,19.726,19.701999999999998
2024-10-01,MXN=,"OPEN_PRC,HIGH_1,LOW_1,BID,ASK,TRDPRC_1,TRDVOL_1",19.605,19.6271,19.61605
2024-10-02,MXN=,"OPEN_PRC,HIGH_1,LOW_1,BID,ASK,TRDPRC_1,TRDVOL_1",19.4,19.43,19.415
2024-10-03,MXN=,"OPEN_PRC,HIGH_1,LOW_1,BID,ASK,TRDPRC_1,TRDVOL_1",19.34,19.39,19.365000000000002
2024-10-04,MXN=,"OPEN_PRC,HIGH_1,LOW_1,BID,ASK,TRDPRC_1,TRDVOL_1",19.257,19.299,19.278
2024-10-07,MXN=,"OPEN_PRC,HIGH_1,LOW_1,BID,ASK,TRDPRC_1,TRDVOL_1",19.27,19.304,19.287
2024-10-08,MXN=,"OPEN_PRC,HIGH_1,LOW_1,BID,ASK,TRDPRC_1,TRDVOL_1",19.331,19.368,19.3495
2024-10-09,MXN=,"OPEN_PRC,HIGH_1,LOW_1,BID,ASK,TRDPRC_1,TRDVOL_1",19.49,19.506,19.497999999999998
2024-10-10,MXN=,"OPEN_PRC,HIGH_1,LOW_1,BID,ASK,TRDPRC_1,TRDVOL_1",19.45,19.469,19.4595
2024-10-11,MXN=,"OPEN_PRC,HIGH_1,LOW_1,BID,ASK,TRDPRC_1,TRDVOL_1",19.256,19.298,19.277
2024-10-14,MXN=,"OPEN_PRC,HIGH_1,LOW_1,BID,ASK,TRDPRC_1,TRDVOL_1",19.362,19.393,19.377499999999998
2024-10-15,MXN=,"OPEN_PRC,HIGH_1,LOW_1,BID,ASK,TRDPRC_1,TRDVOL_1",19.684,19.75,19.717
2024-10-16,MXN=,"OPEN_PRC,HIGH_1,LOW_1,BID,ASK,TRDPRC_1,TRDVOL_1",19.85,19.909,19.8795
2024-10-17,MXN=,"OPEN_PRC,HIGH_1,LOW_1,BID,ASK,TRDPRC_1,TRDVOL_1",19.833,19.858,19.8455
2024-10-18,MXN=,"OPEN_PRC,HIGH_1,LOW_1,BID,ASK,TRDPRC_1,TRDVOL_1",19.849,19.911,19.880000000000003
2024-10-21,MXN=,"OPEN_PRC,HIGH_1,LOW_1,BID,ASK,TRDPRC_1,TRDVOL_1",19.967,20.001,19.984
2024-10-22,MXN=,"OPEN_PRC,HIGH_1,LOW_1,BID,ASK,TRDPRC_1,TRDVOL_1",19.948,19.968,19.958
2024-10-23,MXN=,"OPEN_PRC,HIGH_1,LOW_1,BID,ASK,TRDPRC_1,TRDVOL_1",19.826,19.863,19.8445
2024-10-24,MXN=,"OPEN_PRC,HIGH_1,LOW_1,BID,ASK,TRDPRC_1,TRDVOL_1",19.792,19.818,19.805
2024-10-25,MXN=,"OPEN_PRC,HIGH_1,LOW_1,BID,ASK,TRDPRC_1,TRDVOL_1",19.95,20.0,19.975
2024-10-28,MXN=,"OPEN_PRC,HIGH_1,LOW_1,BID,ASK,TRDPRC_1,TRDVOL_1",20.023,20.06,20.0415
2024-10-29,MXN=,"OPEN_PRC,HIGH_1,LOW_1,BID,ASK,TRDPRC_1,TRDVOL_1",20.048,20.098,20.073
2024-10-30,MXN=,"OPEN_PRC,HIGH_1,LOW_1,BID,ASK,TRDPRC_1,TRDVOL_1",20.143,20.168,20.1555
2024-10-31,MXN=,"OPEN_PRC,HIGH_1,LOW_1,BID,ASK,TRDPRC_1,TRDVOL_1",20.012,20.053,20.0325
2024-11-01,MXN=,"OPEN_PRC,HIGH_1,LOW_1,BID,ASK,TRDPRC_1,TRDVOL_1",20.267,20.299,20.283
2024-11-04,MXN=,"OPEN_PRC,HIGH_1,LOW_1,BID,ASK,TRDPRC_1,TRDVOL_1",20.091,20.127,20.109
2024-11-05,MXN=,"OPEN_PRC,HIGH_1,LOW_1,BID,ASK,TRDPRC_1,TRDVOL_1",20.097,20.119,20.108
2024-11-06,MXN=,"OPEN_PRC,HIGH_1,LOW_1,BID,ASK,TRDPRC_1,TRDVOL_1",20.08,20.105,20.0925
2024-11-07,MXN=,"OPEN_PRC,HIGH_1,LOW_1,BID,ASK,TRDPRC_1,TRDVOL_1",19.795,19.826,19.8105
2024-11-08,MXN=,"OPEN_PRC,HIGH_1,LOW_1,BID,ASK,TRDPRC_1,TRDVOL_1",20.1711,20.1816,20.17635
2024-11-11,MXN=,"OPEN_PRC,HIGH_1,LOW_1,BID,ASK,TRDPRC_1,TRDVOL_1",20.334,20.362,20.348
2024-11-12,MXN=,"OPEN_PRC,HIGH_1,LOW_1,BID,ASK,TRDPRC_1,TRDVOL_1",20.581,20.612,20.5965
2024-11-13,MXN=,"OPEN_PRC,HIGH_1,LOW_1,BID,ASK,TRDPRC_1,TRDVOL_1",20.492,20.537,20.514499999999998
2024-11-14,MXN=,"OPEN_PRC,HIGH_1,LOW_1,BID,ASK,TRDPRC_1,TRDVOL_1",20.402,20.419,20.4105
2024-11-15,MXN=,"OPEN_PRC,HIGH_1,LOW_1,BID,ASK,TRDPRC_1,TRDVOL_1",20.301,20.371,20.336
2024-11-18,MXN=,"OPEN_PRC,HIGH_1,LOW_1,BID,ASK,TRDPRC_1,TRDVOL_1",20.202,20.22,20.211
2024-11-19,MXN=,"OPEN_PRC,HIGH_1,LOW_1,BID,ASK,TRDPRC_1,TRDVOL_1",20.095,20.105,20.1
2024-11-20,MXN=,"OPEN_PRC,HIGH_1,LOW_1,BID,ASK,TRDPRC_1,TRDVOL_1",20.255,20.302,20.2785
2024-11-21,MXN=,"OPEN_PRC,HIGH_1,LOW_1,BID,ASK,TRDPRC_1,TRDVOL_1",20.403,20.44,20.4215
2024-11-22,MXN=,"OPEN_PRC,HIGH_1,LOW_1,BID,ASK,TRDPRC_1,TRDVOL_1",20.401,20.454,20.427500000000002
2024-11-25,MXN=,"OPEN_PRC,HIGH_1,LOW_1,BID,ASK,TRDPRC_1,TRDVOL_1",20.28,20.34,20.310000000000002
2024-11-26,MXN=,"OPEN_PRC,HIGH_1,LOW_1,BID,ASK,TRDPRC_1,TRDVOL_1",20.626,20.692,20.659
2024-11-27,MXN=,"OPEN_PRC,HIGH_1,LOW_1,BID,ASK,TRDPRC_1,TRDVOL_1",20.58,20.61,20.595
2024-11-28,MXN=,"OPEN_PRC,HIGH_1,LOW_1,BID,ASK,TRDPRC_1,TRDVOL_1",20.41,20.45,20.43
2024-11-29,MXN=,"OPEN_PRC,HIGH_1,LOW_1,BID,ASK,TRDPRC_1,TRDVOL_1",20.361,20.389,20.375
2024-12-02,MXN=,"OPEN_PRC,HIGH_1,LOW_1,BID,ASK,TRDPRC_1,TRDVOL_1",20.377,20.422,20.3995
2024-12-03,MXN=,"OPEN_PRC,HIGH_1,LOW_1,BID,ASK,TRDPRC_1,TRDVOL_1",20.3,20.329,20.314500000000002
2024-12-04,MXN=,"OPEN_PRC,HIGH_1,LOW_1,BID,ASK,TRDPRC_1,TRDVOL_1",20.277,20.312,20.2945
2024-12-05,MXN=,"OPEN_PRC,HIGH_1,LOW_1,BID,ASK,TRDPRC_1,TRDVOL_1",20.18,20.209,20.194499999999998
2024-12-06,MXN=,"OPEN_PRC,HIGH_1,LOW_1,BID,ASK,TRDPRC_1,TRDVOL_1",20.187,20.204,20.195500000000003
2024-12-09,MXN=,"OPEN_PRC,HIGH_1,LOW_1,BID,ASK,TRDPRC_1,TRDVOL_1",20.224,20.249,20.2365
2024-12-10,MXN=,"OPEN_PRC,HIGH_1,LOW_1,BID,ASK,TRDPRC_1,TRDVOL_1",20.147,20.2,20.173499999999997
2024-12-11,MXN=,"OPEN_PRC,HIGH_1,LOW_1,BID,ASK,TRDPRC_1,TRDVOL_1",20.11,20.169,20.139499999999998
2024-12-12,MXN=,"OPEN_PRC,HIGH_1,LOW_1,BID,ASK,TRDPRC_1,TRDVOL_1",20.206,20.235,20.2205
2024-12-13,MXN=,"OPEN_PRC,HIGH_1,LOW_1,BID,ASK,TRDPRC_1,TRDVOL_1",20.1216,20.1321,20.12685
2024-12-16,MXN=,"OPEN_PRC,HIGH_1,LOW_1,BID,ASK,TRDPRC_1,TRDVOL_1",20.123,20.15,20.136499999999998
2024-12-17,MXN=,"OPEN_PRC,HIGH_1,LOW_1,BID,ASK,TRDPRC_1,TRDVOL_1",20.167,20.189,20.178
2024-12-18,MXN=,"OPEN_PRC,HIGH_1,LOW_1,BID,ASK,TRDPRC_1,TRDVOL_1",20.35,20.379,20.3645
2024-12-19,MXN=,"OPEN_PRC,HIGH_1,LOW_1,BID,ASK,TRDPRC_1,TRDVOL_1",20.29,20.33,20.31
2024-12-20,MXN=,"OPEN_PRC,HIGH_1,LOW_1,BID,ASK,TRDPRC_1,TRDVOL_1",20.051,20.097,20.073999999999998
2024-12-23,MXN=,"OPEN_PRC,HIGH_1,LOW_1,BID,ASK,TRDPRC_1,TRDVOL_1",20.1679,20.1784,20.17315
2024-12-24,MXN=,"OPEN_PRC,HIGH_1,LOW_1,BID,ASK,TRDPRC_1,TRDVOL_1",20.15,20.18,20.165
2024-12-25,MXN=,"OPEN_PRC,HIGH_1,LOW_1,BID,ASK,TRDPRC_1,TRDVOL_1",20.149,20.18,20.1645
2024-12-26,MXN=,"OPEN_PRC,HIGH_1,LOW_1,BID,ASK,TRDPRC_1,TRDVOL_1",20.236,20.243,20.2395
2024-12-27,MXN=,"OPEN_PRC,HIGH_1,LOW_1,BID,ASK,TRDPRC_1,TRDVOL_1",20.313,20.339,20.326
2024-12-30,MXN=,"OPEN_PRC,HIGH_1,LOW_1,BID,ASK,TRDPRC_1,TRDVOL_1",20.637,20.67,20.6535
2024-12-31,MXN=,"OPEN_PRC,HIGH_1,LOW_1,BID,ASK,TRDPRC_1,TRDVOL_1",20.8197,20.8302,20.82495
2025-01-01,MXN=,"OPEN_PRC,HIGH_1,LOW_1,BID,ASK,TRDPRC_1,TRDVOL_1",20.836,20.846,20.841
2025-01-02,MXN=,"OPEN_PRC,HIGH_1,LOW_1,BID,ASK,TRDPRC_1,TRDVOL_1",20.58,20.62,20.6
2025-01-03,MXN=,"OPEN_PRC,HIGH_1,LOW_1,BID,ASK,TRDPRC_1,TRDVOL_1",20.619,20.64,20.6295
2025-01-06,MXN=,"OPEN_PRC,HIGH_1,LOW_1,BID,ASK,TRDPRC_1,TRDVOL_1",20.3,20.335,20.317500000000003
2025-01-07,MXN=,"OPEN_PRC,HIGH_1,LOW_1,BID,ASK,TRDPRC_1,TRDVOL_1",20.31,20.34,20.325
2025-01-08,MXN=,"OPEN_PRC,HIGH_1,LOW_1,BID,ASK,TRDPRC_1,TRDVOL_1",20.37,20.411,20.390500000000003
2025-01-09,MXN=,"OPEN_PRC,HIGH_1,LOW_1,BID,ASK,TRDPRC_1,TRDVOL_1",20.48,20.525,20.502499999999998
2025-01-10,MXN=,"OPEN_PRC,HIGH_1,LOW_1,BID,ASK,TRDPRC_1,TRDVOL_1",20.703,20.733,20.718
2025-01-13,MXN=,"OPEN_PRC,HIGH_1,LOW_1,BID,ASK,TRDPRC_1,TRDVOL_1",20.65,20.677,20.6635
2025-01-14,MXN=,"OPEN_PRC,HIGH_1,LOW_1,BID,ASK,TRDPRC_1,TRDVOL_1",20.506,20.523,20.514499999999998
2025-01-15,MXN=,"OPEN_PRC,HIGH_1,LOW_1,BID,ASK,TRDPRC_1,TRDVOL_1",20.4499,20.469,20.45945
2025-01-16,MXN=,"OPEN_PRC,HIGH_1,LOW_1,BID,ASK,TRDPRC_1,TRDVOL_1",20.83,20.872,20.851
2025-01-17,MXN=,"OPEN_PRC,HIGH_1,LOW_1,BID,ASK,TRDPRC_1,TRDVOL_1",20.781,20.804,20.792499999999997
2025-01-20,MXN=,"OPEN_PRC,HIGH_1,LOW_1,BID,ASK,TRDPRC_1,TRDVOL_1",20.475,20.527,20.501
2025-01-21,MXN=,"OPEN_PRC,HIGH_1,LOW_1,BID,ASK,TRDPRC_1,TRDVOL_1",20.612,20.645,20.6285
2025-01-22,MXN=,"OPEN_PRC,HIGH_1,LOW_1,BID,ASK,TRDPRC_1,TRDVOL_1",20.486,20.534,20.509999999999998
2025-01-23,MXN=,"OPEN_PRC,HIGH_1,LOW_1,BID,ASK,TRDPRC_1,TRDVOL_1",20.374,20.415,20.3945
2025-01-24,MXN=,"OPEN_PRC,HIGH_1,LOW_1,BID,ASK,TRDPRC_1,TRDVOL_1",20.261,20.289,20.275
2025-01-27,MXN=,"OPEN_PRC,HIGH_1,LOW_1,BID,ASK,TRDPRC_1,TRDVOL_1",20.665,20.6798,20.6724
2025-01-28,MXN=,"OPEN_PRC,HIGH_1,LOW_1,BID,ASK,TRDPRC_1,TRDVOL_1",20.533,20.575,20.554000000000002
2025-01-29,MXN=,"OPEN_PRC,HIGH_1,LOW_1,BID,ASK,TRDPRC_1,TRDVOL_1",20.494,20.54,20.517
2025-01-30,MXN=,"OPEN_PRC,HIGH_1,LOW_1,BID,ASK,TRDPRC_1,TRDVOL_1",20.71,20.763,20.7365
2025-01-31,MXN=,"OPEN_PRC,HIGH_1,LOW_1,BID,ASK,TRDPRC_1,TRDVOL_1",20.678,20.688,20.683
2025-02-03,MXN=,"OPEN_PRC,HIGH_1,LOW_1,BID,ASK,TRDPRC_1,TRDVOL_1",20.33,20.354,20.342
2025-02-04,MXN=,"OPEN_PRC,HIGH_1,LOW_1,BID,ASK,TRDPRC_1,TRDVOL_1",20.49,20.523,20.5065
2025-02-05,MXN=,"OPEN_PRC,HIGH_1,LOW_1,BID,ASK,TRDPRC_1,TRDVOL_1",20.566,20.611,20.5885
2025-02-06,MXN=,"OPEN_PRC,HIGH_1,LOW_1,BID,ASK,TRDPRC_1,TRDVOL_1",20.431,20.482,20.4565
2025-02-07,MXN=,"OPEN_PRC,HIGH_1,LOW_1,BID,ASK,TRDPRC_1,TRDVOL_1",20.5665,20.5765,20.5715
2025-02-10,MXN=,"OPEN_PRC,HIGH_1,LOW_1,BID,ASK,TRDPRC_1,TRDVOL_1",20.586,20.626,20.606
2025-02-11,MXN=,"OPEN_PRC,HIGH_1,LOW_1,BID,ASK,TRDPRC_1,TRDVOL_1",20.54,20.599,20.569499999999998
2025-02-12,MXN=,"OPEN_PRC,HIGH_1,LOW_1,BID,ASK,TRDPRC_1,TRDVOL_1",20.514,20.548,20.531
2025-02-13,MXN=,"OPEN_PRC,HIGH_1,LOW_1,BID,ASK,TRDPRC_1,TRDVOL_1",20.405,20.435,20.42
2025-02-14,MXN=,"OPEN_PRC,HIGH_1,LOW_1,BID,ASK,TRDPRC_1,TRDVOL_1",20.29,20.319,20.304499999999997
2025-02-17,MXN=,"OPEN_PRC,HIGH_1,LOW_1,BID,ASK,TRDPRC_1,TRDVOL_1",20.286,20.303,20.2945
2025-02-18,MXN=,"OPEN_PRC,HIGH_1,LOW_1,BID,ASK,TRDPRC_1,TRDVOL_1",20.24,20.3,20.27
2025-02-19,MXN=,"OPEN_PRC,HIGH_1,LOW_1,BID,ASK,TRDPRC_1,TRDVOL_1",20.432,20.48,20.456
2025-02-20,MXN=,"OPEN_PRC,HIGH_1,LOW_1,BID,ASK,TRDPRC_1,TRDVOL_1",20.295,20.34,20.317500000000003
2025-02-21,MXN=,"OPEN_PRC,HIGH_1,LOW_1,BID,ASK,TRDPRC_1,TRDVOL_1",20.41,20.469,20.439500000000002
2025-02-24,MXN=,"OPEN_PRC,HIGH_1,LOW_1,BID,ASK,TRDPRC_1,TRDVOL_1",20.4703,20.4808,20.47555
2025-02-25,MXN=,"OPEN_PRC,HIGH_1,LOW_1,BID,ASK,TRDPRC_1,TRDVOL_1",20.4634,20.479,20.4712
2025-02-26,MXN=,"OPEN_PRC,HIGH_1,LOW_1,BID,ASK,TRDPRC_1,TRDVOL_1",20.412,20.455,20.4335
2025-02-27,MXN=,"OPEN_PRC,HIGH_1,LOW_1,BID,ASK,TRDPRC_1,TRDVOL_1",20.457,20.5,20.4785
2025-02-28,MXN=,"OPEN_PRC,HIGH_1,LOW_1,BID,ASK,TRDPRC_1,TRDVOL_1",20.531,20.558,20.5445
2025-03-03,MXN=,"OPEN_PRC,HIGH_1,LOW_1,BID,ASK,TRDPRC_1,TRDVOL_1",20.686,20.702,20.694000000000003
2025-03-04,MXN=,"OPEN_PRC,HIGH_1,LOW_1,BID,ASK,TRDPRC_1,TRDVOL_1",20.586,20.649,20.6175
2025-03-05,MXN=,"OPEN_PRC,HIGH_1,LOW_1,BID,ASK,TRDPRC_1,TRDVOL_1",20.411,20.421,20.416
2025-03-06,MXN=,"OPEN_PRC,HIGH_1,LOW_1,BID,ASK,TRDPRC_1,TRDVOL_1",20.278,20.304,20.290999999999997
2025-03-07,MXN=,"OPEN_PRC,HIGH_1,LOW_1,BID,ASK,TRDPRC_1,TRDVOL_1",20.236,20.265,20.250500000000002
2025-03-10,MXN=,"OPEN_PRC,HIGH_1,LOW_1,BID,ASK,TRDPRC_1,TRDVOL_1",20.3532,20.3637,20.35845
2025-03-11,MXN=,"OPEN_PRC,HIGH_1,LOW_1,BID,ASK,TRDPRC_1,TRDVOL_1",20.2606,20.2711,20.26585
2025-03-12,MXN=,"OPEN_PRC,HIGH_1,LOW_1,BID,ASK,TRDPRC_1,TRDVOL_1",20.173,20.2,20.1865
2025-03-13,MXN=,"OPEN_PRC,HIGH_1,LOW_1,BID,ASK,TRDPRC_1,TRDVOL_1",20.0798,20.0903,20.08505
2025-03-14,MXN=,"OPEN_PRC,HIGH_1,LOW_1,BID,ASK,TRDPRC_1,TRDVOL_1",19.913,19.943,19.928
2025-03-17,MXN=,"OPEN_PRC,HIGH_1,LOW_1,BID,ASK,TRDPRC_1,TRDVOL_1",19.927,19.97,19.9485
2025-03-18,MXN=,"OPEN_PRC,HIGH_1,LOW_1,BID,ASK,TRDPRC_1,TRDVOL_1",19.902,19.927,19.9145
2025-03-19,MXN=,"OPEN_PRC,HIGH_1,LOW_1,BID,ASK,TRDPRC_1,TRDVOL_1",20.069,20.093,20.081
2025-03-20,MXN=,"OPEN_PRC,HIGH_1,LOW_1,BID,ASK,TRDPRC_1,TRDVOL_1",20.133,20.168,20.1505
2025-03-21,MXN=,"OPEN_PRC,HIGH_1,LOW_1,BID,ASK,TRDPRC_1,TRDVOL_1",20.223,20.256,20.2395
2025-03-24,MXN=,"OPEN_PRC,HIGH_1,LOW_1,BID,ASK,TRDPRC_1,TRDVOL_1",20.024,20.044,20.034
2025-03-25,MXN=,"OPEN_PRC,HIGH_1,LOW_1,BID,ASK,TRDPRC_1,TRDVOL_1",20.046,20.069,20.057499999999997
2025-03-26,MXN=,"OPEN_PRC,HIGH_1,LOW_1,BID,ASK,TRDPRC_1,TRDVOL_1",20.1003,20.1108,20.10555
2025-03-27,MXN=,"OPEN_PRC,HIGH_1,LOW_1,BID,ASK,TRDPRC_1,TRDVOL_1",20.297,20.31,20.3035
2025-03-28,MXN=,"OPEN_PRC,HIGH_1,LOW_1,BID,ASK,TRDPRC_1,TRDVOL_1",20.346,20.417,20.381500000000003
2025-03-31,MXN=,"OPEN_PRC,HIGH_1,LOW_1,BID,ASK,TRDPRC_1,TRDVOL_1",20.458,20.485,20.4715
2025-04-01,MXN=,"OPEN_PRC,HIGH_1,LOW_1,BID,ASK,TRDPRC_1,TRDVOL_1",20.351,20.364,20.3575
2025-04-02,MXN=,"OPEN_PRC,HIGH_1,LOW_1,BID,ASK,TRDPRC_1,TRDVOL_1",20.202,20.218,20.21
2025-04-03,MXN=,"OPEN_PRC,HIGH_1,LOW_1,BID,ASK,TRDPRC_1,TRDVOL_1",19.92,19.95,19.935000000000002
2025-04-04,MXN=,"OPEN_PRC,HIGH_1,LOW_1,BID,ASK,TRDPRC_1,TRDVOL_1",20.416,20.456,20.436
2025-04-07,MXN=,"OPEN_PRC,HIGH_1,LOW_1,BID,ASK,TRDPRC_1,TRDVOL_1",20.673,20.759,20.716
2025-04-08,MXN=,"OPEN_PRC,HIGH_1,LOW_1,BID,ASK,TRDPRC_1,TRDVOL_1",20.8409,20.8514,20.84615
2025-04-09,MXN=,"OPEN_PRC,HIGH_1,LOW_1,BID,ASK,TRDPRC_1,TRDVOL_1",20.215,20.295,20.255000000000003
2025-04-10,MXN=,"OPEN_PRC,HIGH_1,LOW_1,BID,ASK,TRDPRC_1,TRDVOL_1",20.4433,20.4802,20.461750000000002
2025-04-11,MXN=,"OPEN_PRC,HIGH_1,LOW_1,BID,ASK,TRDPRC_1,TRDVOL_1",20.315,20.354,20.3345
2025-04-14,MXN=,"OPEN_PRC,HIGH_1,LOW_1,BID,ASK,TRDPRC_1,TRDVOL_1",20.072,20.103,20.0875
2025-04-15,MXN=,"OPEN_PRC,HIGH_1,LOW_1,BID,ASK,TRDPRC_1,TRDVOL_1",20.099,20.114,20.1065
2025-04-16,MXN=,"OPEN_PRC,HIGH_1,LOW_1,BID,ASK,TRDPRC_1,TRDVOL_1",19.92,19.941,19.930500000000002
2025-04-17,MXN=,"OPEN_PRC,HIGH_1,LOW_1,BID,ASK,TRDPRC_1,TRDVOL_1",19.677,19.734,19.7055
2025-04-18,MXN=,"OPEN_PRC,HIGH_1,LOW_1,BID,ASK,TRDPRC_1,TRDVOL_1",19.714,19.76,19.737000000000002
2025-04-21,MXN=,"OPEN_PRC,HIGH_1,LOW_1,BID,ASK,TRDPRC_1,TRDVOL_1",19.724,19.753,19.738500000000002
2025-04-22,MXN=,"OPEN_PRC,HIGH_1,LOW_1,BID,ASK,TRDPRC_1,TRDVOL_1",19.603,19.628,19.6155
2025-04-23,MXN=,"OPEN_PRC,HIGH_1,LOW_1,BID,ASK,TRDPRC_1,TRDVOL_1",19.613,19.655,19.634
2025-04-24,MXN=,"OPEN_PRC,HIGH_1,LOW_1,BID,ASK,TRDPRC_1,TRDVOL_1",19.58,19.62,19.6
2025-04-25,MXN=,"OPEN_PRC,HIGH_1,LOW_1,BID,ASK,TRDPRC_1,TRDVOL_1",19.5,19.52,19.509999999999998
2025-04-28,MXN=,"OPEN_PRC,HIGH_1,LOW_1,BID,ASK,TRDPRC_1,TRDVOL_1",19.58,19.602,19.591
2025-04-29,MXN=,"OPEN_PRC,HIGH_1,LOW_1,BID,ASK,TRDPRC_1,TRDVOL_1",19.548,19.563,19.5555
2025-04-30,MXN=,"OPEN_PRC,HIGH_1,LOW_1,BID,ASK,TRDPRC_1,TRDVOL_1",19.601,19.628,19.6145
2025-05-01,MXN=,"OPEN_PRC,HIGH_1,LOW_1,BID,ASK,TRDPRC_1,TRDVOL_1",19.594,19.628,19.611
2025-05-02,MXN=,"OPEN_PRC,HIGH_1,LOW_1,BID,ASK,TRDPRC_1,TRDVOL_1",19.566,19.595,19.5805
2025-05-05,MXN=,"OPEN_PRC,HIGH_1,LOW_1,BID,ASK,TRDPRC_1,TRDVOL_1",19.685,19.702,19.6935
2025-05-06,MXN=,"OPEN_PRC,HIGH_1,LOW_1,BID,ASK,TRDPRC_1,TRDVOL_1",19.663,19.677,19.67
2025-05-07,MXN=,"OPEN_PRC,HIGH_1,LOW_1,BID,ASK,TRDPRC_1,TRDVOL_1",19.571,19.607,19.589
2025-05-08,MXN=,"OPEN_PRC,HIGH_1,LOW_1,BID,ASK,TRDPRC_1,TRDVOL_1",19.535,19.546,19.5405
2025-05-09,MXN=,"OPEN_PRC,HIGH_1,LOW_1,BID,ASK,TRDPRC_1,TRDVOL_1",19.433,19.489,19.461
2025-05-12,MXN=,"OPEN_PRC,HIGH_1,LOW_1,BID,ASK,TRDPRC_1,TRDVOL_1",19.632,19.646,19.639000000000003
2025-05-13,MXN=,"OPEN_PRC,HIGH_1,LOW_1,BID,ASK,TRDPRC_1,TRDVOL_1",19.407,19.43,19.4185
2025-05-14,MXN=,"OPEN_PRC,HIGH_1,LOW_1,BID,ASK,TRDPRC_1,TRDVOL_1",19.381,19.398,19.389499999999998
2025-05-15,MXN=,"OPEN_PRC,HIGH_1,LOW_1,BID,ASK,TRDPRC_1,TRDVOL_1",19.485,19.499,19.491999999999997
2025-05-16,MXN=,"OPEN_PRC,HIGH_1,LOW_1,BID,ASK,TRDPRC_1,TRDVOL_1",19.449,19.496,19.4725
2025-05-19,MXN=,"OPEN_PRC,HIGH_1,LOW_1,BID,ASK,TRDPRC_1,TRDVOL_1",19.306,19.329,19.317500000000003
2025-05-20,MXN=,"OPEN_PRC,HIGH_1,LOW_1,BID,ASK,TRDPRC_1,TRDVOL_1",19.264,19.291,19.2775
2025-05-21,MXN=,"OPEN_PRC,HIGH_1,LOW_1,BID,ASK,TRDPRC_1,TRDVOL_1",19.351,19.386,19.368499999999997
2025-05-22,MXN=,"OPEN_PRC,HIGH_1,LOW_1,BID,ASK,TRDPRC_1,TRDVOL_1",19.307,19.324,19.3155
2025-05-23,MXN=,"OPEN_PRC,HIGH_1,LOW_1,BID,ASK,TRDPRC_1,TRDVOL_1",19.224,19.251,19.2375
2025-05-26,MXN=,"OPEN_PRC,HIGH_1,LOW_1,BID,ASK,TRDPRC_1,TRDVOL_1",19.242,19.26,19.251
2025-05-27,MXN=,"OPEN_PRC,HIGH_1,LOW_1,BID,ASK,TRDPRC_1,TRDVOL_1",19.2598,19.274,19.2669
2025-05-28,MXN=,"OPEN_PRC,HIGH_1,LOW_1,BID,ASK,TRDPRC_1,TRDVOL_1",19.385,19.42,19.402500000000003
2025-05-29,MXN=,"OPEN_PRC,HIGH_1,LOW_1,BID,ASK,TRDPRC_1,TRDVOL_1",19.311,19.336,19.3235
2025-05-30,MXN=,"OPEN_PRC,HIGH_1,LOW_1,BID,ASK,TRDPRC_1,TRDVOL_1",19.411,19.449,19.43
2025-06-02,MXN=,"OPEN_PRC,HIGH_1,LOW_1,BID,ASK,TRDPRC_1,TRDVOL_1",19.215,19.228,19.2215
2025-06-03,MXN=,"OPEN_PRC,HIGH_1,LOW_1,BID,ASK,TRDPRC_1,TRDVOL_1",19.23,19.248,19.239
2025-06-04,MXN=,"OPEN_PRC,HIGH_1,LOW_1,BID,ASK,TRDPRC_1,TRDVOL_1",19.1909,19.2014,19.19615
2025-06-05,MXN=,"OPEN_PRC,HIGH_1,LOW_1,BID,ASK,TRDPRC_1,TRDVOL_1",19.1493,19.17,19.15965
2025-06-06,MXN=,"OPEN_PRC,HIGH_1,LOW_1,BID,ASK,TRDPRC_1,TRDVOL_1",19.098,19.133,19.115499999999997
2025-06-09,MXN=,"OPEN_PRC,HIGH_1,LOW_1,BID,ASK,TRDPRC_1,TRDVOL_1",19.0378,19.0483,19.04305
2025-06-10,MXN=,"OPEN_PRC,HIGH_1,LOW_1,BID,ASK,TRDPRC_1,TRDVOL_1",19.056,19.075,19.0655
2025-06-11,MXN=,"OPEN_PRC,HIGH_1,LOW_1,BID,ASK,TRDPRC_1,TRDVOL_1",18.9059,18.9164,18.91115
2025-06-12,MXN=,"OPEN_PRC,HIGH_1,LOW_1,BID,ASK,TRDPRC_1,TRDVOL_1",18.867,18.896,18.881500000000003
2025-06-13,MXN=,"OPEN_PRC,HIGH_1,LOW_1,BID,ASK,TRDPRC_1,TRDVOL_1",18.947,18.977,18.962
2025-06-16,MXN=,"OPEN_PRC,HIGH_1,LOW_1,BID,ASK,TRDPRC_1,TRDVOL_1",18.917,18.934,18.9255
2025-06-17,MXN=,"OPEN_PRC,HIGH_1,LOW_1,BID,ASK,TRDPRC_1,TRDVOL_1",19.0,19.029,19.014499999999998
2025-06-18,MXN=,"OPEN_PRC,HIGH_1,LOW_1,BID,ASK,TRDPRC_1,TRDVOL_1",18.996,19.023,19.0095
2025-06-19,MXN=,"OPEN_PRC,HIGH_1,LOW_1,BID,ASK,TRDPRC_1,TRDVOL_1",19.026,19.047,19.0365
2025-06-20,MXN=,"OPEN_PRC,HIGH_1,LOW_1,BID,ASK,TRDPRC_1,TRDVOL_1",19.1544,19.1944,19.1744
2025-06-23,MXN=,"OPEN_PRC,HIGH_1,LOW_1,BID,ASK,TRDPRC_1,TRDVOL_1",19.1074,19.1427,19.12505
2025-06-24,MXN=,"OPEN_PRC,HIGH_1,LOW_1,BID,ASK,TRDPRC_1,TRDVOL_1",18.984,19.047,19.015500000000003
2025-06-25,MXN=,"OPEN_PRC,HIGH_1,LOW_1,BID,ASK,TRDPRC_1,TRDVOL_1",18.921,18.935,18.927999999999997
2025-06-26,MXN=,"OPEN_PRC,HIGH_1,LOW_1,BID,ASK,TRDPRC_1,TRDVOL_1",18.883,18.905,18.894
2025-06-27,MXN=,"OPEN_PRC,HIGH_1,LOW_1,BID,ASK,TRDPRC_1,TRDVOL_1",18.813,18.837,18.825
2025-06-30,MXN=,"OPEN_PRC,HIGH_1,LOW_1,BID,ASK,TRDPRC_1,TRDVOL_1",18.739,18.755,18.747
2025-07-01,MXN=,"OPEN_PRC,HIGH_1,LOW_1,BID,ASK,TRDPRC_1,TRDVOL_1",18.723,18.747,18.735
2025-07-02,MXN=,"OPEN_PRC,HIGH_1,LOW_1,BID,ASK,TRDPRC_1,TRDVOL_1",18.797,18.844,18.820500000000003
2025-07-03,MXN=,"OPEN_PRC,HIGH_1,LOW_1,BID,ASK,TRDPRC_1,TRDVOL_1",18.614,18.665,18.639499999999998
2025-07-04,MXN=,"OPEN_PRC,HIGH_1,LOW_1,BID,ASK,TRDPRC_1,TRDVOL_1",18.597,18.66,18.628500000000003
2025-07-07,MXN=,"OPEN_PRC,HIGH_1,LOW_1,BID,ASK,TRDPRC_1,TRDVOL_1",18.659,18.673,18.665999999999997
2025-07-08,MXN=,"OPEN_PRC,HIGH_1,LOW_1,BID,ASK,TRDPRC_1,TRDVOL_1",18.6,18.642,18.621000000000002
2025-07-09,MXN=,"OPEN_PRC,HIGH_1,LOW_1,BID,ASK,TRDPRC_1,TRDVOL_1",18.6279,18.6384,18.63315
2025-07-10,MXN=,"OPEN_PRC,HIGH_1,LOW_1,BID,ASK,TRDPRC_1,TRDVOL_1",18.605,18.651,18.628
2025-07-11,MXN=,"OPEN_PRC,HIGH_1,LOW_1,BID,ASK,TRDPRC_1,TRDVOL_1",18.624,18.657,18.6405
2025-07-14,MXN=,"OPEN_PRC,HIGH_1,LOW_1,BID,ASK,TRDPRC_1,TRDVOL_1",18.739,18.749,18.744
2025-07-15,MXN=,"OPEN_PRC,HIGH_1,LOW_1,BID,ASK,TRDPRC_1,TRDVOL_1",18.82,18.824,18.822000000000003
2025-07-16,MXN=,"OPEN_PRC,HIGH_1,LOW_1,BID,ASK,TRDPRC_1,TRDVOL_1",18.7032,18.7274,18.7153
2025-07-17,MXN=,"OPEN_PRC,HIGH_1,LOW_1,BID,ASK,TRDPRC_1,TRDVOL_1",18.755,18.809,18.782
2025-07-18,MXN=,"OPEN_PRC,HIGH_1,LOW_1,BID,ASK,TRDPRC_1,TRDVOL_1",18.731,18.752,18.741500000000002
2025-07-21,MXN=,"OPEN_PRC,HIGH_1,LOW_1,BID,ASK,TRDPRC_1,TRDVOL_1",18.6656,18.6761,18.67085
2025-07-22,MXN=,"OPEN_PRC,HIGH_1,LOW_1,BID,ASK,TRDPRC_1,TRDVOL_1",18.644,18.657,18.6505
2025-07-23,MXN=,"OPEN_PRC,HIGH_1,LOW_1,BID,ASK,TRDPRC_1,TRDVOL_1",18.537,18.5475,18.54225
2025-07-24,MXN=,"OPEN_PRC,HIGH_1,LOW_1,BID,ASK,TRDPRC_1,TRDVOL_1",18.543,18.56,18.551499999999997
2025-07-25,MXN=,"OPEN_PRC,HIGH_1,LOW_1,BID,ASK,TRDPRC_1,TRDVOL_1",18.521,18.562,18.5415
2025-07-28,MXN=,"OPEN_PRC,HIGH_1,LOW_1,BID,ASK,TRDPRC_1,TRDVOL_1",18.745,18.774,18.759500000000003
2025-07-29,MXN=,"OPEN_PRC,HIGH_1,LOW_1,BID,ASK,TRDPRC_1,TRDVOL_1",18.746,18.77,18.758
2025-07-30,MXN=,"OPEN_PRC,HIGH_1,LOW_1,BID,ASK,TRDPRC_1,TRDVOL_1",18.8706,18.901,18.8858
2025-07-31,MXN=,"OPEN_PRC,HIGH_1,LOW_1,BID,ASK,TRDPRC_1,TRDVOL_1",18.8709,18.885,18.87795
2025-08-01,MXN=,"OPEN_PRC,HIGH_1,LOW_1,BID,ASK,TRDPRC_1,TRDVOL_1",18.8531,18.8636,18.85835
2025-08-04,MXN=,"OPEN_PRC,HIGH_1,LOW_1,BID,ASK,TRDPRC_1,TRDVOL_1",18.8948,18.9053,18.90005
2025-08-05,MXN=,"OPEN_PRC,HIGH_1,LOW_1,BID,ASK,TRDPRC_1,TRDVOL_1",18.7356,18.7461,18.740850000000002
2025-08-06,MXN=,"OPEN_PRC,HIGH_1,LOW_1,BID,ASK,TRDPRC_1,TRDVOL_1",18.606,18.612,18.609
2025-08-07,MXN=,"OPEN_PRC,HIGH_1,LOW_1,BID,ASK,TRDPRC_1,TRDVOL_1",18.605,18.631,18.618000000000002
2025-08-08,MXN=,"OPEN_PRC,HIGH_1,LOW_1,BID,ASK,TRDPRC_1,TRDVOL_1",18.565,18.595,18.58
2025-08-11,MXN=,"OPEN_PRC,HIGH_1,LOW_1,BID,ASK,TRDPRC_1,TRDVOL_1",18.647,18.684,18.6655
2025-08-12,MXN=,"OPEN_PRC,HIGH_1,LOW_1,BID,ASK,TRDPRC_1,TRDVOL_1",18.596,18.605,18.6005
2025-08-13,MXN=,"OPEN_PRC,HIGH_1,LOW_1,BID,ASK,TRDPRC_1,TRDVOL_1",18.6242,18.6347,18.62945
2025-08-14,MXN=,"OPEN_PRC,HIGH_1,LOW_1,BID,ASK,TRDPRC_1,TRDVOL_1",18.788,18.807,18.7975
2025-08-15,MXN=,"OPEN_PRC,HIGH_1,LOW_1,BID,ASK,TRDPRC_1,TRDVOL_1",18.723,18.764,18.743499999999997
2025-08-18,MXN=,"OPEN_PRC,HIGH_1,LOW_1,BID,ASK,TRDPRC_1,TRDVOL_1",18.775,18.791,18.783
2025-08-19,MXN=,"OPEN_PRC,HIGH_1,LOW_1,BID,ASK,TRDPRC_1,TRDVOL_1",18.802,18.853,18.8275
2025-08-20,MXN=,"OPEN_PRC,HIGH_1,LOW_1,BID,ASK,TRDPRC_1,TRDVOL_1",18.7422,18.7968,18.7695
2025-08-21,MXN=,"OPEN_PRC,HIGH_1,LOW_1,BID,ASK,TRDPRC_1,TRDVOL_1",18.735,18.784,18.7595
2025-08-22,MXN=,"OPEN_PRC,HIGH_1,LOW_1,BID,ASK,TRDPRC_1,TRDVOL_1",18.581,18.625,18.603
2025-08-25,MXN=,"OPEN_PRC,HIGH_1,LOW_1,BID,ASK,TRDPRC_1,TRDVOL_1",18.66,18.688,18.674
2025-08-26,MXN=,"OPEN_PRC,HIGH_1,LOW_1,BID,ASK,TRDPRC_1,TRDVOL_1",18.652,18.67,18.661
2025-08-27,MXN=,"OPEN_PRC,HIGH_1,LOW_1,BID,ASK,TRDPRC_1,TRDVOL_1",18.657,18.667,18.662
2025-08-28,MXN=,"OPEN_PRC,HIGH_1,LOW_1,BID,ASK,TRDPRC_1,TRDVOL_1",18.648,18.659,18.6535
2025-08-29,MXN=,"OPEN_PRC,HIGH_1,LOW_1,BID,ASK,TRDPRC_1,TRDVOL_1",18.641,18.67,18.6555
2025-09-01,MXN=,"OPEN_PRC,HIGH_1,LOW_1,BID,ASK,TRDPRC_1,TRDVOL_1",18.6385,18.649,18.64375
2025-09-02,MXN=,"OPEN_PRC,HIGH_1,LOW_1,BID,ASK,TRDPRC_1,TRDVOL_1",18.7,18.743,18.7215
2025-09-03,MXN=,"OPEN_PRC,HIGH_1,LOW_1,BID,ASK,TRDPRC_1,TRDVOL_1",18.681,18.725,18.703000000000003
2025-09-04,MXN=,"OPEN_PRC,HIGH_1,LOW_1,BID,ASK,TRDPRC_1,TRDVOL_1",18.721,18.751,18.736
2025-09-05,MXN=,"OPEN_PRC,HIGH_1,LOW_1,BID,ASK,TRDPRC_1,TRDVOL_1",18.698,18.733,18.7155
2025-09-08,MXN=,"OPEN_PRC,HIGH_1,LOW_1,BID,ASK,TRDPRC_1,TRDVOL_1",18.6548,18.6653,18.66005
2025-09-09,MXN=,"OPEN_PRC,HIGH_1,LOW_1,BID,ASK,TRDPRC_1,TRDVOL_1",18.631,18.638,18.634500000000003
2025-09-10,MXN=,"OPEN_PRC,HIGH_1,LOW_1,BID,ASK,TRDPRC_1,TRDVOL_1",18.591,18.603,18.597
2025-09-11,MXN=,"OPEN_PRC,HIGH_1,LOW_1,BID,ASK,TRDPRC_1,TRDVOL_1",18.44,18.48,18.46
2025-09-12,MXN=,"OPEN_PRC,HIGH_1,LOW_1,BID,ASK,TRDPRC_1,TRDVOL_1",18.406,18.449,18.427500000000002
2025-09-15,MXN=,"OPEN_PRC,HIGH_1,LOW_1,BID,ASK,TRDPRC_1,TRDVOL_1",18.356,18.376,18.366
2025-09-16,MXN=,"OPEN_PRC,HIGH_1,LOW_1,BID,ASK,TRDPRC_1,TRDVOL_1",18.28,18.297,18.2885
2025-09-17,MXN=,"OPEN_PRC,HIGH_1,LOW_1,BID,ASK,TRDPRC_1,TRDVOL_1",18.2993,18.3284,18.31385
2025-09-18,MXN=,"OPEN_PRC,HIGH_1,LOW_1,BID,ASK,TRDPRC_1,TRDVOL_1",18.3526,18.367,18.3598
2025-09-19,MXN=,"OPEN_PRC,HIGH_1,LOW_1,BID,ASK,TRDPRC_1,TRDVOL_1",18.3897,18.4196,18.40465
2025-09-22,MXN=,"OPEN_PRC,HIGH_1,LOW_1,BID,ASK,TRDPRC_1,TRDVOL_1",18.3506,18.3611,18.35585
2025-09-23,MXN=,"OPEN_PRC,HIGH_1,LOW_1,BID,ASK,TRDPRC_1,TRDVOL_1",18.355,18.364,18.3595
2025-09-24,MXN=,"OPEN_PRC,HIGH_1,LOW_1,BID,ASK,TRDPRC_1,TRDVOL_1",18.407,18.457,18.432000000000002
2025-09-25,MXN=,"OPEN_PRC,HIGH_1,LOW_1,BID,ASK,TRDPRC_1,TRDVOL_1",18.4672,18.4777,18.47245
2025-09-26,MXN=,"OPEN_PRC,HIGH_1,LOW_1,BID,ASK,TRDPRC_1,TRDVOL_1",18.343,18.397,18.369999999999997
2025-09-29,MXN=,"OPEN_PRC,HIGH_1,LOW_1,BID,ASK,TRDPRC_1,TRDVOL_1",18.3623,18.3728,18.36755
2025-09-30,MXN=,"OPEN_PRC,HIGH_1,LOW_1,BID,ASK,TRDPRC_1,TRDVOL_1",18.3074,18.3179,18.31265
2025-10-01,MXN=,"OPEN_PRC,HIGH_1,LOW_1,BID,ASK,TRDPRC_1,TRDVOL_1",18.3698,18.3838,18.376800000000003
2025-10-02,MXN=,"OPEN_PRC,HIGH_1,LOW_1,BID,ASK,TRDPRC_1,TRDVOL_1",18.421,18.436,18.4285
2025-10-03,MXN=,"OPEN_PRC,HIGH_1,LOW_1,BID,ASK,TRDPRC_1,TRDVOL_1",18.381,18.416,18.3985
2025-10-06,MXN=,"OPEN_PRC,HIGH_1,LOW_1,BID,ASK,TRDPRC_1,TRDVOL_1",18.3338,18.3443,18.33905
2025-10-07,MXN=,"OPEN_PRC,HIGH_1,LOW_1,BID,ASK,TRDPRC_1,TRDVOL_1",18.392,18.407,18.3995
2025-10-08,MXN=,"OPEN_PRC,HIGH_1,LOW_1,BID,ASK,TRDPRC_1,TRDVOL_1",18.33,18.3431,18.33655
2025-10-09,MXN=,"OPEN_PRC,HIGH_1,LOW_1,BID,ASK,TRDPRC_1,TRDVOL_1",18.387,18.401,18.394
2025-10-10,MXN=,"OPEN_PRC,HIGH_1,LOW_1,BID,ASK,TRDPRC_1,TRDVOL_1",18.577,18.613,18.595
2025-10-13,MXN=,"OPEN_PRC,HIGH_1,LOW_1,BID,ASK,TRDPRC_1,TRDVOL_1",18.4651,18.4756,18.47035
2025-10-14,MXN=,"OPEN_PRC,HIGH_1,LOW_1,BID,ASK,TRDPRC_1,TRDVOL_1",18.493,18.535,18.514
2025-10-15,MXN=,"OPEN_PRC,HIGH_1,LOW_1,BID,ASK,TRDPRC_1,TRDVOL_1",18.436,18.479,18.4575
2025-10-16,MXN=,"OPEN_PRC,HIGH_1,LOW_1,BID,ASK,TRDPRC_1,TRDVOL_1",18.436,18.447,18.441499999999998
2025-10-17,MXN=,"OPEN_PRC,HIGH_1,LOW_1,BID,ASK,TRDPRC_1,TRDVOL_1",18.357,18.384,18.3705
2025-10-20,MXN=,"OPEN_PRC,HIGH_1,LOW_1,BID,ASK,TRDPRC_1,TRDVOL_1",18.38,18.393,18.386499999999998
2025-10-21,MXN=,"OPEN_PRC,HIGH_1,LOW_1,BID,ASK,TRDPRC_1,TRDVOL_1",18.4308,18.4413,18.43605
2025-10-22,MXN=,"OPEN_PRC,HIGH_1,LOW_1,BID,ASK,TRDPRC_1,TRDVOL_1",18.413,18.441,18.427
2025-10-23,MXN=,"OPEN_PRC,HIGH_1,LOW_1,BID,ASK,TRDPRC_1,TRDVOL_1",18.3943,18.4048,18.39955
2025-10-24,MXN=,"OPEN_PRC,HIGH_1,LOW_1,BID,ASK,TRDPRC_1,TRDVOL_1",18.4418,18.465,18.453400000000002
2025-10-27,MXN=,"OPEN_PRC,HIGH_1,LOW_1,BID,ASK,TRDPRC_1,TRDVOL_1",18.39,18.42,18.405
2025-10-28,MXN=,"OPEN_PRC,HIGH_1,LOW_1,BID,ASK,TRDPRC_1,TRDVOL_1",18.408,18.45,18.429000000000002
2025-10-29,MXN=,"OPEN_PRC,HIGH_1,LOW_1,BID,ASK,TRDPRC_1,TRDVOL_1",18.482,18.495,18.488500000000002
2025-10-30,MXN=,"OPEN_PRC,HIGH_1,LOW_1,BID,ASK,TRDPRC_1,TRDVOL_1",18.522,18.538,18.53
2025-10-31,MXN=,"OPEN_PRC,HIGH_1,LOW_1,BID,ASK,TRDPRC_1,TRDVOL_1",18.542,18.582,18.562
2025-11-03,MXN=,"OPEN_PRC,HIGH_1,LOW_1,BID,ASK,TRDPRC_1,TRDVOL_1",18.492,18.5,18.496000000000002
2025-11-04,MXN=,"OPEN_PRC,HIGH_1,LOW_1,BID,ASK,TRDPRC_1,TRDVOL_1",18.665,18.693,18.679000000000002
2025-11-05,MXN=,"OPEN_PRC,HIGH_1,LOW_1,BID,ASK,TRDPRC_1,TRDVOL_1",18.5761,18.6212,18.59865
2025-11-06,MXN=,"OPEN_PRC,HIGH_1,LOW_1,BID,ASK,TRDPRC_1,TRDVOL_1",18.5766,18.5871,18.58185
2025-11-07,MXN=,"OPEN_PRC,HIGH_1,LOW_1,BID,ASK,TRDPRC_1,TRDVOL_1",18.44,18.478,18.459000000000003
2025-11-10,MXN=,"OPEN_PRC,HIGH_1,LOW_1,BID,ASK,TRDPRC_1,TRDVOL_1",18.3752,18.3857,18.38045
2025-11-11,MXN=,"OPEN_PRC,HIGH_1,LOW_1,BID,ASK,TRDPRC_1,TRDVOL_1",18.321,18.326,18.323500000000003
2025-11-12,MXN=,"OPEN_PRC,HIGH_1,LOW_1,BID,ASK,TRDPRC_1,TRDVOL_1",18.2847,18.298,18.29135
2025-11-13,MXN=,"OPEN_PRC,HIGH_1,LOW_1,BID,ASK,TRDPRC_1,TRDVOL_1",18.304,18.3221,18.313049999999997
2025-11-14,MXN=,"OPEN_PRC,HIGH_1,LOW_1,BID,ASK,TRDPRC_1,TRDVOL_1",18.2975,18.308,18.30275
2025-11-17,MXN=,"OPEN_PRC,HIGH_1,LOW_1,BID,ASK,TRDPRC_1,TRDVOL_1",18.4192,18.4297,18.42445
2025-11-18,MXN=,"OPEN_PRC,HIGH_1,LOW_1,BID,ASK,TRDPRC_1,TRDVOL_1",18.3405,18.351,18.34575
2025-11-19,MXN=,"OPEN_PRC,HIGH_1,LOW_1,BID,ASK,TRDPRC_1,TRDVOL_1",18.3343,18.3448,18.33955
2025-11-20,MXN=,"OPEN_PRC,HIGH_1,LOW_1,BID,ASK,TRDPRC_1,TRDVOL_1",18.3791,18.3896,18.38435
2025-11-21,MXN=,"OPEN_PRC,HIGH_1,LOW_1,BID,ASK,TRDPRC_1,TRDVOL_1",18.45,18.49,18.47
2025-11-24,MXN=,"OPEN_PRC,HIGH_1,LOW_1,BID,ASK,TRDPRC_1,TRDVOL_1",18.4861,18.511,18.49855
2025-11-25,MXN=,"OPEN_PRC,HIGH_1,LOW_1,BID,ASK,TRDPRC_1,TRDVOL_1",18.389,18.393,18.391
2025-11-26,MXN=,"OPEN_PRC,HIGH_1,LOW_1,BID,ASK,TRDPRC_1,TRDVOL_1",18.344,18.3588,18.351399999999998
2025-11-27,MXN=,"OPEN_PRC,HIGH_1,LOW_1,BID,ASK,TRDPRC_1,TRDVOL_1",18.3483,18.3588,18.35355
2025-11-28,MXN=,"OPEN_PRC,HIGH_1,LOW_1,BID,ASK,TRDPRC_1,TRDVOL_1",18.29,18.31,18.299999999999997
2025-12-01,MXN=,"OPEN_PRC,HIGH_1,LOW_1,BID,ASK,TRDPRC_1,TRDVOL_1",18.3003,18.3108,18.30555
2025-12-02,MXN=,"OPEN_PRC,HIGH_1,LOW_1,BID,ASK,TRDPRC_1,TRDVOL_1",18.275,18.295,18.285
2025-12-03,MXN=,"OPEN_PRC,HIGH_1,LOW_1,BID,ASK,TRDPRC_1,TRDVOL_1",18.2811,18.293,18.28705
2025-12-04,MXN=,"OPEN_PRC,HIGH_1,LOW_1,BID,ASK,TRDPRC_1,TRDVOL_1",18.225,18.25,18.2375
2025-12-05,MXN=,"OPEN_PRC,HIGH_1,LOW_1,BID,ASK,TRDPRC_1,TRDVOL_1",18.158,18.19,18.174
2025-12-08,MXN=,"OPEN_PRC,HIGH_1,LOW_1,BID,ASK,TRDPRC_1,TRDVOL_1",18.2579,18.2684,18.26315
2025-12-09,MXN=,"OPEN_PRC,HIGH_1,LOW_1,BID,ASK,TRDPRC_1,TRDVOL_1",18.18,18.202,18.191000000000003
2025-12-10,MXN=,"OPEN_PRC,HIGH_1,LOW_1,BID,ASK,TRDPRC_1,TRDVOL_1",18.1562,18.1794,18.1678
2025-12-11,MXN=,"OPEN_PRC,HIGH_1,LOW_1,BID,ASK,TRDPRC_1,TRDVOL_1",18.049,18.0616,18.0553
2025-12-12,MXN=,"OPEN_PRC,HIGH_1,LOW_1,BID,ASK,TRDPRC_1,TRDVOL_1",18.005,18.026,18.0155
2025-12-15,MXN=,"OPEN_PRC,HIGH_1,LOW_1,BID,ASK,TRDPRC_1,TRDVOL_1",17.9826,17.9931,17.98785
2025-12-16,MXN=,"OPEN_PRC,HIGH_1,LOW_1,BID,ASK,TRDPRC_1,TRDVOL_1",17.954,17.984,17.969
2025-12-17,MXN=,"OPEN_PRC,HIGH_1,LOW_1,BID,ASK,TRDPRC_1,TRDVOL_1",18.0016,18.015,18.0083
2025-12-18,MXN=,"OPEN_PRC,HIGH_1,LOW_1,BID,ASK,TRDPRC_1,TRDVOL_1",17.994,18.015,18.0045
2025-12-19,MXN=,"OPEN_PRC,HIGH_1,LOW_1,BID,ASK,TRDPRC_1,TRDVOL_1",18.019,18.045,18.032
2025-12-22,MXN=,"OPEN_PRC,HIGH_1,LOW_1,BID,ASK,TRDPRC_1,TRDVOL_1",17.9788,17.9893,17.98405
2025-12-23,MXN=,"OPEN_PRC,HIGH_1,LOW_1,BID,ASK,TRDPRC_1,TRDVOL_1",17.895,17.91,17.9025
2025-12-24,MXN=,"OPEN_PRC,HIGH_1,LOW_1,BID,ASK,TRDPRC_1,TRDVOL_1",17.9414,17.9519,17.946649999999998
2025-12-25,MXN=,"OPEN_PRC,HIGH_1,LOW_1,BID,ASK,TRDPRC_1,TRDVOL_1",17.909,17.955,17.932
2025-12-26,MXN=,"OPEN_PRC,HIGH_1,LOW_1,BID,ASK,TRDPRC_1,TRDVOL_1",17.895,17.928,17.9115
2025-12-29,MXN=,"OPEN_PRC,HIGH_1,LOW_1,BID,ASK,TRDPRC_1,TRDVOL_1",17.96,17.988,17.974
2025-12-30,MXN=,"OPEN_PRC,HIGH_1,LOW_1,BID,ASK,TRDPRC_1,TRDVOL_1",17.978,18.003,17.9905
2025-12-31,MXN=,"OPEN_PRC,HIGH_1,LOW_1,BID,ASK,TRDPRC_1,TRDVOL_1",18.0045,18.015,18.00975
2026-01-01,MXN=,"OPEN_PRC,HIGH_1,LOW_1,BID,ASK,TRDPRC_1,TRDVOL_1",17.9815,17.9915,17.9865
2026-01-02,MXN=,"OPEN_PRC,HIGH_1,LOW_1,BID,ASK,TRDPRC_1,TRDVOL_1",17.894,17.917,17.9055
2026-01-05,MXN=,"OPEN_PRC,HIGH_1,LOW_1,BID,ASK,TRDPRC_1,TRDVOL_1",17.9034,17.9387,17.92105
2026-01-06,MXN=,"OPEN_PRC,HIGH_1,LOW_1,BID,ASK,TRDPRC_1,TRDVOL_1",17.987,18.0034,17.995199999999997
2026-01-07,MXN=,"OPEN_PRC,HIGH_1,LOW_1,BID,ASK,TRDPRC_1,TRDVOL_1",17.966,17.993,17.9795
2026-01-08,MXN=,"OPEN_PRC,HIGH_1,LOW_1,BID,ASK,TRDPRC_1,TRDVOL_1",17.96,17.976,17.968
2026-01-09,MXN=,"OPEN_PRC,HIGH_1,LOW_1,BID,ASK,TRDPRC_1,TRDVOL_1",17.958,17.998,17.978
2026-01-12,MXN=,"OPEN_PRC,HIGH_1,LOW_1,BID,ASK,TRDPRC_1,TRDVOL_1",17.93,17.937,17.933500000000002
2026-01-13,MXN=,"OPEN_PRC,HIGH_1,LOW_1,BID,ASK,TRDPRC_1,TRDVOL_1",17.8241,17.8346,17.829349999999998
2026-01-14,MXN=,"OPEN_PRC,HIGH_1,LOW_1,BID,ASK,TRDPRC_1,TRDVOL_1",17.7848,17.7953,17.79005
2026-01-15,MXN=,"OPEN_PRC,HIGH_1,LOW_1,BID,ASK,TRDPRC_1,TRDVOL_1",17.6435,17.6697,17.656599999999997
2026-01-16,MXN=,"OPEN_PRC,HIGH_1,LOW_1,BID,ASK,TRDPRC_1,TRDVOL_1",17.612,17.65,17.631
2026-01-19,MXN=,"OPEN_PRC,HIGH_1,LOW_1,BID,ASK,TRDPRC_1,TRDVOL_1",17.5692,17.5797,17.57445
2026-01-20,MXN=,"OPEN_PRC,HIGH_1,LOW_1,BID,ASK,TRDPRC_1,TRDVOL_1",17.582,17.621,17.6015
2026-01-21,MXN=,"OPEN_PRC,HIGH_1,LOW_1,BID,ASK,TRDPRC_1,TRDVOL_1",17.468,17.512,17.490000000000002
2026-01-22,MXN=,"OPEN_PRC,HIGH_1,LOW_1,BID,ASK,TRDPRC_1,TRDVOL_1",17.473,17.479,17.476
2026-01-23,MXN=,"OPEN_PRC,HIGH_1,LOW_1,BID,ASK,TRDPRC_1,TRDVOL_1",17.3559,17.3664,17.36115
2026-01-26,MXN=,"OPEN_PRC,HIGH_1,LOW_1,BID,ASK,TRDPRC_1,TRDVOL_1",17.336,17.366,17.351
2026-01-27,MXN=,"OPEN_PRC,HIGH_1,LOW_1,BID,ASK,TRDPRC_1,TRDVOL_1",17.129,17.138,17.1335
2026-01-28,MXN=,"OPEN_PRC,HIGH_1,LOW_1,BID,ASK,TRDPRC_1,TRDVOL_1",17.186,17.23,17.208
2026-01-29,MXN=,"OPEN_PRC,HIGH_1,LOW_1,BID,ASK,TRDPRC_1,TRDVOL_1",17.216,17.231,17.2235
2026-01-30,MXN=,"OPEN_PRC,HIGH_1,LOW_1,BID,ASK,TRDPRC_1,TRDVOL_1",17.45,17.48,17.465
2026-02-02,MXN=,"OPEN_PRC,HIGH_1,LOW_1,BID,ASK,TRDPRC_1,TRDVOL_1",17.393,17.412,17.4025
2026-02-03,MXN=,"OPEN_PRC,HIGH_1,LOW_1,BID,ASK,TRDPRC_1,TRDVOL_1",17.229,17.239,17.234
2026-02-04,MXN=,"OPEN_PRC,HIGH_1,LOW_1,BID,ASK,TRDPRC_1,TRDVOL_1",17.335,17.3455,17.34025
2026-02-05,MXN=,"OPEN_PRC,HIGH_1,LOW_1,BID,ASK,TRDPRC_1,TRDVOL_1",17.5015,17.512,17.50675
2026-02-06,MXN=,"OPEN_PRC,HIGH_1,LOW_1,BID,ASK,TRDPRC_1,TRDVOL_1",17.25,17.2755,17.26275
2026-02-09,MXN=,"OPEN_PRC,HIGH_1,LOW_1,BID,ASK,TRDPRC_1,TRDVOL_1",17.18,17.202,17.191000000000003
2026-02-10,MXN=,"OPEN_PRC,HIGH_1,LOW_1,BID,ASK,TRDPRC_1,TRDVOL_1",17.1897,17.2002,17.19495
2026-02-11,MXN=,"OPEN_PRC,HIGH_1,LOW_1,BID,ASK,TRDPRC_1,TRDVOL_1",17.1755,17.186,17.18075
2026-02-12,MXN=,"OPEN_PRC,HIGH_1,LOW_1,BID,ASK,TRDPRC_1,TRDVOL_1",17.2209,17.2314,17.22615
2026-02-13,MXN=,"OPEN_PRC,HIGH_1,LOW_1,BID,ASK,TRDPRC_1,TRDVOL_1",17.155,17.172,17.1635
2026-02-16,MXN=,"OPEN_PRC,HIGH_1,LOW_1,BID,ASK,TRDPRC_1,TRDVOL_1",17.1618,17.1723,17.16705
2026-02-17,MXN=,"OPEN_PRC,HIGH_1,LOW_1,BID,ASK,TRDPRC_1,TRDVOL_1",17.1231,17.1336,17.12835
2026-02-18,MXN=,"OPEN_PRC,HIGH_1,LOW_1,BID,ASK,TRDPRC_1,TRDVOL_1",17.2017,17.2122,17.20695
2026-02-19,MXN=,"OPEN_PRC,HIGH_1,LOW_1,BID,ASK,TRDPRC_1,TRDVOL_1",17.2478,17.2583,17.25305
2026-02-20,MXN=,"OPEN_PRC,HIGH_1,LOW_1,BID,ASK,TRDPRC_1,TRDVOL_1",17.117,17.163,17.14
2026-02-23,MXN=,"OPEN_PRC,HIGH_1,LOW_1,BID,ASK,TRDPRC_1,TRDVOL_1",17.262,17.2743,17.26815
2026-02-24,MXN=,"OPEN_PRC,HIGH_1,LOW_1,BID,ASK,TRDPRC_1,TRDVOL_1",17.165,17.19,17.177500000000002
2026-02-25,MXN=,"OPEN_PRC,HIGH_1,LOW_1,BID,ASK,TRDPRC_1,TRDVOL_1",17.1595,17.17,17.16475
2026-02-26,MXN=,"OPEN_PRC,HIGH_1,LOW_1,BID,ASK,TRDPRC_1,TRDVOL_1",17.19,17.23,17.21
2026-02-27,MXN=,"OPEN_PRC,HIGH_1,LOW_1,BID,ASK,TRDPRC_1,TRDVOL_1",17.21,17.249,17.2295
2026-03-02,MXN=,"OPEN_PRC,HIGH_1,LOW_1,BID,ASK,TRDPRC_1,TRDVOL_1",17.298,17.326,17.311999999999998
2026-03-03,MXN=,"OPEN_PRC,HIGH_1,LOW_1,BID,ASK,TRDPRC_1,TRDVOL_1",17.703,17.709,17.706
2026-03-04,MXN=,"OPEN_PRC,HIGH_1,LOW_1,BID,ASK,TRDPRC_1,TRDVOL_1",17.555,17.598,17.5765
2026-03-05,MXN=,"OPEN_PRC,HIGH_1,LOW_1,BID,ASK,TRDPRC_1,TRDVOL_1",17.726,17.73,17.728
2026-03-06,MXN=,"OPEN_PRC,HIGH_1,LOW_1,BID,ASK,TRDPRC_1,TRDVOL_1",17.775,17.829,17.802
2026-03-09,MXN=,"OPEN_PRC,HIGH_1,LOW_1,BID,ASK,TRDPRC_1,TRDVOL_1",17.598,17.627,17.612499999999997
2026-03-10,MXN=,"OPEN_PRC,HIGH_1,LOW_1,BID,ASK,TRDPRC_1,TRDVOL_1",17.5935,17.604,17.59875
2026-03-11,MXN=,"OPEN_PRC,HIGH_1,LOW_1,BID,ASK,TRDPRC_1,TRDVOL_1",17.664,17.693,17.6785
2026-03-12,MXN=,"OPEN_PRC,HIGH_1,LOW_1,BID,ASK,TRDPRC_1,TRDVOL_1",17.851,17.872,17.8615
2026-03-13,MXN=,"OPEN_PRC,HIGH_1,LOW_1,BID,ASK,TRDPRC_1,TRDVOL_1",17.941,17.966,17.9535
2026-03-16,MXN=,"OPEN_PRC,HIGH_1,LOW_1,BID,ASK,TRDPRC_1,TRDVOL_1",17.673,17.7,17.6865
2026-03-17,MXN=,"OPEN_PRC,HIGH_1,LOW_1,BID,ASK,TRDPRC_1,TRDVOL_1",17.654,17.666,17.66
2026-03-18,MXN=,"OPEN_PRC,HIGH_1,LOW_1,BID,ASK,TRDPRC_1,TRDVOL_1",17.853,17.868,17.860500000000002
2026-03-19,MXN=,"OPEN_PRC,HIGH_1,LOW_1,BID,ASK,TRDPRC_1,TRDVOL_1",17.7321,17.7426,17.73735
2026-03-20,MXN=,"OPEN_PRC,HIGH_1,LOW_1,BID,ASK,TRDPRC_1,TRDVOL_1",17.901,17.921,17.911
2026-03-23,MXN=,"OPEN_PRC,HIGH_1,LOW_1,BID,ASK,TRDPRC_1,TRDVOL_1",17.782,17.803,17.7925
2026-03-24,MXN=,"OPEN_PRC,HIGH_1,LOW_1,BID,ASK,TRDPRC_1,TRDVOL_1",17.7403,17.7508,17.74555
2026-03-25,MXN=,"OPEN_PRC,HIGH_1,LOW_1,BID,ASK,TRDPRC_1,TRDVOL_1",17.7636,17.7741,17.76885
2026-03-26,MXN=,"OPEN_PRC,HIGH_1,LOW_1,BID,ASK,TRDPRC_1,TRDVOL_1",17.945,17.954,17.9495
2026-03-27,MXN=,"OPEN_PRC,HIGH_1,LOW_1,BID,ASK,TRDPRC_1,TRDVOL_1",18.102,18.149,18.125500000000002
2026-03-30,MXN=,"OPEN_PRC,HIGH_1,LOW_1,BID,ASK,TRDPRC_1,TRDVOL_1",18.1112,18.1217,18.11645
2026-03-31,MXN=,"OPEN_PRC,HIGH_1,LOW_1,BID,ASK,TRDPRC_1,TRDVOL_1",17.925,17.953,17.939
2026-04-01,MXN=,"OPEN_PRC,HIGH_1,LOW_1,BID,ASK,TRDPRC_1,TRDVOL_1",17.815,17.83,17.822499999999998
2026-04-02,MXN=,"OPEN_PRC,HIGH_1,LOW_1,BID,ASK,TRDPRC_1,TRDVOL_1",17.8616,17.874,17.8678
2026-04-03,MXN=,"OPEN_PRC,HIGH_1,LOW_1,BID,ASK,TRDPRC_1,TRDVOL_1",17.861,17.897,17.878999999999998
2026-04-06,MXN=,"OPEN_PRC,HIGH_1,LOW_1,BID,ASK,TRDPRC_1,TRDVOL_1",17.75,17.783,17.7665
2026-04-07,MXN=,"OPEN_PRC,HIGH_1,LOW_1,BID,ASK,TRDPRC_1,TRDVOL_1",17.706,17.711,17.7085
2026-04-08,MXN=,"OPEN_PRC,HIGH_1,LOW_1,BID,ASK,TRDPRC_1,TRDVOL_1",17.44,17.465,17.4525
2026-04-09,MXN=,"OPEN_PRC,HIGH_1,LOW_1,BID,ASK,TRDPRC_1,TRDVOL_1",17.3601,17.3706,17.36535
2026-04-10,MXN=,"OPEN_PRC,HIGH_1,LOW_1,BID,ASK,TRDPRC_1,TRDVOL_1",17.29,17.315,17.302500000000002
2026-04-13,MXN=,"OPEN_PRC,HIGH_1,LOW_1,BID,ASK,TRDPRC_1,TRDVOL_1",17.301,17.32,17.310499999999998
2026-04-14,MXN=,"OPEN_PRC,HIGH_1,LOW_1,BID,ASK,TRDPRC_1,TRDVOL_1",17.2596,17.272,17.2658
2026-04-15,MXN=,"OPEN_PRC,HIGH_1,LOW_1,BID,ASK,TRDPRC_1,TRDVOL_1",17.2487,17.2592,17.25395
2026-04-16,MXN=,"OPEN_PRC,HIGH_1,LOW_1,BID,ASK,TRDPRC_1,TRDVOL_1",17.245,17.281,17.262999999999998
2026-04-17,MXN=,"OPEN_PRC,HIGH_1,LOW_1,BID,ASK,TRDPRC_1,TRDVOL_1",17.294,17.321,17.3075
2026-04-20,MXN=,"OPEN_PRC,HIGH_1,LOW_1,BID,ASK,TRDPRC_1,TRDVOL_1",17.2879,17.2984,17.29315
2026-04-21,MXN=,"OPEN_PRC,HIGH_1,LOW_1,BID,ASK,TRDPRC_1,TRDVOL_1",17.321,17.326,17.323500000000003
2026-04-22,MXN=,"OPEN_PRC,HIGH_1,LOW_1,BID,ASK,TRDPRC_1,TRDVOL_1",17.3297,17.3402,17.33495
2026-04-23,MXN=,"OPEN_PRC,HIGH_1,LOW_1,BID,ASK,TRDPRC_1,TRDVOL_1",17.407,17.44,17.4235
2026-04-24,MXN=,"OPEN_PRC,HIGH_1,LOW_1,BID,ASK,TRDPRC_1,TRDVOL_1",17.377,17.395,17.386
2026-04-27,MXN=,"OPEN_PRC,HIGH_1,LOW_1,BID,ASK,TRDPRC_1,TRDVOL_1",17.3763,17.3868,17.38155
2026-04-28,MXN=,"OPEN_PRC,HIGH_1,LOW_1,BID,ASK,TRDPRC_1,TRDVOL_1",17.376,17.396,17.386000000000003
2026-04-29,MXN=,"OPEN_PRC,HIGH_1,LOW_1,BID,ASK,TRDPRC_1,TRDVOL_1",17.525,17.5413,17.53315
2026-04-30,MXN=,"OPEN_PRC,HIGH_1,LOW_1,BID,ASK,TRDPRC_1,TRDVOL_1",17.4625,17.473,17.46775
2026-05-01,MXN=,"OPEN_PRC,HIGH_1,LOW_1,BID,ASK,TRDPRC_1,TRDVOL_1",17.447,17.469,17.458
2026-05-04,MXN=,"OPEN_PRC,HIGH_1,LOW_1,BID,ASK,TRDPRC_1,TRDVOL_1",17.5041,17.5146,17.50935
2026-05-05,MXN=,"OPEN_PRC,HIGH_1,LOW_1,BID,ASK,TRDPRC_1,TRDVOL_1",17.371,17.38,17.3755
2026-05-06,MXN=,"OPEN_PRC,HIGH_1,LOW_1,BID,ASK,TRDPRC_1,TRDVOL_1",17.261,17.263,17.262
2026-05-07,MXN=,"OPEN_PRC,HIGH_1,LOW_1,BID,ASK,TRDPRC_1,TRDVOL_1",17.301,17.322,17.3115
2026-05-08,MXN=,"OPEN_PRC,HIGH_1,LOW_1,BID,ASK,TRDPRC_1,TRDVOL_1",17.161,17.204,17.1825
2026-05-11,MXN=,"OPEN_PRC,HIGH_1,LOW_1,BID,ASK,TRDPRC_1,TRDVOL_1",17.181,17.214,17.197499999999998
2026-05-12,MXN=,"OPEN_PRC,HIGH_1,LOW_1,BID,ASK,TRDPRC_1,TRDVOL_1",17.217,17.2307,17.22385
2026-05-13,MXN=,"OPEN_PRC,HIGH_1,LOW_1,BID,ASK,TRDPRC_1,TRDVOL_1",17.168,17.187,17.177500000000002
2026-05-14,MXN=,"OPEN_PRC,HIGH_1,LOW_1,BID,ASK,TRDPRC_1,TRDVOL_1",17.216,17.227,17.2215
2026-05-15,MXN=,"OPEN_PRC,HIGH_1,LOW_1,BID,ASK,TRDPRC_1,TRDVOL_1",17.33,17.35,17.34
2026-05-18,MXN=,"OPEN_PRC,HIGH_1,LOW_1,BID,ASK,TRDPRC_1,TRDVOL_1",17.2696,17.301,17.2853
2026-05-19,MXN=,"OPEN_PRC,HIGH_1,LOW_1,BID,ASK,TRDPRC_1,TRDVOL_1",17.4043,17.4148,17.40955
2026-05-20,MXN=,"OPEN_PRC,HIGH_1,LOW_1,BID,ASK,TRDPRC_1,TRDVOL_1",17.308,17.322,17.314999999999998
2026-05-21,MXN=,"OPEN_PRC,HIGH_1,LOW_1,BID,ASK,TRDPRC_1,TRDVOL_1",17.299,17.3111,17.30505
2026-05-22,MXN=,"OPEN_PRC,HIGH_1,LOW_1,BID,ASK,TRDPRC_1,TRDVOL_1",17.3,17.36,17.33
2026-05-25,MXN=,"OPEN_PRC,HIGH_1,LOW_1,BID,ASK,TRDPRC_1,TRDVOL_1",17.2727,17.2832,17.27795
2026-05-26,MXN=,"OPEN_PRC,HIGH_1,LOW_1,BID,ASK,TRDPRC_1,TRDVOL_1",17.303,17.3135,17.30825
2026-05-27,MXN=,"OPEN_PRC,HIGH_1,LOW_1,BID,ASK,TRDPRC_1,TRDVOL_1",17.3548,17.369,17.3619
